,costs,emissions
0,36732.32,1746142.96
1,4095.8700000000003,2314186.4200000004
2,4000.8,2882229.89
