product name,value to be included in the spreadsheet
"Ablerex Electronics Co., Ltd.: ES 2200-US-240 (240 Vac) 240V [CEC 2011]",Ablerex_Electronics_Co___Ltd___ES_2200_US_240__240_Vac__240V__CEC_2011_
Sainty Solar: SSI-2K2U 240V [CEC 2011],Sainty_Solar__SSI_2K2U_240V__CEC_2011_
Carlo Gavazzi: SUNERGY 5000-70/240 240V [CEC 2011],Carlo_Gavazzi__SUNERGY_5000_70_240_240V__CEC_2011_
"Ablerex Electronics Co., Ltd.: ES 3300-US-240 (240 Vac) 240V [CEC 2011]",Ablerex_Electronics_Co___Ltd___ES_3300_US_240__240_Vac__240V__CEC_2011_
Sainty Solar: SSI-3K3U 240V [CEC 2011],Sainty_Solar__SSI_3K3U_240V__CEC_2011_
Carlo Gavazzi: ISGA 1 33 240V [CEC 2011],Carlo_Gavazzi__ISGA_1_33_240V__CEC_2011_
"Ablerex Electronics Co., Ltd.: ES 4200-US-240 (240 Vac) 240V [CEC 2011]",Ablerex_Electronics_Co___Ltd___ES_4200_US_240__240_Vac__240V__CEC_2011_
Sainty Solar: SSI-4K4U 240V [CEC 2011],Sainty_Solar__SSI_4K4U_240V__CEC_2011_
Carlo Gavazzi: ISGA 1 42 240V [CEC 2011],Carlo_Gavazzi__ISGA_1_42_240V__CEC_2011_
"Ablerex Electronics Co., Ltd.: ES 5000-US-240 (240 Vac) 240V [CEC 2011]",Ablerex_Electronics_Co___Ltd___ES_5000_US_240__240_Vac__240V__CEC_2011_
Sainty Solar: SSI-5K5U 240V [CEC 2011],Sainty_Solar__SSI_5K5U_240V__CEC_2011_
Carlo Gavazzi: ISGA 1 53 240V [CEC 2011],Carlo_Gavazzi__ISGA_1_53_240V__CEC_2011_
Advanced Energy: 3159000-104 480V [CEC 2007],Advanced_Energy__3159000_104_480V__CEC_2007_
Advanced Energy: PVP250kW-480 480V [CEC 2011],Advanced_Energy__PVP250kW_480_480V__CEC_2011_
Advanced Energy: Solaron 333-3159000-105 480V [CEC 2008],Advanced_Energy__Solaron_333_3159000_105_480V__CEC_2008_
Advanced Energy: Solaron 333-3159000-1XX 480V [CEC 2009],Advanced_Energy__Solaron_333_3159000_1XX_480V__CEC_2009_
Advanced Energy: 3159000-110 480V [CEC 2008],Advanced_Energy__3159000_110_480V__CEC_2008_
Advanced Energy: Solaron 333-3159500-001 480V [CEC 2009],Advanced_Energy__Solaron_333_3159500_001_480V__CEC_2009_
Advanced Energy: Solaron 500 HE (3159502-XXXX) 480V [CEC 2011],Advanced_Energy__Solaron_500_HE__3159502_XXXX__480V__CEC_2011_
Alpha Technologies: Solaris 3500 240V [CEC 2005],Alpha_Technologies__Solaris_3500_240V__CEC_2005_
Alpha Technologies: Solaris 3500 XP 240V [CEC 2005],Alpha_Technologies__Solaris_3500_XP_240V__CEC_2005_
Apparent Inc.: MGI220-MC4 120V [CEC 2011],Apparent_Inc___MGI220_MC4_120V__CEC_2011_
Auxin Solar:  AXU-PV1500U (208V) 208V [CEC 2010],Auxin_Solar___AXU_PV1500U__208V__208V__CEC_2010_
Auxin Solar:  AXU-PV1500U (240V) 240V [CEC 2010],Auxin_Solar___AXU_PV1500U__240V__240V__CEC_2010_
Auxin Solar: AXU-PV2000U (208V) 208V [CEC 2010],Auxin_Solar__AXU_PV2000U__208V__208V__CEC_2010_
Auxin Solar: AXU-PV2000U (240V) 240V [CEC 2010],Auxin_Solar__AXU_PV2000U__240V__240V__CEC_2010_
Auxin Solar: AXU-PV3000U (208V) 208V [CEC 2010],Auxin_Solar__AXU_PV3000U__208V__208V__CEC_2010_
Auxin Solar: AXU-PV3000U (240V) 240V [CEC 2010],Auxin_Solar__AXU_PV3000U__240V__240V__CEC_2010_
Auxin Solar: AXU-PV4000U (208V) 208V [CEC 2010],Auxin_Solar__AXU_PV4000U__208V__208V__CEC_2010_
Auxin Solar: AXU-PV4000U (240V) 240V [CEC 2010],Auxin_Solar__AXU_PV4000U__240V__240V__CEC_2010_
Ballard: EPC-PV-208-30kW 208V [CEC 2005],Ballard__EPC_PV_208_30kW_208V__CEC_2005_
Ballard: EPC-PV-208-75kW 208V [CEC 2005],Ballard__EPC_PV_208_75kW_208V__CEC_2005_
Ballard: EPC-PV-480-75kW 480V [CEC 2005],Ballard__EPC_PV_480_75kW_480V__CEC_2005_
Ballard: EPC-PV-480-30kW 480V [CEC 2005],Ballard__EPC_PV_480_30kW_480V__CEC_2005_
BBG Solar Roo (Original Mfg - Powercom): Sunny Roo SR1500TLI (208Vac) 208V [CEC 2010],BBG_Solar_Roo__Original_Mfg___Powercom___Sunny_Roo_SR1500TLI__208Vac__208V__CEC_2010_
BBG Solar Roo (Original Mfg - Powercom): Sunny Roo SR1500TLI (240Vac) 240V [CEC 2010],BBG_Solar_Roo__Original_Mfg___Powercom___Sunny_Roo_SR1500TLI__240Vac__240V__CEC_2010_
BBG Solar Roo (Original Mfg - Powercom): Sunny Roo SR2000TLI (208Vac) 208V [CEC 2010],BBG_Solar_Roo__Original_Mfg___Powercom___Sunny_Roo_SR2000TLI__208Vac__208V__CEC_2010_
BBG Solar Roo  (Original Mfg - Powercom): Sunny Roo SR2000TLI (240Vac) 240V [CEC 2010],BBG_Solar_Roo___Original_Mfg___Powercom___Sunny_Roo_SR2000TLI__240Vac__240V__CEC_2010_
BBG Solar Roo (Original Mfg - Powercom): Sunny Roo SR3000TLI (208Vac) 208V [CEC 2010],BBG_Solar_Roo__Original_Mfg___Powercom___Sunny_Roo_SR3000TLI__208Vac__208V__CEC_2010_
BBG Solar Roo (Original Mfg - Powercom): Sunny Roo SR3000TLI (240Vac) 240V [CEC 2010],BBG_Solar_Roo__Original_Mfg___Powercom___Sunny_Roo_SR3000TLI__240Vac__240V__CEC_2010_
BBG Solar Roo (Original Mfg - Powercom): Sunny Roo SR4000TLI (208Vac) 208V [CEC 2010],BBG_Solar_Roo__Original_Mfg___Powercom___Sunny_Roo_SR4000TLI__208Vac__208V__CEC_2010_
BBG Solar Roo (Original Mfg - Powercom): Sunny Roo SR4000TLI (240Vac) 240V [CEC 2010],BBG_Solar_Roo__Original_Mfg___Powercom___Sunny_Roo_SR4000TLI__240Vac__240V__CEC_2010_
Beacon: M4 120V [CEC 2006],Beacon__M4_120V__CEC_2006_
Beacon: M4 PLUS 120V [CEC 2006],Beacon__M4_PLUS_120V__CEC_2006_
Beacon: M5 120V [CEC 2005],Beacon__M5_120V__CEC_2005_
Beacon: M5 PLUS 120V [CEC 2006],Beacon__M5_PLUS_120V__CEC_2006_
Beyond Building Systems PTY LTD: SR2000TL-US-240 (240 Vac) 240V [CEC 2011],Beyond_Building_Systems_PTY_LTD__SR2000TL_US_240__240_Vac__240V__CEC_2011_
Beyond Building Systems PTY LTD: SR3000TL-US-240 (240 Vac) 240V [CEC 2011],Beyond_Building_Systems_PTY_LTD__SR3000TL_US_240__240_Vac__240V__CEC_2011_
Beyond Building Systems PTY LTD: SR4200TL-US-240 (240 Vac) 240V [CEC 2011],Beyond_Building_Systems_PTY_LTD__SR4200TL_US_240__240_Vac__240V__CEC_2011_
Beyond Building Systems PTY LTD: SR5000TL-US-240 (240 Vac) 240V [CEC 2011],Beyond_Building_Systems_PTY_LTD__SR5000TL_US_240__240_Vac__240V__CEC_2011_
CMF Equipment (Original Mfg - PV Powered): Green Power 1100 120V [CEC 2008],CMF_Equipment__Original_Mfg___PV_Powered___Green_Power_1100_120V__CEC_2008_
CMF Equipment (Original Mfg - PV Powered): Green Power 2000 240V [CEC 2008],CMF_Equipment__Original_Mfg___PV_Powered___Green_Power_2000_240V__CEC_2008_
CMF Equipment (Original Mfg - PV Powered): Green Power 2500 240V [CEC 2006],CMF_Equipment__Original_Mfg___PV_Powered___Green_Power_2500_240V__CEC_2006_
CMF Equipment (Original Mfg - PV Powered): Green Power 3000 240V [CEC 2008],CMF_Equipment__Original_Mfg___PV_Powered___Green_Power_3000_240V__CEC_2008_
CMF Equipment (Original Mfg - PV Powered): Green Power 3500 240V [CEC 2006],CMF_Equipment__Original_Mfg___PV_Powered___Green_Power_3500_240V__CEC_2006_
CMF Equipment (Original Mfg - PV Powered): Green Power 4600 208V [CEC 2005],CMF_Equipment__Original_Mfg___PV_Powered___Green_Power_4600_208V__CEC_2005_
CMF Equipment (Original Mfg - PV Powered): Green Power 4800 240V [CEC 2006],CMF_Equipment__Original_Mfg___PV_Powered___Green_Power_4800_240V__CEC_2006_
CMF Equipment (Original Mfg - PV Powered): Green Power 5200 240V [CEC 2005],CMF_Equipment__Original_Mfg___PV_Powered___Green_Power_5200_240V__CEC_2005_
Connect Renewable Energy: CE4000 240V [CEC 2005],Connect_Renewable_Energy__CE4000_240V__CEC_2005_
Delta Energy Systems: SI 1800 US (208V) 208V [CEC 2009],Delta_Energy_Systems__SI_1800_US__208V__208V__CEC_2009_
Delta Energy Systems: SI 1800 US (240V) 240V [CEC 2009],Delta_Energy_Systems__SI_1800_US__240V__240V__CEC_2009_
Delta Energy Systems: SI 2500 US (208V) 208V [CEC 2009],Delta_Energy_Systems__SI_2500_US__208V__208V__CEC_2009_
Delta Energy Systems: SI 2500 US (240V) 240V [CEC 2009],Delta_Energy_Systems__SI_2500_US__240V__240V__CEC_2009_
Delta Energy Systems: SOLIVIA 2.5 TR NA G4 208V [CEC 2010],Delta_Energy_Systems__SOLIVIA_2_5_TR_NA_G4_208V__CEC_2010_
Delta Energy Systems: SOLIVIA 2.5 TR NA G4 240V [CEC 2010],Delta_Energy_Systems__SOLIVIA_2_5_TR_NA_G4_240V__CEC_2010_
Delta Energy Systems: SOLIVIA 3.3 TR NA G4 208V [CEC 2010],Delta_Energy_Systems__SOLIVIA_3_3_TR_NA_G4_208V__CEC_2010_
Delta Energy Systems: SOLIVIA 3.3 TR NA G4 240V [CEC 2010],Delta_Energy_Systems__SOLIVIA_3_3_TR_NA_G4_240V__CEC_2010_
Diehl AKO : 4301 S-A (208 Vac) 208V [CEC 2010],Diehl_AKO___4301_S_A__208_Vac__208V__CEC_2010_
Diehl AKO : 4301 S-A (240 Vac) 240V [CEC 2010],Diehl_AKO___4301_S_A__240_Vac__240V__CEC_2010_
Diehl Controls: Platinum 100 CS-A (208) 208V [CEC 2010],Diehl_Controls__Platinum_100_CS_A__208__208V__CEC_2010_
Diehl Controls: Platinum 100 CS-A (480) 480V [CEC 2010],Diehl_Controls__Platinum_100_CS_A__480__480V__CEC_2010_
Diehl Controls: Platinum 100 CS-A HE (208) 208V [CEC 2010],Diehl_Controls__Platinum_100_CS_A_HE__208__208V__CEC_2010_
Diehl Controls: Platinum 100 CS-A HE (480) 480V [CEC 2010],Diehl_Controls__Platinum_100_CS_A_HE__480__480V__CEC_2010_
"Direct Grid Technologies, LLC: DGM-460 208V [CEC 2011]",Direct_Grid_Technologies__LLC__DGM_460_208V__CEC_2011_
"Direct Grid Technologies, LLC: DGM-S460 208V [CEC 2011]",Direct_Grid_Technologies__LLC__DGM_S460_208V__CEC_2011_
Eaton: S-Max 250KW - SM1003 480V [CEC 2011],Eaton__S_Max_250KW___SM1003_480V__CEC_2011_
"Eaton Phoenixtec MMPL Co., Ltd.: PV238 (208Vac) 208V [CEC 2011]",Eaton_Phoenixtec_MMPL_Co___Ltd___PV238__208Vac__208V__CEC_2011_
"Eaton Phoenixtec MMPL Co., Ltd.: PV238 (240Vac) 240V [CEC 2011]",Eaton_Phoenixtec_MMPL_Co___Ltd___PV238__240Vac__240V__CEC_2011_
"Eaton Phoenixtec MMPL Co., Ltd.: PV238 (277Vac) 277V [CEC 2011]",Eaton_Phoenixtec_MMPL_Co___Ltd___PV238__277Vac__277V__CEC_2011_
"Eaton Phoenixtec MMPL Co., Ltd.: PV240 (208Vac) 208V [CEC 2011]",Eaton_Phoenixtec_MMPL_Co___Ltd___PV240__208Vac__208V__CEC_2011_
"Eaton Phoenixtec MMPL Co., Ltd.: PV240 (240Vac) 240V [CEC 2011]",Eaton_Phoenixtec_MMPL_Co___Ltd___PV240__240Vac__240V__CEC_2011_
"Eaton Phoenixtec MMPL Co., Ltd.: PV240 (277Vac) 277V [CEC 2011]",Eaton_Phoenixtec_MMPL_Co___Ltd___PV240__277Vac__277V__CEC_2011_
"Eaton Phoenixtec MMPL Co., Ltd.: PV250 (208Vac) 208V [CEC 2011]",Eaton_Phoenixtec_MMPL_Co___Ltd___PV250__208Vac__208V__CEC_2011_
"Eaton Phoenixtec MMPL Co., Ltd.: PV250 (240Vac) 240V [CEC 2011]",Eaton_Phoenixtec_MMPL_Co___Ltd___PV250__240Vac__240V__CEC_2011_
"Eaton Phoenixtec MMPL Co., Ltd.: PV250 (277Vac) 277V [CEC 2011]",Eaton_Phoenixtec_MMPL_Co___Ltd___PV250__277Vac__277V__CEC_2011_
"Eaton Phoenixtec MMPL Co., Ltd.: PV260 (208Vac) 208V [CEC 2011]",Eaton_Phoenixtec_MMPL_Co___Ltd___PV260__208Vac__208V__CEC_2011_
"Eaton Phoenixtec MMPL Co., Ltd.: PV260 (240Vac) 240V [CEC 2011]",Eaton_Phoenixtec_MMPL_Co___Ltd___PV260__240Vac__240V__CEC_2011_
"Eaton Phoenixtec MMPL Co., Ltd.: PV260 (277Vac) 277V [CEC 2011]",Eaton_Phoenixtec_MMPL_Co___Ltd___PV260__277Vac__277V__CEC_2011_
"Eaton Phoenixtec MMPL Co., Ltd.: PV270 (208Vac) 208V [CEC 2011]",Eaton_Phoenixtec_MMPL_Co___Ltd___PV270__208Vac__208V__CEC_2011_
"Eaton Phoenixtec MMPL Co., Ltd.: PV270 (240Vac) 240V [CEC 2011]",Eaton_Phoenixtec_MMPL_Co___Ltd___PV270__240Vac__240V__CEC_2011_
"Eaton Phoenixtec MMPL Co., Ltd.: PV270(277Vac) 277V [CEC 2011]",Eaton_Phoenixtec_MMPL_Co___Ltd___PV270_277Vac__277V__CEC_2011_
Enecsys Limited: SMI-220 230V [CEC 2010],Enecsys_Limited__SMI_220_230V__CEC_2010_
Enecsys Limited: SMI-240-60 240V [CEC 2011],Enecsys_Limited__SMI_240_60_240V__CEC_2011_
Enecsys Limited: SMI-280-72 240V [CEC 2011],Enecsys_Limited__SMI_280_72_240V__CEC_2011_
Enecsys Limited: SMI-360-72 240V [CEC 2011],Enecsys_Limited__SMI_360_72_240V__CEC_2011_
Enphase Energy: D380-72-208-S1x and D380-72-208-S1x-NA 208V [CEC 2010],Enphase_Energy__D380_72_208_S1x_and_D380_72_208_S1x_NA_208V__CEC_2010_
Enphase Energy: D380-72-240-S1x and D380-72-240-S1x-NA 240V [CEC 2010],Enphase_Energy__D380_72_240_S1x_and_D380_72_240_S1x_NA_240V__CEC_2010_
Enphase Energy: M175-24-208-S 208V [CEC 2008],Enphase_Energy__M175_24_208_S_208V__CEC_2008_
Enphase Energy: M175-24-240-S 240V [CEC 2008],Enphase_Energy__M175_24_240_S_240V__CEC_2008_
Enphase Energy: M190-72-208-Sxx 208V [CEC 2009],Enphase_Energy__M190_72_208_Sxx_208V__CEC_2009_
Enphase Energy: M190-72-240-Sxx 240V [CEC 2009],Enphase_Energy__M190_72_240_Sxx_240V__CEC_2009_
Enphase Energy: M200-32-208-S01 208V [CEC 2008],Enphase_Energy__M200_32_208_S01_208V__CEC_2008_
Enphase Energy: M200-32-208-S02 208V [CEC 2008],Enphase_Energy__M200_32_208_S02_208V__CEC_2008_
Enphase Energy: M200-32-240-S01 240V [CEC 2009],Enphase_Energy__M200_32_240_S01_240V__CEC_2009_
Enphase Energy: M200-32-240-S02 240V [CEC 2008],Enphase_Energy__M200_32_240_S02_240V__CEC_2008_
Enphase Energy: M210-84-208-S11 208V [CEC 2009],Enphase_Energy__M210_84_208_S11_208V__CEC_2009_
Enphase Energy: M210-84-208-S12 208V [CEC 2009],Enphase_Energy__M210_84_208_S12_208V__CEC_2009_
Enphase Energy: M210-84-240-S11 240V [CEC 2009],Enphase_Energy__M210_84_240_S11_240V__CEC_2009_
Enphase Energy: M210-84-240-S12 240V [CEC 2009],Enphase_Energy__M210_84_240_S12_240V__CEC_2009_
Enphase Energy: M215-60-SLL-S2x 208V [CEC 2011],Enphase_Energy__M215_60_SLL_S2x_208V__CEC_2011_
Enphase Energy: M215-60-SLL-S2x-NA 208V [CEC 2011],Enphase_Energy__M215_60_SLL_S2x_NA_208V__CEC_2011_
Enphase Energy: M215-60-SIE-S2x 208V [CEC 2011],Enphase_Energy__M215_60_SIE_S2x_208V__CEC_2011_
Enphase Energy: M215-60-SIE-S2x-NA 208V [CEC 2011],Enphase_Energy__M215_60_SIE_S2x_NA_208V__CEC_2011_
Enphase Energy: M215-60-SIE-S2x 240V [CEC 2011],Enphase_Energy__M215_60_SIE_S2x_240V__CEC_2011_
Enphase Energy: M215-60-SIE-S2x-NA 240V [CEC 2011],Enphase_Energy__M215_60_SIE_S2x_NA_240V__CEC_2011_
Enphase Energy: D380-72-208-S1x 208V [CEC 2009],Enphase_Energy__D380_72_208_S1x_208V__CEC_2009_
Enphase Energy: D380-72-240-S1x 240V [CEC 2009],Enphase_Energy__D380_72_240_S1x_240V__CEC_2009_
E-Village ( Original Mfg - PV Powered): EVS1100EVR 120V [CEC 2008],E_Village___Original_Mfg___PV_Powered___EVS1100EVR_120V__CEC_2008_
E-Village ( Original Mfg - PV Powered): EVS2000EVR 240V [CEC 2008],E_Village___Original_Mfg___PV_Powered___EVS2000EVR_240V__CEC_2008_
E-Village ( Original Mfg - PV Powered): EVS2500 240V [CEC 2006],E_Village___Original_Mfg___PV_Powered___EVS2500_240V__CEC_2006_
E-Village ( Original Mfg - PV Powered): EVS3000 240V [CEC 2008],E_Village___Original_Mfg___PV_Powered___EVS3000_240V__CEC_2008_
E-Village ( Original Mfg - PV Powered): EVS3500 240V [CEC 2006],E_Village___Original_Mfg___PV_Powered___EVS3500_240V__CEC_2006_
E-Village ( Original Mfg - PV Powered): EVS4600 208V [CEC 2005],E_Village___Original_Mfg___PV_Powered___EVS4600_208V__CEC_2005_
E-Village ( Original Mfg - PV Powered): EVS4800 240V [CEC 2006],E_Village___Original_Mfg___PV_Powered___EVS4800_240V__CEC_2006_
E-Village ( Original Mfg - PV Powered): EVS5200 240V [CEC 2005],E_Village___Original_Mfg___PV_Powered___EVS5200_240V__CEC_2005_
"EXELTECH, INC.: AC2-1-*-6-5-XX (where * = B, C, L, or 2) 120V [CEC 2010]",EXELTECH__INC___AC2_1_*_6_5_XX__where_*_=_B__C__L__or_2__120V__CEC_2010_
"EXELTECH, INC.: XLGT18A60 and XLGT18A60-01 120V [CEC 2010]",EXELTECH__INC___XLGT18A60_and_XLGT18A60_01_120V__CEC_2010_
"Fronius USA, LLC: CL 33.3 delta (208V) 208V [CEC 2010]",Fronius_USA__LLC__CL_33_3_delta__208V__208V__CEC_2010_
"Fronius USA, LLC: CL 33.3 delta (240V) 240V [CEC 2010]",Fronius_USA__LLC__CL_33_3_delta__240V__240V__CEC_2010_
"Fronius USA, LLC: CL 36.0 WYE (277V) 270V [CEC 2010]",Fronius_USA__LLC__CL_36_0_WYE__277V__270V__CEC_2010_
"Fronius USA, LLC: CL 44.4 delta (208V) 208V [CEC 2010]",Fronius_USA__LLC__CL_44_4_delta__208V__208V__CEC_2010_
"Fronius USA, LLC: CL 44.4 delta (240V) 240V [CEC 2010]",Fronius_USA__LLC__CL_44_4_delta__240V__240V__CEC_2010_
"Fronius USA, LLC: CL 48.0 WYE (277V) 277V [CEC 2010]",Fronius_USA__LLC__CL_48_0_WYE__277V__277V__CEC_2010_
"Fronius USA, LLC: CL 55.5 delta (208V) 208V [CEC 2010]",Fronius_USA__LLC__CL_55_5_delta__208V__208V__CEC_2010_
"Fronius USA, LLC: CL 55.5 delta (240V) 240V [CEC 2010]",Fronius_USA__LLC__CL_55_5_delta__240V__240V__CEC_2010_
"Fronius USA, LLC: CL 60.0 WYE (277V) 277V [CEC 2010]",Fronius_USA__LLC__CL_60_0_WYE__277V__277V__CEC_2010_
"Fronius USA, LLC: IG2000 NEG 240V [CEC 2006]",Fronius_USA__LLC__IG2000_NEG_240V__CEC_2006_
"Fronius USA, LLC: IG2000 POS 240V [CEC 2006]",Fronius_USA__LLC__IG2000_POS_240V__CEC_2006_
"Fronius USA, LLC: IG2500-LV NEG 208V [CEC 2006]",Fronius_USA__LLC__IG2500_LV_NEG_208V__CEC_2006_
"Fronius USA, LLC: IG2500-LV POS 208V [CEC 2006]",Fronius_USA__LLC__IG2500_LV_POS_208V__CEC_2006_
"Fronius USA, LLC: IG3000 NEG 240V [CEC 2006]",Fronius_USA__LLC__IG3000_NEG_240V__CEC_2006_
"Fronius USA, LLC: IG3000 POS 240V [CEC 2006]",Fronius_USA__LLC__IG3000_POS_240V__CEC_2006_
"Fronius USA, LLC: IG4000 NEG 240V [CEC 2006]",Fronius_USA__LLC__IG4000_NEG_240V__CEC_2006_
"Fronius USA, LLC: IG4000 POS 240V [CEC 2006]",Fronius_USA__LLC__IG4000_POS_240V__CEC_2006_
"Fronius USA, LLC: IG4500-LV NEG 208V [CEC 2006]",Fronius_USA__LLC__IG4500_LV_NEG_208V__CEC_2006_
"Fronius USA, LLC: IG4500-LV POS 208V [CEC 2006]",Fronius_USA__LLC__IG4500_LV_POS_208V__CEC_2006_
"Fronius USA, LLC: IG5100 NEG 240V [CEC 2006]",Fronius_USA__LLC__IG5100_NEG_240V__CEC_2006_
"Fronius USA, LLC: IG5100 POS 240V [CEC 2006]",Fronius_USA__LLC__IG5100_POS_240V__CEC_2006_
"Fronius USA, LLC: IG Plus 3.0-1 uni(208) 208V [CEC 2008]",Fronius_USA__LLC__IG_Plus_3_0_1_uni_208__208V__CEC_2008_
"Fronius USA, LLC: IG Plus 3.0-1 uni208) 208V [CEC 2010]",Fronius_USA__LLC__IG_Plus_3_0_1_uni208__208V__CEC_2010_
"Fronius USA, LLC: IG Plus 3.0-1 uni(240) 240V [CEC 2008]",Fronius_USA__LLC__IG_Plus_3_0_1_uni_240__240V__CEC_2008_
"Fronius USA, LLC: IG Plus 3.0-1 uni(240) 240V [CEC 2010]",Fronius_USA__LLC__IG_Plus_3_0_1_uni_240__240V__CEC_2010_
"Fronius USA, LLC: IG Plus 3.0-1 uni(277) 277V [CEC 2008]",Fronius_USA__LLC__IG_Plus_3_0_1_uni_277__277V__CEC_2008_
"Fronius USA, LLC: IG Plus 3.0-1 uni(277) 277V [CEC 2010]",Fronius_USA__LLC__IG_Plus_3_0_1_uni_277__277V__CEC_2010_
"Fronius USA, LLC: IG Plus 3.8-1 uni(208) 208V [CEC 2008]",Fronius_USA__LLC__IG_Plus_3_8_1_uni_208__208V__CEC_2008_
"Fronius USA, LLC: IG Plus 3.8-1 uni(208) 208V [CEC 2010]",Fronius_USA__LLC__IG_Plus_3_8_1_uni_208__208V__CEC_2010_
"Fronius USA, LLC: IG Plus 3.8-1 uni(240) 240V [CEC 2008]",Fronius_USA__LLC__IG_Plus_3_8_1_uni_240__240V__CEC_2008_
"Fronius USA, LLC: IG Plus 3.8-1 uni(240) 240V [CEC 2010]",Fronius_USA__LLC__IG_Plus_3_8_1_uni_240__240V__CEC_2010_
"Fronius USA, LLC: IG Plus 3.8-1 uni(277) 277V [CEC 2008]",Fronius_USA__LLC__IG_Plus_3_8_1_uni_277__277V__CEC_2008_
"Fronius USA, LLC: IG Plus 3.8-1 uni(277) 277V [CEC 2010]",Fronius_USA__LLC__IG_Plus_3_8_1_uni_277__277V__CEC_2010_
"Fronius USA, LLC: IG Plus 5.0-1 uni(208) 208V [CEC 2008]",Fronius_USA__LLC__IG_Plus_5_0_1_uni_208__208V__CEC_2008_
"Fronius USA, LLC: IG Plus 5.0-1 uni(208) 208V [CEC 2010]",Fronius_USA__LLC__IG_Plus_5_0_1_uni_208__208V__CEC_2010_
"Fronius USA, LLC: IG Plus 5.0-1 uni(240) 240V [CEC 2008]",Fronius_USA__LLC__IG_Plus_5_0_1_uni_240__240V__CEC_2008_
"Fronius USA, LLC: IG Plus 5.0-1 uni(240) 240V [CEC 2010]",Fronius_USA__LLC__IG_Plus_5_0_1_uni_240__240V__CEC_2010_
"Fronius USA, LLC: IG Plus 5.0-1 uni(277) 277V [CEC 2008]",Fronius_USA__LLC__IG_Plus_5_0_1_uni_277__277V__CEC_2008_
"Fronius USA, LLC: IG Plus 5.0-1 uni(277) 277V [CEC 2010]",Fronius_USA__LLC__IG_Plus_5_0_1_uni_277__277V__CEC_2010_
"Fronius USA, LLC: IG Plus 6.0-1 uni(208) 208V [CEC 2008]",Fronius_USA__LLC__IG_Plus_6_0_1_uni_208__208V__CEC_2008_
"Fronius USA, LLC: IG Plus 6.0-1 uni(208) 208V [CEC 2010]",Fronius_USA__LLC__IG_Plus_6_0_1_uni_208__208V__CEC_2010_
"Fronius USA, LLC: IG Plus 6.0-1 uni(240) 240V [CEC 2008]",Fronius_USA__LLC__IG_Plus_6_0_1_uni_240__240V__CEC_2008_
"Fronius USA, LLC: IG Plus 6.0-1 uni(240) 240V [CEC 2010]",Fronius_USA__LLC__IG_Plus_6_0_1_uni_240__240V__CEC_2010_
"Fronius USA, LLC: IG Plus 6.0-1 uni(277) 277V [CEC 2008]",Fronius_USA__LLC__IG_Plus_6_0_1_uni_277__277V__CEC_2008_
"Fronius USA, LLC: IG Plus 6.0-1 uni(277) 277V [CEC 2010]",Fronius_USA__LLC__IG_Plus_6_0_1_uni_277__277V__CEC_2010_
"Fronius USA, LLC: IG Plus 7.5-1 uni(208) 208V [CEC 2008]",Fronius_USA__LLC__IG_Plus_7_5_1_uni_208__208V__CEC_2008_
"Fronius USA, LLC: IG Plus 7.5-1 uni(208) 208V [CEC 2010]",Fronius_USA__LLC__IG_Plus_7_5_1_uni_208__208V__CEC_2010_
"Fronius USA, LLC: IG Plus 7.5-1 uni(240) 240V [CEC 2008]",Fronius_USA__LLC__IG_Plus_7_5_1_uni_240__240V__CEC_2008_
"Fronius USA, LLC: IG Plus 7.5-1 uni(240) 240V [CEC 2010]",Fronius_USA__LLC__IG_Plus_7_5_1_uni_240__240V__CEC_2010_
"Fronius USA, LLC: IG Plus 7.5-1 uni(277) 277V [CEC 2008]",Fronius_USA__LLC__IG_Plus_7_5_1_uni_277__277V__CEC_2008_
"Fronius USA, LLC: IG Plus 7.5-1 uni(277) 277V [CEC 2010]",Fronius_USA__LLC__IG_Plus_7_5_1_uni_277__277V__CEC_2010_
"Fronius USA, LLC: IG Plus 10.0-1 uni(208) 208V [CEC 2008]",Fronius_USA__LLC__IG_Plus_10_0_1_uni_208__208V__CEC_2008_
"Fronius USA, LLC: IG Plus 10.0-1 uni(240) 240V [CEC 2008]",Fronius_USA__LLC__IG_Plus_10_0_1_uni_240__240V__CEC_2008_
"Fronius USA, LLC: IG Plus 10.0-1 uni(277) 277V [CEC 2008]",Fronius_USA__LLC__IG_Plus_10_0_1_uni_277__277V__CEC_2008_
"Fronius USA, LLC: IG Plus 11.4-1 uni(208) 208V [CEC 2008]",Fronius_USA__LLC__IG_Plus_11_4_1_uni_208__208V__CEC_2008_
"Fronius USA, LLC: IG Plus 11.4-1 uni(208) 208V [CEC 2010]",Fronius_USA__LLC__IG_Plus_11_4_1_uni_208__208V__CEC_2010_
"Fronius USA, LLC: IG Plus 11.4-1 uni(240) 240V [CEC 2008]",Fronius_USA__LLC__IG_Plus_11_4_1_uni_240__240V__CEC_2008_
"Fronius USA, LLC: IG Plus 11.4-1 uni(240) 240V [CEC 2010]",Fronius_USA__LLC__IG_Plus_11_4_1_uni_240__240V__CEC_2010_
"Fronius USA, LLC: IG Plus 11.4-1 uni(277) 277V [CEC 2008]",Fronius_USA__LLC__IG_Plus_11_4_1_uni_277__277V__CEC_2008_
"Fronius USA, LLC: IG Plus 11.4-1 uni(277) 277V [CEC 2010]",Fronius_USA__LLC__IG_Plus_11_4_1_uni_277__277V__CEC_2010_
"Fronius USA, LLC: IG Plus 11.4-3 delta(208) 208V [CEC 2008]",Fronius_USA__LLC__IG_Plus_11_4_3_delta_208__208V__CEC_2008_
"Fronius USA, LLC: IG Plus 11.4-3 delta(208) 208V [CEC 2010]",Fronius_USA__LLC__IG_Plus_11_4_3_delta_208__208V__CEC_2010_
"Fronius USA, LLC: IG Plus 11.4-3 delta(240) 240V [CEC 2008]",Fronius_USA__LLC__IG_Plus_11_4_3_delta_240__240V__CEC_2008_
"Fronius USA, LLC: IG Plus 12.0-1 wye277 277V [CEC 2008]",Fronius_USA__LLC__IG_Plus_12_0_1_wye277_277V__CEC_2008_
"Fronius USA, LLC: IG Plus 12.0-3 wye277 277V [CEC 2010]",Fronius_USA__LLC__IG_Plus_12_0_3_wye277_277V__CEC_2010_
"Fronius USA, LLC: IG Plus V 10.0-1 uni(208) 208V [CEC 2010]",Fronius_USA__LLC__IG_Plus_V_10_0_1_uni_208__208V__CEC_2010_
"Fronius USA, LLC: IG Plus V 10.0-1 uni(240) 240V [CEC 2010]",Fronius_USA__LLC__IG_Plus_V_10_0_1_uni_240__240V__CEC_2010_
"Fronius USA, LLC: IG Plus V 10.0-1 uni(277) 277V [CEC 2010]",Fronius_USA__LLC__IG_Plus_V_10_0_1_uni_277__277V__CEC_2010_
GE Energy  (Original Mfg - Xantrex): GEPVb-2500-NA-240 240V [CEC 2006],GE_Energy___Original_Mfg___Xantrex___GEPVb_2500_NA_240_240V__CEC_2006_
GE Energy  (Original Mfg - Xantrex): GEPVb-2800-NA-240/208-02 (208V) 208V [CEC NaN],GE_Energy___Original_Mfg___Xantrex___GEPVb_2800_NA_240_208_02__208V__208V__CEC_NaN_
GE Energy  (Original Mfg - Xantrex): GEPVb-2800-NA-240/208-02 (240V) 240V [CEC NaN],GE_Energy___Original_Mfg___Xantrex___GEPVb_2800_NA_240_208_02__240V__240V__CEC_NaN_
GE Energy  (Original Mfg - Xantrex): GEPVb-3000-NA-240 240V [CEC 2006],GE_Energy___Original_Mfg___Xantrex___GEPVb_3000_NA_240_240V__CEC_2006_
GE Energy  (Original Mfg - Xantrex): GEPVb-3300-NA-208 208V [CEC 2006],GE_Energy___Original_Mfg___Xantrex___GEPVb_3300_NA_208_208V__CEC_2006_
GE Energy  (Original Mfg - Xantrex): GEPVb-3300-NA-240 240V [CEC 2006],GE_Energy___Original_Mfg___Xantrex___GEPVb_3300_NA_240_240V__CEC_2006_
GE Energy  (Original Mfg - Xantrex): GEPVb-3300-NA-240/208-02 (208V) 208V [CEC 2006],GE_Energy___Original_Mfg___Xantrex___GEPVb_3300_NA_240_208_02__208V__208V__CEC_2006_
GE Energy  (Original Mfg - Xantrex): GEPVb-3300-NA-240/208-02 (240V) 240V [CEC 2006],GE_Energy___Original_Mfg___Xantrex___GEPVb_3300_NA_240_208_02__240V__240V__CEC_2006_
GE Energy  (Original Mfg - Xantrex): GEPVb-3800-NA-240 240V [CEC 2006],GE_Energy___Original_Mfg___Xantrex___GEPVb_3800_NA_240_240V__CEC_2006_
GE Energy  (Original Mfg - Xantrex): GEPVb-4000-NA-240/208-02 (208V) 208V [CEC NaN],GE_Energy___Original_Mfg___Xantrex___GEPVb_4000_NA_240_208_02__208V__208V__CEC_NaN_
GE Energy  (Original Mfg - Xantrex): GEPVb-4000-NA-240/208-02 (240V) 240V [CEC NaN],GE_Energy___Original_Mfg___Xantrex___GEPVb_4000_NA_240_208_02__240V__240V__CEC_NaN_
GE Energy  (Original Mfg - Xantrex): GEPVb-5000-NA-240-01 240V [CEC 2007],GE_Energy___Original_Mfg___Xantrex___GEPVb_5000_NA_240_01_240V__CEC_2007_
GE Energy: GEPVe-1100-NA-120 120V [CEC 2009],GE_Energy__GEPVe_1100_NA_120_120V__CEC_2009_
GE Energy: GEPVe-2000-NA-240 240V [CEC 2009],GE_Energy__GEPVe_2000_NA_240_240V__CEC_2009_
GE Energy: GEPVe-2500-NA-240 240V [CEC 2009],GE_Energy__GEPVe_2500_NA_240_240V__CEC_2009_
GE Energy: GEPVe-2800-NA-208 208V [CEC 2009],GE_Energy__GEPVe_2800_NA_208_208V__CEC_2009_
GE Energy: GEPVe-3000-NA-240 240V [CEC 2009],GE_Energy__GEPVe_3000_NA_240_240V__CEC_2009_
GE Energy: GEPVe-3500-NA-240 240V [CEC 2009],GE_Energy__GEPVe_3500_NA_240_240V__CEC_2009_
GE Energy: GEPVe-4600-NA-208 208V [CEC 2009],GE_Energy__GEPVe_4600_NA_208_208V__CEC_2009_
GE Energy: GEPVe-4800-NA-240 240V [CEC 2009],GE_Energy__GEPVe_4800_NA_240_240V__CEC_2009_
GE Energy: GEPVe-5200-NA-240 240V [CEC 2005],GE_Energy__GEPVe_5200_NA_240_240V__CEC_2005_
General Electric Company: PVIA2000NA1240 (240 Vac) 240V [CEC 2011],General_Electric_Company__PVIA2000NA1240__240_Vac__240V__CEC_2011_
General Electric Company: PVIA3000NA1240 (240 Vac) 240V [CEC 2011],General_Electric_Company__PVIA3000NA1240__240_Vac__240V__CEC_2011_
General Electric Company: PVIA4000NA1240 (240 Vac) 240V [CEC 2011],General_Electric_Company__PVIA4000NA1240__240_Vac__240V__CEC_2011_
GreenVolts: GV-SCP001 208V [CEC 2011],GreenVolts__GV_SCP001_208V__CEC_2011_
GridPoint (Original Mfg - Outback GVFX 3648 data): Connect C36 120V [CEC 2006],GridPoint__Original_Mfg___Outback_GVFX_3648_data___Connect_C36_120V__CEC_2006_
Home Director (Original Mfg - PV Powered): HD-SUN-INV1100-EVR 120V [CEC 2008],Home_Director__Original_Mfg___PV_Powered___HD_SUN_INV1100_EVR_120V__CEC_2008_
Home Director (Original Mfg - PV Powered): HD-SUN-INV2000-EVR 240V [CEC 2008],Home_Director__Original_Mfg___PV_Powered___HD_SUN_INV2000_EVR_240V__CEC_2008_
Home Director (Original Mfg - PV Powered): HD-SUN-INV2500 240V [CEC 2006],Home_Director__Original_Mfg___PV_Powered___HD_SUN_INV2500_240V__CEC_2006_
Home Director (Original Mfg - PV Powered): HD-SUN-INV3000 240V [CEC 2008],Home_Director__Original_Mfg___PV_Powered___HD_SUN_INV3000_240V__CEC_2008_
Home Director (Original Mfg - PV Powered): HD-SUN-INV3500 240V [CEC 2006],Home_Director__Original_Mfg___PV_Powered___HD_SUN_INV3500_240V__CEC_2006_
Home Director (Original Mfg - PV Powered): HD-SUN-INV4600 208V [CEC 2005],Home_Director__Original_Mfg___PV_Powered___HD_SUN_INV4600_208V__CEC_2005_
Home Director (Original Mfg - PV Powered): HD-SUN-INV4800 240V [CEC 2006],Home_Director__Original_Mfg___PV_Powered___HD_SUN_INV4800_240V__CEC_2006_
Home Director (Original Mfg - PV Powered): HD-SUN-INV5200 240V [CEC 2005],Home_Director__Original_Mfg___PV_Powered___HD_SUN_INV5200_240V__CEC_2005_
I-Power (Original Mfg - PV Powered): SHO-1.1 120V [CEC 2008],I_Power__Original_Mfg___PV_Powered___SHO_1_1_120V__CEC_2008_
I-Power (Original Mfg - PV Powered): SHO-2.0 240V [CEC 2008],I_Power__Original_Mfg___PV_Powered___SHO_2_0_240V__CEC_2008_
I-Power (Original Mfg - PV Powered): SHO-2.5 240V [CEC 2006],I_Power__Original_Mfg___PV_Powered___SHO_2_5_240V__CEC_2006_
I-Power (Original Mfg - PV Powered): SHO-3.0 240V [CEC 2008],I_Power__Original_Mfg___PV_Powered___SHO_3_0_240V__CEC_2008_
I-Power (Original Mfg - PV Powered): SHO-3.5 240V [CEC 2006],I_Power__Original_Mfg___PV_Powered___SHO_3_5_240V__CEC_2006_
I-Power (Original Mfg - PV Powered): SHO-4.6 208V [CEC 2005],I_Power__Original_Mfg___PV_Powered___SHO_4_6_208V__CEC_2005_
I-Power (Original Mfg - PV Powered): SHO-4.8 240V [CEC 2006],I_Power__Original_Mfg___PV_Powered___SHO_4_8_240V__CEC_2006_
I-Power (Original Mfg - PV Powered): SHO-5.2 240V [CEC 2005],I_Power__Original_Mfg___PV_Powered___SHO_5_2_240V__CEC_2005_
Ingeteam S.A.: Ingecon Sun 15U 208V 208V [CEC 2010],Ingeteam_S_A___Ingecon_Sun_15U_208V_208V__CEC_2010_
Ingeteam S.A.: Ingecon Sun 15U 480V 240V [CEC 2010],Ingeteam_S_A___Ingecon_Sun_15U_480V_240V__CEC_2010_
Ingeteam S.A.: Ingecon Sun 25U 208V 208V [CEC 2010],Ingeteam_S_A___Ingecon_Sun_25U_208V_208V__CEC_2010_
Ingeteam S.A.: Ingecon Sun 25U 480V 240V [CEC 2010],Ingeteam_S_A___Ingecon_Sun_25U_480V_240V__CEC_2010_
Ingeteam S.A.: Ingecon Sun 100UP 208V 208V [CEC 2010],Ingeteam_S_A___Ingecon_Sun_100UP_208V_208V__CEC_2010_
Ingeteam S.A.: Ingecon Sun 100UP 480V 240V [CEC 2010],Ingeteam_S_A___Ingecon_Sun_100UP_480V_240V__CEC_2010_
Ingeteam S.A.: Ingecon Sun 100U 208V 208V [CEC 2009],Ingeteam_S_A___Ingecon_Sun_100U_208V_208V__CEC_2009_
Ingeteam S.A.: Ingecon Sun 100U 480V 480V [CEC 2009],Ingeteam_S_A___Ingecon_Sun_100U_480V_480V__CEC_2009_
INGETEAM ENERGY SA: Ingecon Sun 5TL U (208V) 208V [CEC 2011],INGETEAM_ENERGY_SA__Ingecon_Sun_5TL_U__208V__208V__CEC_2011_
INGETEAM ENERGY SA: Ingecon Sun 5TL U (240V) 208V [CEC 2011],INGETEAM_ENERGY_SA__Ingecon_Sun_5TL_U__240V__208V__CEC_2011_
INGETEAM ENERGY SA: Ingecon Sun 5TL U (277V) 277V [CEC 2011],INGETEAM_ENERGY_SA__Ingecon_Sun_5TL_U__277V__277V__CEC_2011_
INGETEAM ENERGY SA: Ingecon Sun 5U (208V) 208V [CEC 2011],INGETEAM_ENERGY_SA__Ingecon_Sun_5U__208V__208V__CEC_2011_
INGETEAM ENERGY SA: Ingecon Sun 5U (240V) 240V [CEC 2011],INGETEAM_ENERGY_SA__Ingecon_Sun_5U__240V__240V__CEC_2011_
INGETEAM ENERGY SA: Ingecon Sun 5U (277V) 277V [CEC 2011],INGETEAM_ENERGY_SA__Ingecon_Sun_5U__277V__277V__CEC_2011_
Kaco New Energy GmbH: Blue Planet 1501xi 240V [CEC 2006],Kaco_New_Energy_GmbH__Blue_Planet_1501xi_240V__CEC_2006_
Kaco New Energy GmbH: Blue Planet 1502xi 208V [CEC 2009],Kaco_New_Energy_GmbH__Blue_Planet_1502xi_208V__CEC_2009_
Kaco New Energy GmbH: Blue Planet 1502xi 240V [CEC 2009],Kaco_New_Energy_GmbH__Blue_Planet_1502xi_240V__CEC_2009_
Kaco New Energy GmbH: Blue Planet 2502xi 208V [CEC 2009],Kaco_New_Energy_GmbH__Blue_Planet_2502xi_208V__CEC_2009_
Kaco New Energy GmbH: Blue Planet 2502xi 240V [CEC 2009],Kaco_New_Energy_GmbH__Blue_Planet_2502xi_240V__CEC_2009_
Kaco New Energy GmbH: Blue Planet 2901xi 240V [CEC 2007],Kaco_New_Energy_GmbH__Blue_Planet_2901xi_240V__CEC_2007_
Kaco New Energy GmbH: Blue Planet 3502 xi (208V) 208V [CEC 2009],Kaco_New_Energy_GmbH__Blue_Planet_3502_xi__208V__208V__CEC_2009_
Kaco New Energy GmbH: Blue Planet 3502 xi (240V) 240V [CEC 2009],Kaco_New_Energy_GmbH__Blue_Planet_3502_xi__240V__240V__CEC_2009_
Kaco New Energy GmbH: Blue Planet 3601xi 240V [CEC 2007],Kaco_New_Energy_GmbH__Blue_Planet_3601xi_240V__CEC_2007_
Kaco New Energy GmbH: Blue Planet 5002 xi (208V) 208V [CEC 2009],Kaco_New_Energy_GmbH__Blue_Planet_5002_xi__208V__208V__CEC_2009_
Kaco New Energy GmbH: Blue Planet 5002 xi (240V) 240V [CEC 2009],Kaco_New_Energy_GmbH__Blue_Planet_5002_xi__240V__240V__CEC_2009_
Kaco New Energy GmbH: Blueplanet 6400xi supreme (208 V) 208V [CEC 2011],Kaco_New_Energy_GmbH__Blueplanet_6400xi_supreme__208_V__208V__CEC_2011_
Kaco New Energy GmbH: Blueplanet 6400xi supreme (240 V) 240V [CEC 2011],Kaco_New_Energy_GmbH__Blueplanet_6400xi_supreme__240_V__240V__CEC_2011_
Kaco New Energy GmbH: Blueplanet 7600xi supreme (208 V) 208V [CEC 2011],Kaco_New_Energy_GmbH__Blueplanet_7600xi_supreme__208_V__208V__CEC_2011_
Kaco New Energy GmbH: Blueplanet 7600xi supreme (240 V) 240V [CEC 2011],Kaco_New_Energy_GmbH__Blueplanet_7600xi_supreme__240_V__240V__CEC_2011_
Kaco New Energy GmbH: Blue Planet XP100U-H2 208V [CEC 2010],Kaco_New_Energy_GmbH__Blue_Planet_XP100U_H2_208V__CEC_2010_
Kaco New Energy GmbH: Blue Planet XP100U-H4 480V [CEC 2009],Kaco_New_Energy_GmbH__Blue_Planet_XP100U_H4_480V__CEC_2009_
Lixma Tech  (Original Mfg - Sysgration Ltd.): LSI4000 240V [CEC 2011],Lixma_Tech___Original_Mfg___Sysgration_Ltd____LSI4000_240V__CEC_2011_
Magnetek Uncommon Power: PVI-3000-I-OUTD-US (208V) 208V [CEC 2005],Magnetek_Uncommon_Power__PVI_3000_I_OUTD_US__208V__208V__CEC_2005_
Magnetek Uncommon Power: PVI-3000-I-OUTD-US (240V) 240V [CEC 2005],Magnetek_Uncommon_Power__PVI_3000_I_OUTD_US__240V__240V__CEC_2005_
Magnetek Uncommon Power: PVI-3000-I-OUTD-US-F (208V) 208V [CEC 2005],Magnetek_Uncommon_Power__PVI_3000_I_OUTD_US_F__208V__208V__CEC_2005_
Magnetek Uncommon Power: PVI-3000-I-OUTD-US-F (240V) 240V [CEC 2005],Magnetek_Uncommon_Power__PVI_3000_I_OUTD_US_F__240V__240V__CEC_2005_
"MagneTek, S.p.A.: PVI-3600-I-OUTD-US-F (208V) 208V [CEC 2005]",MagneTek__S_p_A___PVI_3600_I_OUTD_US_F__208V__208V__CEC_2005_
"MagneTek, S.p.A.: PVI-3600-I-OUTD-US-F (240V) 240V [CEC 2005]",MagneTek__S_p_A___PVI_3600_I_OUTD_US_F__240V__240V__CEC_2005_
"MagneTek, S.p.A.: PVI-3600-US (208V) 208V [CEC 2005]",MagneTek__S_p_A___PVI_3600_US__208V__208V__CEC_2005_
"MagneTek, S.p.A.: PVI-3600-US (240V) 240V [CEC 2005]",MagneTek__S_p_A___PVI_3600_US__240V__240V__CEC_2005_
Mohr Power (Original Mfg - PV Powered): MPS1100EVR 120V [CEC 2008],Mohr_Power__Original_Mfg___PV_Powered___MPS1100EVR_120V__CEC_2008_
Mohr Power (Original Mfg - PV Powered): MPS2000EVR 240V [CEC 2008],Mohr_Power__Original_Mfg___PV_Powered___MPS2000EVR_240V__CEC_2008_
Mohr Power (Original Mfg - PV Powered): MPS2500 240V [CEC 2006],Mohr_Power__Original_Mfg___PV_Powered___MPS2500_240V__CEC_2006_
Mohr Power (Original Mfg - PV Powered): MPS3000 240V [CEC 2008],Mohr_Power__Original_Mfg___PV_Powered___MPS3000_240V__CEC_2008_
Mohr Power (Original Mfg - PV Powered): MPS3500 240V [CEC 2006],Mohr_Power__Original_Mfg___PV_Powered___MPS3500_240V__CEC_2006_
Mohr Power (Original Mfg - PV Powered): MPS4600 208V [CEC 2005],Mohr_Power__Original_Mfg___PV_Powered___MPS4600_208V__CEC_2005_
Mohr Power (Original Mfg - PV Powered): MPS4800 240V [CEC 2006],Mohr_Power__Original_Mfg___PV_Powered___MPS4800_240V__CEC_2006_
Mohr Power (Original Mfg - PV Powered): MPS5200 240V [CEC 2005],Mohr_Power__Original_Mfg___PV_Powered___MPS5200_240V__CEC_2005_
"Motech Industries, Inc.: PVMate 2900U (208)  208V [CEC 2009]",Motech_Industries__Inc___PVMate_2900U__208___208V__CEC_2009_
"Motech Industries, Inc.: PVMate 2900U (240) 240V [CEC 2009]",Motech_Industries__Inc___PVMate_2900U__240__240V__CEC_2009_
"Motech Industries, Inc.: PVMate 2900U-PG (208)  208V [CEC 2009]",Motech_Industries__Inc___PVMate_2900U_PG__208___208V__CEC_2009_
"Motech Industries, Inc.: PVMate 2900U-PG (240) 240V [CEC 2009]",Motech_Industries__Inc___PVMate_2900U_PG__240__240V__CEC_2009_
"Motech Industries, Inc.: PVMate 3900U or 3840U (208) 208V [CEC 2009]",Motech_Industries__Inc___PVMate_3900U_or_3840U__208__208V__CEC_2009_
"Motech Industries, Inc.: PVMate 3900U or 3840U (240) 240V [CEC 2009]",Motech_Industries__Inc___PVMate_3900U_or_3840U__240__240V__CEC_2009_
"Motech Industries, Inc.: PVMate 3900U-PG or 3840U-PG (208) 208V [CEC 2009]",Motech_Industries__Inc___PVMate_3900U_PG_or_3840U_PG__208__208V__CEC_2009_
"Motech Industries, Inc.: PVMate 3900U-PG or 3840U-PG (240) 240V [CEC 2009]",Motech_Industries__Inc___PVMate_3900U_PG_or_3840U_PG__240__240V__CEC_2009_
"Motech Industries, Inc.: PVMate 4900U (208) 208V [CEC 2009]",Motech_Industries__Inc___PVMate_4900U__208__208V__CEC_2009_
"Motech Industries, Inc.: PVMate 4900U (240) 240V [CEC 2009]",Motech_Industries__Inc___PVMate_4900U__240__240V__CEC_2009_
"Motech Industries, Inc.: PVMate 5300U (208) 208V [CEC 2009]",Motech_Industries__Inc___PVMate_5300U__208__208V__CEC_2009_
"Motech Industries, Inc.: PVMate 5300U (240) 240V [CEC 2009]",Motech_Industries__Inc___PVMate_5300U__240__240V__CEC_2009_
Motech Industries Inc.: PVMate 6500U (208V) 208V [CEC 2011],Motech_Industries_Inc___PVMate_6500U__208V__208V__CEC_2011_
Motech Industries Inc.: PVMate 6500U (240V) 240V [CEC 2011],Motech_Industries_Inc___PVMate_6500U__240V__240V__CEC_2011_
Motech Industries Inc.: PVMate 6500U (277V) 277V [CEC 2011],Motech_Industries_Inc___PVMate_6500U__277V__277V__CEC_2011_
Motech Industries Inc.: PVMate 7500U (208V) 208V [CEC 2011],Motech_Industries_Inc___PVMate_7500U__208V__208V__CEC_2011_
Motech Industries Inc.: PVMate 7500U (240V) 240V [CEC 2011],Motech_Industries_Inc___PVMate_7500U__240V__240V__CEC_2011_
Motech Industries Inc.: PVMate 7500U (277V) 277V [CEC 2011],Motech_Industries_Inc___PVMate_7500U__277V__277V__CEC_2011_
Nextronex: RAY-MAX 150 480V [CEC 2010],Nextronex__RAY_MAX_150_480V__CEC_2010_
Open Energy (Original Mfg - PV Powered): Solar Save 1100 120V [CEC 2008],Open_Energy__Original_Mfg___PV_Powered___Solar_Save_1100_120V__CEC_2008_
Open Energy (Original Mfg - PV Powered): Solar Save 2000 240V [CEC 2008],Open_Energy__Original_Mfg___PV_Powered___Solar_Save_2000_240V__CEC_2008_
Open Energy (Original Mfg - PV Powered): Solar Save 2500 240V [CEC 2006],Open_Energy__Original_Mfg___PV_Powered___Solar_Save_2500_240V__CEC_2006_
Open Energy (Original Mfg - PV Powered): Solar Save 3500 240V [CEC 2006],Open_Energy__Original_Mfg___PV_Powered___Solar_Save_3500_240V__CEC_2006_
Open Energy (Original Mfg - PV Powered): Solar Save 4600 208V [CEC 2005],Open_Energy__Original_Mfg___PV_Powered___Solar_Save_4600_208V__CEC_2005_
Open Energy (Original Mfg - PV Powered): Solar Save 4800 240V [CEC 2006],Open_Energy__Original_Mfg___PV_Powered___Solar_Save_4800_240V__CEC_2006_
Open Energy (Original Mfg - PV Powered): Solar Save 5200 240V [CEC 2005],Open_Energy__Original_Mfg___PV_Powered___Solar_Save_5200_240V__CEC_2005_
OPTI-Solar (Original Mfg - Powercom): GT 1500(208) 208V [CEC 2010],OPTI_Solar__Original_Mfg___Powercom___GT_1500_208__208V__CEC_2010_
OPTI-Solar (Original Mfg - Powercom): GT 1500(240) 240V [CEC 2010],OPTI_Solar__Original_Mfg___Powercom___GT_1500_240__240V__CEC_2010_
OPTI-Solar (Original Mfg - Powercom): GT 2000(208) 208V [CEC 2010],OPTI_Solar__Original_Mfg___Powercom___GT_2000_208__208V__CEC_2010_
OPTI-Solar (Original Mfg - Powercom): GT 2000(240) 240V [CEC 2010],OPTI_Solar__Original_Mfg___Powercom___GT_2000_240__240V__CEC_2010_
OPTI-Solar (Original Mfg - Powercom): GT 3000(208) 208V [CEC 2010],OPTI_Solar__Original_Mfg___Powercom___GT_3000_208__208V__CEC_2010_
OPTI-Solar (Original Mfg - Powercom): GT 3000(240) 240V [CEC 2010],OPTI_Solar__Original_Mfg___Powercom___GT_3000_240__240V__CEC_2010_
OPTI-Solar (Original Mfg - Powercom): GT 4000 (208Vac) 208V [CEC 2011],OPTI_Solar__Original_Mfg___Powercom___GT_4000__208Vac__208V__CEC_2011_
OPTI-Solar (Original Mfg - Powercom): GT 4000 (240Vac) 240V [CEC 2011],OPTI_Solar__Original_Mfg___Powercom___GT_4000__240Vac__240V__CEC_2011_
Outback Power Systems: GTFX3048 120V [CEC 2009],Outback_Power_Systems__GTFX3048_120V__CEC_2009_
OutBack Power Systems: GVFX3648 120V [CEC 2005],OutBack_Power_Systems__GVFX3648_120V__CEC_2005_
Phoenixtec: PS240US3R (208V) 208V [CEC 2007],Phoenixtec__PS240US3R__208V__208V__CEC_2007_
Phoenixtec: PS240US3R (240V) 240V [CEC 2007],Phoenixtec__PS240US3R__240V__240V__CEC_2007_
"Powercom Co., Ltd.: SLK-1500 (208V) 208V [CEC 2010]",Powercom_Co___Ltd___SLK_1500__208V__208V__CEC_2010_
"Powercom Co., Ltd.: SLK-1500 (240V) 240V [CEC 2010]",Powercom_Co___Ltd___SLK_1500__240V__240V__CEC_2010_
"Powercom Co., Ltd.: SLK-2000 (208Vac) 208V [CEC 2010]",Powercom_Co___Ltd___SLK_2000__208Vac__208V__CEC_2010_
"Powercom Co., Ltd.: SLK-2000 (240Vac) 240V [CEC 2010]",Powercom_Co___Ltd___SLK_2000__240Vac__240V__CEC_2010_
"Powercom Co., Ltd.: SLK-3000 (208Vac) 208V [CEC 2010]",Powercom_Co___Ltd___SLK_3000__208Vac__208V__CEC_2010_
"Powercom Co., Ltd.: SLK-3000 (240Vac) 240V [CEC 2010]",Powercom_Co___Ltd___SLK_3000__240Vac__240V__CEC_2010_
"Powercom Co., Ltd.: SLK-4000 (208) 208V [CEC 2010]",Powercom_Co___Ltd___SLK_4000__208__208V__CEC_2010_
"Powercom Co., Ltd.: SLK-4000 (208) 208V [CEC 2008]",Powercom_Co___Ltd___SLK_4000__208__208V__CEC_2008_
"Powercom Co., Ltd.: SLK-4000 (240) 240V [CEC 2010]",Powercom_Co___Ltd___SLK_4000__240__240V__CEC_2010_
"Powercom Co., Ltd.: SLK-4000 (240) 240V [CEC 2009]",Powercom_Co___Ltd___SLK_4000__240__240V__CEC_2009_
"Powercom Co., Ltd.: SLK-4000 (277 Vac) 277V [CEC 2011]",Powercom_Co___Ltd___SLK_4000__277_Vac__277V__CEC_2011_
Power-One: PVI-3.0-OUTD-S-US (208V) 208V [CEC 2009],Power_One__PVI_3_0_OUTD_S_US__208V__208V__CEC_2009_
Power-One: PVI-3.0-OUTD-S-US (240V) 240V [CEC 2009],Power_One__PVI_3_0_OUTD_S_US__240V__240V__CEC_2009_
Power-One: PVI-3.0-OUTD-S-US (277V) 277V [CEC 2009],Power_One__PVI_3_0_OUTD_S_US__277V__277V__CEC_2009_
Power-One: PVI-3.6-OUTD-S-US (208V) 208V [CEC 2009],Power_One__PVI_3_6_OUTD_S_US__208V__208V__CEC_2009_
Power-One: PVI-3.6-OUTD-S-US (240V) 240V [CEC 2009],Power_One__PVI_3_6_OUTD_S_US__240V__240V__CEC_2009_
Power-One: PVI-3.6-OUTD-S-US (277V) 277V [CEC 2009],Power_One__PVI_3_6_OUTD_S_US__277V__277V__CEC_2009_
Power-One: PVI-3.8-I-OUTD-x-US-y 208V [CEC 2010],Power_One__PVI_3_8_I_OUTD_x_US_y_208V__CEC_2010_
Power-One: PVI-3.8-I-OUTD-x-US-y 240V [CEC 2010],Power_One__PVI_3_8_I_OUTD_x_US_y_240V__CEC_2010_
Power-One: PVI-3.8-I-OUTD-x-US-y 277V [CEC 2010],Power_One__PVI_3_8_I_OUTD_x_US_y_277V__CEC_2010_
Power-One: PVI-4.2-OUTD-S-US (208V) 208V [CEC 2009],Power_One__PVI_4_2_OUTD_S_US__208V__208V__CEC_2009_
Power-One: PVI-4.2-OUTD-S-US (240V) 240V [CEC 2009],Power_One__PVI_4_2_OUTD_S_US__240V__240V__CEC_2009_
Power-One: PVI-4.2-OUTD-S-US (277V) 277V [CEC 2009],Power_One__PVI_4_2_OUTD_S_US__277V__277V__CEC_2009_
Power-One: PVI-4.6-I-OUTD-x-US-y 208V [CEC 2010],Power_One__PVI_4_6_I_OUTD_x_US_y_208V__CEC_2010_
Power-One: PVI-4.6-I-OUTD-x-US-y 240V [CEC 2010],Power_One__PVI_4_6_I_OUTD_x_US_y_240V__CEC_2010_
Power-One: PVI-4.6-I-OUTD-x-US-y 277V [CEC 2010],Power_One__PVI_4_6_I_OUTD_x_US_y_277V__CEC_2010_
"Power-One, Inc.: PVI-10.0-I-OUTD-x-US-208-y 208V [CEC 2011]",Power_One__Inc___PVI_10_0_I_OUTD_x_US_208_y_208V__CEC_2011_
"Power-One, Inc.: PVI-10.0-I-OUTD-x-US-480-y-z 480V [CEC 2011]",Power_One__Inc___PVI_10_0_I_OUTD_x_US_480_y_z_480V__CEC_2011_
"Power-One, Inc.: PVI-12.0-I-OUTD-x-US-480-y 480V [CEC 2011]",Power_One__Inc___PVI_12_0_I_OUTD_x_US_480_y_480V__CEC_2011_
Power-One (Original Mfr. - Magnetek): PVI-5000-208 208V [CEC 2007],Power_One__Original_Mfr____Magnetek___PVI_5000_208_208V__CEC_2007_
Power-One (Original Mfr. - Magnetek): PVI-5000-240 240V [CEC 2007],Power_One__Original_Mfr____Magnetek___PVI_5000_240_240V__CEC_2007_
Power-One (Original Mfr. - Magnetek): PVI-5000-277 277V [CEC 2007],Power_One__Original_Mfr____Magnetek___PVI_5000_277_277V__CEC_2007_
Power-One (Original Mfr. - Magnetek): PVI-6000-208 208V [CEC 2007],Power_One__Original_Mfr____Magnetek___PVI_6000_208_208V__CEC_2007_
Power-One (Original Mfr. - Magnetek): PVI-6000-240 240V [CEC 2007],Power_One__Original_Mfr____Magnetek___PVI_6000_240_240V__CEC_2007_
Power-One (Original Mfr. - Magnetek): PVI-6000-277 277V [CEC 2007],Power_One__Original_Mfr____Magnetek___PVI_6000_277_277V__CEC_2007_
Power-One: PVI-CENTRAL-50-US (208) 208V [CEC 2008],Power_One__PVI_CENTRAL_50_US__208__208V__CEC_2008_
Power-One: PVI-CENTRAL-50-US (480) 480V [CEC 2008],Power_One__PVI_CENTRAL_50_US__480__480V__CEC_2008_
Power-One: PVI-CENTRAL-100-US (208) 208V [CEC 2008],Power_One__PVI_CENTRAL_100_US__208__208V__CEC_2008_
Power-One: PVI-CENTRAL-100-US (480) 480V [CEC 2008],Power_One__PVI_CENTRAL_100_US__480__480V__CEC_2008_
Power-One: PVI-CENTRAL-250-US 480V [CEC 2011],Power_One__PVI_CENTRAL_250_US_480V__CEC_2011_
Power-One: PVI-CENTRAL-300-US 480V [CEC 2011],Power_One__PVI_CENTRAL_300_US_480V__CEC_2011_
Princeton Power Systems: GTIB-480-100 (480 VDC) 480V [CEC 2010],Princeton_Power_Systems__GTIB_480_100__480_VDC__480V__CEC_2010_
Princeton Power Systems: GTIB-480-100 (600 VDC) 480V [CEC 2010],Princeton_Power_Systems__GTIB_480_100__600_VDC__480V__CEC_2010_
PV Powered: PVP100KW (208) 208V [CEC 2008],PV_Powered__PVP100KW__208__208V__CEC_2008_
PV Powered: PVP100KW (480) 480V [CEC 2008],PV_Powered__PVP100KW__480__480V__CEC_2008_
PV Powered: PVP1100 120V [CEC 2008],PV_Powered__PVP1100_120V__CEC_2008_
PV Powered: PVP1100EVR 120V [CEC 2008],PV_Powered__PVP1100EVR_120V__CEC_2008_
PV Powered: PVP1800 120V [CEC 2005],PV_Powered__PVP1800_120V__CEC_2005_
PV Powered: PVP2000-120 120V [CEC 2005],PV_Powered__PVP2000_120_120V__CEC_2005_
PV Powered: PVP2000 240V [CEC 2008],PV_Powered__PVP2000_240V__CEC_2008_
PV Powered: PVP2000EVR 240V [CEC 2008],PV_Powered__PVP2000EVR_240V__CEC_2008_
PV Powered: PVP2500 240V [CEC 2006],PV_Powered__PVP2500_240V__CEC_2006_
PV Powered: PVP250kW-480 480V [CEC 2011],PV_Powered__PVP250kW_480_480V__CEC_2011_
PV Powered: PVP250kW-600 600V [CEC 2011],PV_Powered__PVP250kW_600_600V__CEC_2011_
PV Powered: PVP260kW 480V [CEC 2009],PV_Powered__PVP260kW_480V__CEC_2009_
PV Powered: PVP260kW-LV 480V [CEC 2009],PV_Powered__PVP260kW_LV_480V__CEC_2009_
PV Powered: PVP2800 240V [CEC 2005],PV_Powered__PVP2800_240V__CEC_2005_
PV Powered: PVP2800XV 240V [CEC 2005],PV_Powered__PVP2800XV_240V__CEC_2005_
PV Powered: PVP2800-208 208V [CEC 2008],PV_Powered__PVP2800_208_208V__CEC_2008_
PV Powered: PVP2900 208V [CEC 2005],PV_Powered__PVP2900_208V__CEC_2005_
PV Powered: PVP3000 240V [CEC 2008],PV_Powered__PVP3000_240V__CEC_2008_
PV Powered: PVP30KW (208) 208V [CEC 2007],PV_Powered__PVP30KW__208__208V__CEC_2007_
PV Powered: PVP30KW (480) 480V [CEC 2007],PV_Powered__PVP30KW__480__480V__CEC_2007_
PV Powered: PVP30KW LV (208) 208V [CEC 2008],PV_Powered__PVP30KW_LV__208__208V__CEC_2008_
PV Powered: PVP30KW LV (480) 480V [CEC 2008],PV_Powered__PVP30KW_LV__480__480V__CEC_2008_
PV Powered: PVP3200 240V [CEC 2006],PV_Powered__PVP3200_240V__CEC_2006_
PV Powered: PVP35kW-208 208V [CEC 2011],PV_Powered__PVP35kW_208_208V__CEC_2011_
PV Powered: PVP35kW-480 480V [CEC 2011],PV_Powered__PVP35kW_480_480V__CEC_2011_
PV Powered: PVP35kW-600 600V [CEC 2011],PV_Powered__PVP35kW_600_600V__CEC_2011_
PV Powered: PVP3500 240V [CEC 2006],PV_Powered__PVP3500_240V__CEC_2006_
PV Powered: PVP4600 208V [CEC 2005],PV_Powered__PVP4600_208V__CEC_2005_
PV Powered: PVP4800 240V [CEC 2006],PV_Powered__PVP4800_240V__CEC_2006_
PV Powered: PVP5200 240V [CEC 2005],PV_Powered__PVP5200_240V__CEC_2005_
PV Powered: PVP50kW-208 208V [CEC 2011],PV_Powered__PVP50kW_208_208V__CEC_2011_
PV Powered: PVP50kW-480 480V [CEC 2011],PV_Powered__PVP50kW_480_480V__CEC_2011_
PV Powered: PVP50kW 600VAC 600V [CEC 2011],PV_Powered__PVP50kW_600VAC_600V__CEC_2011_
PV Powered: PVP75KW-208  208V [CEC 2008],PV_Powered__PVP75KW_208__208V__CEC_2008_
PV Powered: PVP75KW-480 480V [CEC 2008],PV_Powered__PVP75KW_480_480V__CEC_2008_
Renergy: RS-1500 (208V) 208V [CEC 2010],Renergy__RS_1500__208V__208V__CEC_2010_
Renergy Inc.: RS-1500 (240V) 240V [CEC 2010],Renergy_Inc___RS_1500__240V__240V__CEC_2010_
Renergy Inc.: RS-2000 (208Vac) 208V [CEC 2010],Renergy_Inc___RS_2000__208Vac__208V__CEC_2010_
Renergy Inc.: RS-2000 (240Vac) 240V [CEC 2010],Renergy_Inc___RS_2000__240Vac__240V__CEC_2010_
Renergy Inc.: RS-3000 (208Vac) 208V [CEC 2010],Renergy_Inc___RS_3000__208Vac__208V__CEC_2010_
Renergy Inc.: RS-3000 (240Vac) 240V [CEC 2010],Renergy_Inc___RS_3000__240Vac__240V__CEC_2010_
Renergy Inc.: RS-4000 (208) 208V [CEC 2009],Renergy_Inc___RS_4000__208__208V__CEC_2009_
Renergy Inc.: RS-4000 (240) 240V [CEC 2009],Renergy_Inc___RS_4000__240__240V__CEC_2009_
Renergy Inc.: RS-5000 (240) 240V [CEC 2011],Renergy_Inc___RS_5000__240__240V__CEC_2011_
Resonix: EVSK1750WG (208V) 208V [CEC 2010],Resonix__EVSK1750WG__208V__208V__CEC_2010_
Resonix: EVSK1750WG (240V) 240V [CEC 2010],Resonix__EVSK1750WG__240V__240V__CEC_2010_
Resonix: EVSK2340WG (208V) 208V [CEC 2010],Resonix__EVSK2340WG__208V__208V__CEC_2010_
Resonix: EVSK2340WG (240V) 240V [CEC 2010],Resonix__EVSK2340WG__240V__240V__CEC_2010_
Resonix: EVSK3510WG (208V) 208V [CEC 2010],Resonix__EVSK3510WG__208V__208V__CEC_2010_
Resonix: EVSK3510WG (240V) 240V [CEC 2010],Resonix__EVSK3510WG__240V__240V__CEC_2010_
Resonix: EVSK4700WG (208V) 208V [CEC 2010],Resonix__EVSK4700WG__208V__208V__CEC_2010_
Resonix: EVSK4700WG (240V) 240V [CEC 2010],Resonix__EVSK4700WG__240V__240V__CEC_2010_
Satcon Technology Corporation: AE-100-60-PV-A 480V [CEC 2005],Satcon_Technology_Corporation__AE_100_60_PV_A_480V__CEC_2005_
Satcon Technology Corporation: AE-100-60-PV-A-HE 480V [CEC 2008],Satcon_Technology_Corporation__AE_100_60_PV_A_HE_480V__CEC_2008_
Satcon Technology Corporation: AE-100-60-PV-D 208V [CEC 2005],Satcon_Technology_Corporation__AE_100_60_PV_D_208V__CEC_2005_
Satcon Technology Corporation: AE-100-60-PV-F 240V [CEC 2005],Satcon_Technology_Corporation__AE_100_60_PV_F_240V__CEC_2005_
Satcon Technology Corporation: AE-135-60-PV-A 480V [CEC 2005],Satcon_Technology_Corporation__AE_135_60_PV_A_480V__CEC_2005_
Satcon Technology Corporation: AE-135-60-PV-D 208V [CEC 2005],Satcon_Technology_Corporation__AE_135_60_PV_D_208V__CEC_2005_
Satcon Technology Corporation: AE-225-60-PV-A 480V [CEC 2005],Satcon_Technology_Corporation__AE_225_60_PV_A_480V__CEC_2005_
Satcon Technology Corporation: AE-225-60-PV-D 208V [CEC 2007],Satcon_Technology_Corporation__AE_225_60_PV_D_208V__CEC_2007_
Satcon Technology Corporation: AE-30-60-PV-A 480V [CEC 2006],Satcon_Technology_Corporation__AE_30_60_PV_A_480V__CEC_2006_
Satcon Technology Corporation: AE-30-60-PV-D 208V [CEC 2006],Satcon_Technology_Corporation__AE_30_60_PV_D_208V__CEC_2006_
Satcon Technology Corporation: AE-30-60-PV-E 240V [CEC 2005],Satcon_Technology_Corporation__AE_30_60_PV_E_240V__CEC_2005_
Satcon Technology Corporation: AE-30-60-PV-F 240V [CEC 2009],Satcon_Technology_Corporation__AE_30_60_PV_F_240V__CEC_2009_
Satcon Technology Corporation: AE-500-60-PV-A 480V [CEC 2005],Satcon_Technology_Corporation__AE_500_60_PV_A_480V__CEC_2005_
Satcon Technology Corporation: AE-50-60-PV-A 480V [CEC 2005],Satcon_Technology_Corporation__AE_50_60_PV_A_480V__CEC_2005_
Satcon Technology Corporation: AE-50-60-PV-D 208V [CEC 2005],Satcon_Technology_Corporation__AE_50_60_PV_D_208V__CEC_2005_
Satcon Technology Corporation: AE-50-60-PV-F 240V [CEC 2005],Satcon_Technology_Corporation__AE_50_60_PV_F_240V__CEC_2005_
Satcon Technology Corporation: AE-75-60-PV-A 480V [CEC 2005],Satcon_Technology_Corporation__AE_75_60_PV_A_480V__CEC_2005_
Satcon Technology Corporation: AE-75-60-PV-D 208V [CEC 2005],Satcon_Technology_Corporation__AE_75_60_PV_D_208V__CEC_2005_
Satcon Technology Corporation: PVS-30 (208V) 208V [CEC  2008],Satcon_Technology_Corporation__PVS_30__208V__208V__CEC__2008_
Satcon Technology Corporation: PVS-30 (240V) 240V [CEC 2008],Satcon_Technology_Corporation__PVS_30__240V__240V__CEC_2008_
Satcon Technology Corporation: PVS-30 (480V) 480V [CEC 2008],Satcon_Technology_Corporation__PVS_30__480V__480V__CEC_2008_
Satcon Technology Corporation: PVS-50-S-MT (208V) 208V [CEC 2009],Satcon_Technology_Corporation__PVS_50_S_MT__208V__208V__CEC_2009_
Satcon Technology Corporation: PVS-50-S-MT (240V) 240V [CEC 2009],Satcon_Technology_Corporation__PVS_50_S_MT__240V__240V__CEC_2009_
Satcon Technology Corporation: PVS-50-S-MT (480V) 480V [CEC 2009],Satcon_Technology_Corporation__PVS_50_S_MT__480V__480V__CEC_2009_
Satcon Technology Corporation: PVS-75 (208V) 208V [CEC 2008],Satcon_Technology_Corporation__PVS_75__208V__208V__CEC_2008_
Satcon Technology Corporation: PVS-75 (240V) 240V [CEC 2008],Satcon_Technology_Corporation__PVS_75__240V__240V__CEC_2008_
Satcon Technology Corporation: PVS-75 (480V) 480V [CEC 2008],Satcon_Technology_Corporation__PVS_75__480V__480V__CEC_2008_
Satcon Technology Corporation: PVS-100 (208V) 208V [CEC 2008],Satcon_Technology_Corporation__PVS_100__208V__208V__CEC_2008_
Satcon Technology Corporation: PVS-100 (240V) 240V [CEC 2008],Satcon_Technology_Corporation__PVS_100__240V__240V__CEC_2008_
Satcon Technology Corporation: PVS-100 (480V) 480V [CEC 2008],Satcon_Technology_Corporation__PVS_100__480V__480V__CEC_2008_
Satcon Technology Corporation: PVS-110-S-MT (208V) 208V [CEC 2009],Satcon_Technology_Corporation__PVS_110_S_MT__208V__208V__CEC_2009_
Satcon Technology Corporation: PVS-110-S-MT (240V) 240V [CEC 2009],Satcon_Technology_Corporation__PVS_110_S_MT__240V__240V__CEC_2009_
Satcon Technology Corporation: PVS-110-S-MT (480V) 480V [CEC 2009],Satcon_Technology_Corporation__PVS_110_S_MT__480V__480V__CEC_2009_
Satcon Technology Corporation: PVS-135 (208V) 208V [CEC 2008],Satcon_Technology_Corporation__PVS_135__208V__208V__CEC_2008_
Satcon Technology Corporation: PVS-135 (240V) 240V [CEC 2008],Satcon_Technology_Corporation__PVS_135__240V__240V__CEC_2008_
Satcon Technology Corporation: PVS-135 (480V) 480V [CEC 2008],Satcon_Technology_Corporation__PVS_135__480V__480V__CEC_2008_
Satcon Technology Corporation: PVS-210-S (208V) 208V [CEC 2009],Satcon_Technology_Corporation__PVS_210_S__208V__208V__CEC_2009_
Satcon Technology Corporation: PVS-210-S (240V) 240V [CEC 2009],Satcon_Technology_Corporation__PVS_210_S__240V__240V__CEC_2009_
Satcon Technology Corporation: PVS-210-S (480V) 480V [CEC 2009],Satcon_Technology_Corporation__PVS_210_S__480V__480V__CEC_2009_
Satcon Technology Corporation: PVS-250 (208V) 208V [CEC 2008],Satcon_Technology_Corporation__PVS_250__208V__208V__CEC_2008_
Satcon Technology Corporation: PVS-250 (240V) 240V [CEC 2008],Satcon_Technology_Corporation__PVS_250__240V__240V__CEC_2008_
Satcon Technology Corporation: PVS-250 (480V) 480V [CEC 2008],Satcon_Technology_Corporation__PVS_250__480V__480V__CEC_2008_
Satcon Technology Corporation: PVS-250 (MVT) 208V [CEC 2009],Satcon_Technology_Corporation__PVS_250__MVT__208V__CEC_2009_
Satcon Technology Corporation: PVS-375 (480V) 480V [CEC 2008],Satcon_Technology_Corporation__PVS_375__480V__480V__CEC_2008_
Satcon Technology Corporation: PVS-500-MVT (200V) 200V [CEC 2009],Satcon_Technology_Corporation__PVS_500_MVT__200V__200V__CEC_2009_
Satcon Technology Corporation: PVS-500 (480V) 480V [CEC 2008],Satcon_Technology_Corporation__PVS_500__480V__480V__CEC_2008_
Satcon Technology Corporation: PVS-1000 MVT 265V [CEC 2009],Satcon_Technology_Corporation__PVS_1000_MVT_265V__CEC_2009_
Satcon Technology Corporation: Solstice SDMS0500UL320Xx (320Vac) 320V [CEC 2010],Satcon_Technology_Corporation__Solstice_SDMS0500UL320Xx__320Vac__320V__CEC_2010_
Satcon Technology Corporation: Solstice SDMS0500UL480Tx (480Vac) 480V [CEC 2010],Satcon_Technology_Corporation__Solstice_SDMS0500UL480Tx__480Vac__480V__CEC_2010_
Satcon Technology Corporation: SSB2512LNU + SDMS0100208LNIU 208V [CEC 2010],Satcon_Technology_Corporation__SSB2512LNU___SDMS0100208LNIU_208V__CEC_2010_
Satcon Technology Corporation: SSB2512LNU + SDMS0100240LNIU 240V [CEC 2010],Satcon_Technology_Corporation__SSB2512LNU___SDMS0100240LNIU_240V__CEC_2010_
Satcon Technology Corporation: SSB2512LNU + SDMS0100480LNIU 480V [CEC 2010],Satcon_Technology_Corporation__SSB2512LNU___SDMS0100480LNIU_480V__CEC_2010_
Schneider: Conext TX 2800 NA (Set for 208 V) 208V [CEC 2011],Schneider__Conext_TX_2800_NA__Set_for_208_V__208V__CEC_2011_
Schneider: Conext 2800 NA (Set for 240 V) 240V [CEC 2011],Schneider__Conext_2800_NA__Set_for_240_V__240V__CEC_2011_
Schneider: Conext TX 3300 NA (set to 208V) 208V [CEC 2011],Schneider__Conext_TX_3300_NA__set_to_208V__208V__CEC_2011_
Schneider: Conext TX 3300 NA (set to 240V) 240V [CEC 2011],Schneider__Conext_TX_3300_NA__set_to_240V__240V__CEC_2011_
Schneider: Conext TX 3800 NA (set to 208V) 208V [CEC 2011],Schneider__Conext_TX_3800_NA__set_to_208V__208V__CEC_2011_
Schneider: Conext TX 3800 NA (set to 240V) 240V [CEC 2011],Schneider__Conext_TX_3800_NA__set_to_240V__240V__CEC_2011_
Schneider: Conext TX 5000 NA (Set for 208 V) 208V [CEC 2011],Schneider__Conext_TX_5000_NA__Set_for_208_V__208V__CEC_2011_
Schneider: Conext TX 5000 NA (Set for 240 V) 240V [CEC 2011],Schneider__Conext_TX_5000_NA__Set_for_240_V__240V__CEC_2011_
Schuco USA L.P. (Original Mfg - SMA America): SB700U 120V [CEC 2010],Schuco_USA_L_P___Original_Mfg___SMA_America___SB700U_120V__CEC_2010_
Schuco USA L.P. (Original Mfg - SMA America): SB700U-SBD 120V [CEC 2010],Schuco_USA_L_P___Original_Mfg___SMA_America___SB700U_SBD_120V__CEC_2010_
Schuco USA L.P. (Original Mfg - SMA America): SB3000US (208V) 208V [CEC NaN],Schuco_USA_L_P___Original_Mfg___SMA_America___SB3000US__208V__208V__CEC_NaN_
Schuco USA L.P. (Original Mfg - SMA America): SB3000US (240V) 240V [CEC NaN],Schuco_USA_L_P___Original_Mfg___SMA_America___SB3000US__240V__240V__CEC_NaN_
Schuco USA L.P. (Original Mfg - SMA America): SB3300U (240V) 240V [CEC 2006],Schuco_USA_L_P___Original_Mfg___SMA_America___SB3300U__240V__240V__CEC_2006_
Schuco USA L.P. (Original Mfg - SMA America): SB3800U (208V) 208V [CEC 2006],Schuco_USA_L_P___Original_Mfg___SMA_America___SB3800U__208V__208V__CEC_2006_
Schuco USA L.P. (Original Mfg - SMA America): SB3800U (240V) 240V [CEC 2006],Schuco_USA_L_P___Original_Mfg___SMA_America___SB3800U__240V__240V__CEC_2006_
Schuco USA L.P. (Original Mfg - SMA America): SB4000US (208V) 208V [CEC NaN],Schuco_USA_L_P___Original_Mfg___SMA_America___SB4000US__208V__208V__CEC_NaN_
Schuco USA L.P. (Original Mfg - SMA America): SB4000US (240V) 240V [CEC NaN],Schuco_USA_L_P___Original_Mfg___SMA_America___SB4000US__240V__240V__CEC_NaN_
Schuco USA L.P. (Original Mfg - SMA America): SB5000US (208V) 208V [CEC NaN],Schuco_USA_L_P___Original_Mfg___SMA_America___SB5000US__208V__208V__CEC_NaN_
Schuco USA L.P. (Original Mfg - SMA America): SB5000US (240V) 240V [CEC NaN],Schuco_USA_L_P___Original_Mfg___SMA_America___SB5000US__240V__240V__CEC_NaN_
Schuco USA L.P. (Original Mfg - SMA America): SB5000US (277V) 277V [CEC NaN],Schuco_USA_L_P___Original_Mfg___SMA_America___SB5000US__277V__277V__CEC_NaN_
Schuco USA L.P. (Original Mfg - SMA America): SB6000U (208V) 208V [CEC 2006],Schuco_USA_L_P___Original_Mfg___SMA_America___SB6000U__208V__208V__CEC_2006_
Schuco USA L.P. (Original Mfg - SMA America): SB6000U (240V) 240V [CEC 2006],Schuco_USA_L_P___Original_Mfg___SMA_America___SB6000U__240V__240V__CEC_2006_
Schuco USA L.P. (Original Mfg - SMA America): SB6000U (277V) 277V [CEC 2006],Schuco_USA_L_P___Original_Mfg___SMA_America___SB6000U__277V__277V__CEC_2006_
Schuco USA L.P. (Original Mfg - SMA America): SB6000US (208V) 208V [CEC 2006],Schuco_USA_L_P___Original_Mfg___SMA_America___SB6000US__208V__208V__CEC_2006_
Schuco USA L.P. (Original Mfg - SMA America): SB6000US (240V) 240V [CEC 2006],Schuco_USA_L_P___Original_Mfg___SMA_America___SB6000US__240V__240V__CEC_2006_
Schuco USA L.P. (Original Mfg - SMA America): SB6000US (277V) 277V [CEC 2006],Schuco_USA_L_P___Original_Mfg___SMA_America___SB6000US__277V__277V__CEC_2006_
Schuco USA L.P. (Original Mfg - SMA America): SB7000US (208V) 208V [CEC 2007],Schuco_USA_L_P___Original_Mfg___SMA_America___SB7000US__208V__208V__CEC_2007_
Schuco USA L.P. (Original Mfg - SMA America): SB7000US (240V) 240V [CEC 2007],Schuco_USA_L_P___Original_Mfg___SMA_America___SB7000US__240V__240V__CEC_2007_
Schuco USA L.P. (Original Mfg - SMA America): SB7000US (277V) 277V [CEC 2007],Schuco_USA_L_P___Original_Mfg___SMA_America___SB7000US__277V__277V__CEC_2007_
Schuco USA L.P. (Original Mfg - SMA America): SB8000US (240V) 240V [CEC 2010],Schuco_USA_L_P___Original_Mfg___SMA_America___SB8000US__240V__240V__CEC_2010_
Schuco USA L.P. (Original Mfg - SMA America): SB8000US (277V) 277V [CEC 2010],Schuco_USA_L_P___Original_Mfg___SMA_America___SB8000US__277V__277V__CEC_2010_
Schuco USA L.P. (Original Mfg - SMA America): ST42 (208) 208V [CEC 2008],Schuco_USA_L_P___Original_Mfg___SMA_America___ST42__208__208V__CEC_2008_
Schuco USA L.P. (Original Mfg - SMA America): ST42 (277) 277V [CEC 2008],Schuco_USA_L_P___Original_Mfg___SMA_America___ST42__277__277V__CEC_2008_
Schuco USA L.P. (Original Mfg - SMA America): SWR1800U-SBD 120V [CEC 2005],Schuco_USA_L_P___Original_Mfg___SMA_America___SWR1800U_SBD_120V__CEC_2005_
Schuco USA L.P. (Original Mfg - SMA America): SWR2100U 240V [CEC 2006],Schuco_USA_L_P___Original_Mfg___SMA_America___SWR2100U_240V__CEC_2006_
Schuco USA L.P. (Original Mfg - SMA America): SWR2500U (208V) 208V [CEC 2005],Schuco_USA_L_P___Original_Mfg___SMA_America___SWR2500U__208V__208V__CEC_2005_
Schuco USA L.P. (Original Mfg - SMA America): SWR2500U (240V) 240V [CEC 2006],Schuco_USA_L_P___Original_Mfg___SMA_America___SWR2500U__240V__240V__CEC_2006_
Schuco USA L.P. (Original Mfg - SMA America): SWR2500U-SBD (208V) 208V [CEC 2005],Schuco_USA_L_P___Original_Mfg___SMA_America___SWR2500U_SBD__208V__208V__CEC_2005_
Schuco USA L.P. (Original Mfg - SMA America): SWR2500U-SBD (240V) 240V [CEC 2006],Schuco_USA_L_P___Original_Mfg___SMA_America___SWR2500U_SBD__240V__240V__CEC_2006_
Sharp: JH3500U 240V [CEC 2005],Sharp__JH3500U_240V__CEC_2005_
Shenzhen Byd Auto Co Ltd: BSG5000-U - 208Vac 208V [CEC 2011],Shenzhen_Byd_Auto_Co_Ltd__BSG5000_U___208Vac_208V__CEC_2011_
Shenzhen Byd Auto Co Ltd: BSG5000-U - 240Vac 240V [CEC 2011],Shenzhen_Byd_Auto_Co_Ltd__BSG5000_U___240Vac_240V__CEC_2011_
Siemens: SINVERT PVS351 UL 480V [CEC 2010],Siemens__SINVERT_PVS351_UL_480V__CEC_2010_
Siemens: SINVERT PVS701 UL 480V [CEC 2010],Siemens__SINVERT_PVS701_UL_480V__CEC_2010_
Siemens: SINVERT PVS1051 UL 480V [CEC 2010],Siemens__SINVERT_PVS1051_UL_480V__CEC_2010_
Siemens: SINVERT PVS1401 UL 480V [CEC 2010],Siemens__SINVERT_PVS1401_UL_480V__CEC_2010_
SMA America: SB1100U 240V [CEC 2005],SMA_America__SB1100U_240V__CEC_2005_
SMA America: SB3000US 208V [CEC 2007],SMA_America__SB3000US_208V__CEC_2007_
SMA America: SB3000US 240V [CEC 2007],SMA_America__SB3000US_240V__CEC_2007_
SMA America: SB3300U 240V [CEC 2006],SMA_America__SB3300U_240V__CEC_2006_
SMA America: SB3800U 208V [CEC 2005],SMA_America__SB3800U_208V__CEC_2005_
SMA America: SB3800U 240V [CEC 2005],SMA_America__SB3800U_240V__CEC_2005_
SMA America: SB4000US 208V [CEC 2007],SMA_America__SB4000US_208V__CEC_2007_
SMA America: SB4000US 240V [CEC 2007],SMA_America__SB4000US_240V__CEC_2007_
SMA America: SB5000US 208V [CEC 2007],SMA_America__SB5000US_208V__CEC_2007_
SMA America: SB5000US 240V [CEC 2007],SMA_America__SB5000US_240V__CEC_2007_
SMA America: SB5000US 277V [CEC 2007],SMA_America__SB5000US_277V__CEC_2007_
SMA America: SB6000U 208V [CEC 2005],SMA_America__SB6000U_208V__CEC_2005_
SMA America: SB6000U 240V [CEC 2005],SMA_America__SB6000U_240V__CEC_2005_
SMA America: SB6000U 277V [CEC 2005],SMA_America__SB6000U_277V__CEC_2005_
SMA America: SB6000US 208V [CEC 2007],SMA_America__SB6000US_208V__CEC_2007_
SMA America: SB6000US 240V [CEC 2007],SMA_America__SB6000US_240V__CEC_2007_
SMA America: SB6000US 277V [CEC 2007],SMA_America__SB6000US_277V__CEC_2007_
SMA America: SB7000US 208V [CEC 2007],SMA_America__SB7000US_208V__CEC_2007_
SMA America: SB7000US 240V [CEC 2007],SMA_America__SB7000US_240V__CEC_2007_
SMA America: SB7000US 277V [CEC 2007],SMA_America__SB7000US_277V__CEC_2007_
SMA America: SB700U 120V [CEC 2005],SMA_America__SB700U_120V__CEC_2005_
SMA America: SB8000US 240V [CEC 2010],SMA_America__SB8000US_240V__CEC_2010_
SMA America: SB8000US 277V [CEC 2010],SMA_America__SB8000US_277V__CEC_2010_
SMA America: SC125U 208V [CEC 2005],SMA_America__SC125U_208V__CEC_2005_
SMA America: SC125U 480V [CEC 2005],SMA_America__SC125U_480V__CEC_2005_
SMA America: SC250U 480V [CEC NaN],SMA_America__SC250U_480V__CEC_NaN_
SMA America: SC 500HE-US 200V [CEC 2010],SMA_America__SC_500HE_US_200V__CEC_2010_
SMA America: SC 500HE-US + transformer (MV-Cooper) 480V [CEC 2010],SMA_America__SC_500HE_US___transformer__MV_Cooper__480V__CEC_2010_
SMA America: SC 500HE-US + transformer (MV-TP1) 480V [CEC 2010],SMA_America__SC_500HE_US___transformer__MV_TP1__480V__CEC_2010_
SMA America: SC500U 480V [CEC 2009],SMA_America__SC500U_480V__CEC_2009_
SMA America: ST36 (208) 208V [CEC 2008],SMA_America__ST36__208__208V__CEC_2008_
SMA America: ST36 (240) 240V [CEC 2010],SMA_America__ST36__240__240V__CEC_2010_
SMA America: ST36 (277) 277V [CEC 2008],SMA_America__ST36__277__277V__CEC_2008_
SMA America: ST42 (208) 208V [CEC 2008],SMA_America__ST42__208__208V__CEC_2008_
SMA America: ST42 (240) 208V [CEC 2010],SMA_America__ST42__240__208V__CEC_2010_
SMA America: ST42 (277) 277V [CEC 2008],SMA_America__ST42__277__277V__CEC_2008_
SMA America: ST48 (277) 277V [CEC 2010],SMA_America__ST48__277__277V__CEC_2010_
SMA America: SWR1800U 120V [CEC 2005],SMA_America__SWR1800U_120V__CEC_2005_
SMA America: SWR2100U 208V [CEC 2006],SMA_America__SWR2100U_208V__CEC_2006_
SMA America: SWR2500U 208V [CEC 2005],SMA_America__SWR2500U_208V__CEC_2005_
SMA America: SWR2500U 240V [CEC 2005],SMA_America__SWR2500U_240V__CEC_2005_
SMA Solar Technology AG: SB 2000HFUS-30_208V 208V [CEC 2011],SMA_Solar_Technology_AG__SB_2000HFUS_30_208V_208V__CEC_2011_
SMA Solar Technology AG: SB2000HFUS-30-240V 240V [CEC 2011],SMA_Solar_Technology_AG__SB2000HFUS_30_240V_240V__CEC_2011_
SMA Solar Technology AG: SB2500HFUS-30-208V 208V [CEC 2011],SMA_Solar_Technology_AG__SB2500HFUS_30_208V_208V__CEC_2011_
SMA Solar Technology AG: SB 2500HFUS-30 -240V 240V [CEC 2011],SMA_Solar_Technology_AG__SB_2500HFUS_30__240V_240V__CEC_2011_
SMA Solar Technology AG: SB3000HFUS-30- 208V 208V [CEC 2011],SMA_Solar_Technology_AG__SB3000HFUS_30__208V_208V__CEC_2011_
SMA Solar Technology AG: SB3000HFUS-30 - 240V 240V [CEC 2011],SMA_Solar_Technology_AG__SB3000HFUS_30___240V_240V__CEC_2011_
SMA Solar Technology AG: SB8000TL-US 208V [CEC 2010],SMA_Solar_Technology_AG__SB8000TL_US_208V__CEC_2010_
SMA Solar Technology AG: SB9000TL-US 208V [CEC 2010],SMA_Solar_Technology_AG__SB9000TL_US_208V__CEC_2010_
SMA Solar Technology AG: SB10000TL-US 208V [CEC 2010],SMA_Solar_Technology_AG__SB10000TL_US_208V__CEC_2010_
SMA Technology AG: SB3800-US 240V [CEC 2010],SMA_Technology_AG__SB3800_US_240V__CEC_2010_
SolarBridge Technologies: P235HV-240 240V [CEC 2011],SolarBridge_Technologies__P235HV_240_240V__CEC_2011_
"SolarBridge Technologies: P235LV-240, P235LV-240-Fxx  240V [CEC 2011]",SolarBridge_Technologies__P235LV_240__P235LV_240_Fxx__240V__CEC_2011_
SolarEdge Technologies Inc.: SE3300-208V 208V [CEC 2010],SolarEdge_Technologies_Inc___SE3300_208V_208V__CEC_2010_
SolarEdge Technologies Inc.: SE3300-240V 240V [CEC 2010],SolarEdge_Technologies_Inc___SE3300_240V_240V__CEC_2010_
SolarEdge Technologies Inc.: SE4000-208V 208V [CEC 2010],SolarEdge_Technologies_Inc___SE4000_208V_208V__CEC_2010_
SolarEdge Technologies Inc.: SE4000-240V 240V [CEC 2010],SolarEdge_Technologies_Inc___SE4000_240V_240V__CEC_2010_
SolarEdge Technologies Inc.: SE5000-208V 208V [CEC 2010],SolarEdge_Technologies_Inc___SE5000_208V_208V__CEC_2010_
SolarEdge Technologies Inc.: SE5000-240V 240V [CEC 2010],SolarEdge_Technologies_Inc___SE5000_240V_240V__CEC_2010_
SolarEdge Technologies Inc.: SE6000-208V 208V [CEC 2010],SolarEdge_Technologies_Inc___SE6000_208V_208V__CEC_2010_
SolarEdge Technologies Inc.: SE6000-240V 240V [CEC 2010],SolarEdge_Technologies_Inc___SE6000_240V_240V__CEC_2010_
Solargate: SG-4000 240V [CEC 2011],Solargate__SG_4000_240V__CEC_2011_
Solectria: PVI 13 kW 208 V 208V [CEC 2007],Solectria__PVI_13_kW_208_V_208V__CEC_2007_
Solectria: PVI 13 kW 480 V 480V [CEC 2007],Solectria__PVI_13_kW_480_V_480V__CEC_2007_
Solectria: PVI 15 kW 208 V 208V [CEC 2007],Solectria__PVI_15_kW_208_V_208V__CEC_2007_
Solectria: PVI 15 kW 480 V 480V [CEC 2007],Solectria__PVI_15_kW_480_V_480V__CEC_2007_
Solectria: PVI 1800 208V [CEC 2005],Solectria__PVI_1800_208V__CEC_2005_
Solectria: PVI 1800 240V [CEC 2005],Solectria__PVI_1800_240V__CEC_2005_
Solectria: PVI 2500 240V [CEC 2005],Solectria__PVI_2500_240V__CEC_2005_
Solectria: PVI 2500 208V [CEC 2005],Solectria__PVI_2500_208V__CEC_2005_
Solectria: PVI 3000/3000-P 208V [CEC 2008],Solectria__PVI_3000_3000_P_208V__CEC_2008_
Solectria: PVI 3000/3000-P 240V [CEC 2008],Solectria__PVI_3000_3000_P_240V__CEC_2008_
Solectria: PVI 4000/4000-P 208V [CEC 2008],Solectria__PVI_4000_4000_P_208V__CEC_2008_
Solectria: PVI 4000/4000-P 240V [CEC 2008],Solectria__PVI_4000_4000_P_240V__CEC_2008_
Solectria: PVI 5000/5000-P 208V [CEC 2008],Solectria__PVI_5000_5000_P_208V__CEC_2008_
Solectria: PVI 5000/5000-P 240V [CEC 2008],Solectria__PVI_5000_5000_P_240V__CEC_2008_
Solectria: PVI 5300/5300-P 208V [CEC 2008],Solectria__PVI_5300_5300_P_208V__CEC_2008_
Solectria: PVI 5300/5300-P 240V [CEC 2008],Solectria__PVI_5300_5300_P_240V__CEC_2008_
Solectria: PVI 60kW 208V 208V [CEC 2007],Solectria__PVI_60kW_208V_208V__CEC_2007_
Solectria: PVI 60kW 480V 480V [CEC 2007],Solectria__PVI_60kW_480V_480V__CEC_2007_
Solectria: PVI 6500 (208V) 208V [CEC 2011],Solectria__PVI_6500__208V__208V__CEC_2011_
Solectria: PVI 6500 (240V) 240V [CEC 2011],Solectria__PVI_6500__240V__240V__CEC_2011_
Solectria: PVI 6500 (277V) 277V [CEC 2011],Solectria__PVI_6500__277V__277V__CEC_2011_
Solectria: PVI 7500 (208V) 208V [CEC 2011],Solectria__PVI_7500__208V__208V__CEC_2011_
Solectria: PVI 7500 (240V) 240V [CEC 2011],Solectria__PVI_7500__240V__240V__CEC_2011_
Solectria: PVI 7500 (277V) 277V [CEC 2011],Solectria__PVI_7500__277V__277V__CEC_2011_
Solectria: PVI 77kW 208V 208V [CEC 2007],Solectria__PVI_77kW_208V_208V__CEC_2007_
Solectria: PVI 77kW 480V  480V [CEC 2007],Solectria__PVI_77kW_480V__480V__CEC_2007_
Solectria: PVI 82kW 208V 208V [CEC 2011],Solectria__PVI_82kW_208V_208V__CEC_2011_
Solectria: PVI 82kW 480V  480V [CEC 2011],Solectria__PVI_82kW_480V__480V__CEC_2011_
Solectria: PVI 90kW 208V 208V [CEC 2007],Solectria__PVI_90kW_208V_208V__CEC_2007_
Solectria: PVI 90kW 480V 480V [CEC 2007],Solectria__PVI_90kW_480V_480V__CEC_2007_
Solectria: PVI 95kW 208V 208V [CEC 2011],Solectria__PVI_95kW_208V_208V__CEC_2011_
Solectria: PVI 95kW 480V 480V [CEC 2011],Solectria__PVI_95kW_480V_480V__CEC_2011_
"Solectria Renewables, LLC: SGI-225 480V [CEC 2010]",Solectria_Renewables__LLC__SGI_225_480V__CEC_2010_
"Solectria Renewables, LLC: SGI-250 480V [CEC 2010]",Solectria_Renewables__LLC__SGI_250_480V__CEC_2010_
"Solectria Renewables, LLC: SGI-266 480V [CEC 2010]",Solectria_Renewables__LLC__SGI_266_480V__CEC_2010_
"Solectria Renewables, LLC: SGI-300 480V [CEC 2010]",Solectria_Renewables__LLC__SGI_300_480V__CEC_2010_
"Solectria Renewables, LLC: SGI-500 480V [CEC 2010]",Solectria_Renewables__LLC__SGI_500_480V__CEC_2010_
Sonnetek: SG-4000 240V [CEC 2011],Sonnetek__SG_4000_240V__CEC_2011_
Sonnetek: Soleil 2000 / Sonnetek 2000 (120 V) 120V [CEC 2009],Sonnetek__Soleil_2000___Sonnetek_2000__120_V__120V__CEC_2009_
"Sungrow Power Supply Co., Ltd.: SG100KU 480V [CEC 2010]",Sungrow_Power_Supply_Co___Ltd___SG100KU_480V__CEC_2010_
SUNNA TECH LTD.: SUNNA 2000TL-US-240 240V [CEC 2011],SUNNA_TECH_LTD___SUNNA_2000TL_US_240_240V__CEC_2011_
SUNNA TECH LTD.: SUNNA 3000TL-US-240 240V [CEC 2011],SUNNA_TECH_LTD___SUNNA_3000TL_US_240_240V__CEC_2011_
SUNNA TECH LTD.: SUNNA 4200TL-US-240 240V [CEC 2011],SUNNA_TECH_LTD___SUNNA_4200TL_US_240_240V__CEC_2011_
SUNNA TECH LTD.: SUNNA 5000TL-US-240 240V [CEC 2011],SUNNA_TECH_LTD___SUNNA_5000TL_US_240_240V__CEC_2011_
SunPower Corp (Original Mfg - SMA America): SPR-3000m (208V) 208V [CEC 2007],SunPower_Corp__Original_Mfg___SMA_America___SPR_3000m__208V__208V__CEC_2007_
SunPower Corp (Original Mfg - SMA America): SPR-3000m (240V) 240V [CEC 2007],SunPower_Corp__Original_Mfg___SMA_America___SPR_3000m__240V__240V__CEC_2007_
SunPower Corp (Original Mfg - Fronius Int. GmbH): SPR-3300f (208) 208V [CEC 2008],SunPower_Corp__Original_Mfg___Fronius_Int__GmbH___SPR_3300f__208__208V__CEC_2008_
SunPower Corp (Original Mfg - Fronius Int. GmbH): SPR-3300f (240) 240V [CEC 2008],SunPower_Corp__Original_Mfg___Fronius_Int__GmbH___SPR_3300f__240__240V__CEC_2008_
SunPower Corp (Original Mfg - Fronius Int. GmbH): SPR-3300f (277) 277V [CEC 2008],SunPower_Corp__Original_Mfg___Fronius_Int__GmbH___SPR_3300f__277__277V__CEC_2008_
SunPower Corp (Original Mfg - Fronius Int. GmbH): SPR-3301f-1 UNI (208Vac) 208V [CEC 2010],SunPower_Corp__Original_Mfg___Fronius_Int__GmbH___SPR_3301f_1_UNI__208Vac__208V__CEC_2010_
SunPower Corp (Original Mfg - Fronius Int. GmbH): SPR-3301f-1 UNI (240Vac) 240V [CEC 2010],SunPower_Corp__Original_Mfg___Fronius_Int__GmbH___SPR_3301f_1_UNI__240Vac__240V__CEC_2010_
SunPower Corp (Original Mfg - Fronius Int. GmbH): SPR-3301f-1 UNI (277Vac) 277V [CEC 2010],SunPower_Corp__Original_Mfg___Fronius_Int__GmbH___SPR_3301f_1_UNI__277Vac__277V__CEC_2010_
SunPower Corp (Original Mfg - Fronius Int. GmbH): SPR-3801f-1 UNI (208Vac) 208V [CEC 2010],SunPower_Corp__Original_Mfg___Fronius_Int__GmbH___SPR_3801f_1_UNI__208Vac__208V__CEC_2010_
SunPower Corp (Original Mfg - Fronius Int. GmbH): SPR-3801f-1 UNI (240Vac) 240V [CEC 2010],SunPower_Corp__Original_Mfg___Fronius_Int__GmbH___SPR_3801f_1_UNI__240Vac__240V__CEC_2010_
SunPower Corp (Original Mfg - Fronius Int. GmbH): SPR-3801f-1 UNI (277Vac) 277V [CEC 2010],SunPower_Corp__Original_Mfg___Fronius_Int__GmbH___SPR_3801f_1_UNI__277Vac__277V__CEC_2010_
SunPower Corp (Original Mfg - Fronius Int. GmbH): SPR-4000f (208) 208V [CEC 2008],SunPower_Corp__Original_Mfg___Fronius_Int__GmbH___SPR_4000f__208__208V__CEC_2008_
SunPower Corp (Original Mfg - Fronius Int. GmbH): SPR-4000f (240) 240V [CEC 2008],SunPower_Corp__Original_Mfg___Fronius_Int__GmbH___SPR_4000f__240__240V__CEC_2008_
SunPower Corp (Original Mfg - Fronius Int. GmbH): SPR-4000f (277) 277V [CEC 2008],SunPower_Corp__Original_Mfg___Fronius_Int__GmbH___SPR_4000f__277__277V__CEC_2008_
SunPower Corp (Original Mfg - SMA America): SPR-4000m (208V) 208V [CEC 2007],SunPower_Corp__Original_Mfg___SMA_America___SPR_4000m__208V__208V__CEC_2007_
SunPower Corp (Original Mfg - SMA America): SPR-4000m (240V) 240V [CEC 2007],SunPower_Corp__Original_Mfg___SMA_America___SPR_4000m__240V__240V__CEC_2007_
SunPower Corp (Original Mfg - SMA America): SPR-5000m (208V) 208V [CEC 2007],SunPower_Corp__Original_Mfg___SMA_America___SPR_5000m__208V__208V__CEC_2007_
SunPower Corp (Original Mfg - SMA America): SPR-5000m (240V) 240V [CEC 2007],SunPower_Corp__Original_Mfg___SMA_America___SPR_5000m__240V__240V__CEC_2007_
SunPower Corp (Original Mfg - SMA America): SPR-5000m (277V) 277V [CEC 2007],SunPower_Corp__Original_Mfg___SMA_America___SPR_5000m__277V__277V__CEC_2007_
SunPower Corp (Original Mfg - SMA America): SPR-6000m (208V) 208V [CEC 2007],SunPower_Corp__Original_Mfg___SMA_America___SPR_6000m__208V__208V__CEC_2007_
SunPower Corp (Original Mfg - SMA America): SPR-6000m (240V) 240V [CEC 2007],SunPower_Corp__Original_Mfg___SMA_America___SPR_6000m__240V__240V__CEC_2007_
SunPower Corp (Original Mfg - SMA America): SPR-6000m (277V) 277V [CEC 2007],SunPower_Corp__Original_Mfg___SMA_America___SPR_6000m__277V__277V__CEC_2007_
SunPower Corp (Original Mfg - Fronius Int. GmbH): SPR-6500f (208V) 208V [CEC 2008],SunPower_Corp__Original_Mfg___Fronius_Int__GmbH___SPR_6500f__208V__208V__CEC_2008_
SunPower Corp (Original Mfg - Fronius Int. GmbH): SPR-6500f (240V) 240V [CEC 2008],SunPower_Corp__Original_Mfg___Fronius_Int__GmbH___SPR_6500f__240V__240V__CEC_2008_
SunPower Corp (Original Mfg - Fronius Int. GmbH): SPR-6500f (277V) 277V [CEC 2008],SunPower_Corp__Original_Mfg___Fronius_Int__GmbH___SPR_6500f__277V__277V__CEC_2008_
SunPower Corp (Original Mfg - Fronius Int. GmbH): SPR-6501f-1 UNI (208Vac) 208V [CEC 2010],SunPower_Corp__Original_Mfg___Fronius_Int__GmbH___SPR_6501f_1_UNI__208Vac__208V__CEC_2010_
SunPower Corp (Original Mfg - Fronius Int. GmbH): SPR-6501f-1 UNI (240Vac) 240V [CEC 2010],SunPower_Corp__Original_Mfg___Fronius_Int__GmbH___SPR_6501f_1_UNI__240Vac__240V__CEC_2010_
SunPower Corp (Original Mfg - Fronius Int. GmbH): SPR-6501f-1 UNI (277Vac) 277V [CEC 2010],SunPower_Corp__Original_Mfg___Fronius_Int__GmbH___SPR_6501f_1_UNI__277Vac__277V__CEC_2010_
SunPower Corp (Original Mfg - SMA America): SPR-7000m (208V) 208V [CEC 2007],SunPower_Corp__Original_Mfg___SMA_America___SPR_7000m__208V__208V__CEC_2007_
SunPower Corp (Original Mfg - SMA America): SPR-7000m (240V) 240V [CEC 2007],SunPower_Corp__Original_Mfg___SMA_America___SPR_7000m__240V__240V__CEC_2007_
SunPower Corp (Original Mfg - SMA America): SPR-7000m (277V) 277V [CEC 2007],SunPower_Corp__Original_Mfg___SMA_America___SPR_7000m__277V__277V__CEC_2007_
SunPower Corp (Original Mfg - Fronius Int. GmbH): SPR-7501f-1 UNI (208Vac) 208V [CEC 2010],SunPower_Corp__Original_Mfg___Fronius_Int__GmbH___SPR_7501f_1_UNI__208Vac__208V__CEC_2010_
SunPower Corp (Original Mfg - Fronius Int. GmbH): SPR-7501f-1 UNI (240Vac) 240V [CEC 2010],SunPower_Corp__Original_Mfg___Fronius_Int__GmbH___SPR_7501f_1_UNI__240Vac__240V__CEC_2010_
SunPower Corp (Original Mfg - Fronius Int. GmbH): SPR-7501f-1 UNI (277Vac) 277V [CEC 2010],SunPower_Corp__Original_Mfg___Fronius_Int__GmbH___SPR_7501f_1_UNI__277Vac__277V__CEC_2010_
SunPower Corp (Original Mfg - Fronius Int. GmbH): SPR-8000f (208V) 208V [CEC 2008],SunPower_Corp__Original_Mfg___Fronius_Int__GmbH___SPR_8000f__208V__208V__CEC_2008_
SunPower Corp (Original Mfg - Fronius Int. GmbH): SPR-8000f (240V) 240V [CEC 2008],SunPower_Corp__Original_Mfg___Fronius_Int__GmbH___SPR_8000f__240V__240V__CEC_2008_
SunPower Corp (Original Mfg - Fronius Int. GmbH): SPR-8000f (277V) 277V [CEC 2008],SunPower_Corp__Original_Mfg___Fronius_Int__GmbH___SPR_8000f__277V__277V__CEC_2008_
SunPower Corp (Original Mfg - SMA America): SPR-8000m 240V [CEC 2010],SunPower_Corp__Original_Mfg___SMA_America___SPR_8000m_240V__CEC_2010_
SunPower Corp (Original Mfg - SMA America): SPR-8000m 277V [CEC 2010],SunPower_Corp__Original_Mfg___SMA_America___SPR_8000m_277V__CEC_2010_
SunPower Corp (Original Mfg - Fronius Int. GmbH): SPR-10000f-208V 208V [CEC 2010],SunPower_Corp__Original_Mfg___Fronius_Int__GmbH___SPR_10000f_208V_208V__CEC_2010_
SunPower Corp (Original Mfg - Fronius Int. GmbH): SPR-10000f-240V 240V [CEC 2010],SunPower_Corp__Original_Mfg___Fronius_Int__GmbH___SPR_10000f_240V_240V__CEC_2010_
SunPower Corp (Original Mfg - Fronius Int. GmbH): SPR-10000-277V 277V [CEC 2010],SunPower_Corp__Original_Mfg___Fronius_Int__GmbH___SPR_10000_277V_277V__CEC_2010_
SunPower Corp (Original Mfg - Fronius Int. GmbH): SPR-10001f-1 UNI (208Vac) 208V [CEC 2010],SunPower_Corp__Original_Mfg___Fronius_Int__GmbH___SPR_10001f_1_UNI__208Vac__208V__CEC_2010_
SunPower Corp (Original Mfg - Fronius Int. GmbH): SPR-10001f-1 UNI (240Vac) 240V [CEC 2010],SunPower_Corp__Original_Mfg___Fronius_Int__GmbH___SPR_10001f_1_UNI__240Vac__240V__CEC_2010_
SunPower Corp (Original Mfg - Fronius Int. GmbH): SPR-10001f-1 UNI (277Vac) 277V [CEC 2010],SunPower_Corp__Original_Mfg___Fronius_Int__GmbH___SPR_10001f_1_UNI__277Vac__277V__CEC_2010_
SunPower Corp (Original Mfg - Fronius Int. GmbH): SPR11400f-3-208V 208V [CEC 2010],SunPower_Corp__Original_Mfg___Fronius_Int__GmbH___SPR11400f_3_208V_208V__CEC_2010_
SunPower Corp (Original Mfg - Fronius Int. GmbH): SPR11400f-3-240V 240V [CEC 2010],SunPower_Corp__Original_Mfg___Fronius_Int__GmbH___SPR11400f_3_240V_240V__CEC_2010_
SunPower Corp (Original Mfg - Fronius Int. GmbH): SPR-11401f-1 UNI (208Vac) 208V [CEC 2010],SunPower_Corp__Original_Mfg___Fronius_Int__GmbH___SPR_11401f_1_UNI__208Vac__208V__CEC_2010_
SunPower Corp (Original Mfg - Fronius Int. GmbH): SPR-11401f-1 UNI (240Vac) 240V [CEC 2010],SunPower_Corp__Original_Mfg___Fronius_Int__GmbH___SPR_11401f_1_UNI__240Vac__240V__CEC_2010_
SunPower Corp (Original Mfg - Fronius Int. GmbH): SPR-11401f-1 UNI (277Vac) 277V [CEC 2010],SunPower_Corp__Original_Mfg___Fronius_Int__GmbH___SPR_11401f_1_UNI__277Vac__277V__CEC_2010_
SunPower Corp (Original Mfg - Fronius Int. GmbH): SPR-11401f-3 Delta (208Vac) 208V [CEC 2010],SunPower_Corp__Original_Mfg___Fronius_Int__GmbH___SPR_11401f_3_Delta__208Vac__208V__CEC_2010_
SunPower Corp (Original Mfg - Fronius Int. GmbH): SPR-11401f-3 Delta (240Vac) 240V [CEC 2010],SunPower_Corp__Original_Mfg___Fronius_Int__GmbH___SPR_11401f_3_Delta__240Vac__240V__CEC_2010_
SunPower Corp (Original Mfg - Fronius Int. GmbH): SPR-12001f-3-277WYE 277V [CEC 2010],SunPower_Corp__Original_Mfg___Fronius_Int__GmbH___SPR_12001f_3_277WYE_277V__CEC_2010_
SunPower Corp (Original Mfg - Fronius Int. GmbH): SPR-12000f (208V) 208V [CEC 2008],SunPower_Corp__Original_Mfg___Fronius_Int__GmbH___SPR_12000f__208V__208V__CEC_2008_
SunPower Corp (Original Mfg - Fronius Int. GmbH): SPR-12000f (240V) 240V [CEC 2008],SunPower_Corp__Original_Mfg___Fronius_Int__GmbH___SPR_12000f__240V__240V__CEC_2008_
SunPower Corp (Original Mfg - Fronius Int. GmbH): SPR-12000f-277V 277V [CEC 2010],SunPower_Corp__Original_Mfg___Fronius_Int__GmbH___SPR_12000f_277V_277V__CEC_2010_
SunPower Corp (Original - Mfg Xantrex): SPR-2500x 240V [CEC 2007],SunPower_Corp__Original___Mfg_Xantrex___SPR_2500x_240V__CEC_2007_
SunPower Corp ( Original Mfg - Xantrex): SPR-2800x (208V) 208V [CEC NaN],SunPower_Corp___Original_Mfg___Xantrex___SPR_2800x__208V__208V__CEC_NaN_
SunPower Corp ( Original Mfg - Xantrex): SPR-2800x (240V) 240V [CEC NaN],SunPower_Corp___Original_Mfg___Xantrex___SPR_2800x__240V__240V__CEC_NaN_
SunPower Corp (Original - Mfg Xantrex): SPR-3300x-208 208V [CEC 2006],SunPower_Corp__Original___Mfg_Xantrex___SPR_3300x_208_208V__CEC_2006_
SunPower Corp (Original - Mfg Xantrex): SPR-3300x-240 240V [CEC 2006],SunPower_Corp__Original___Mfg_Xantrex___SPR_3300x_240_240V__CEC_2006_
SunPower Corp ( Original Mfg - Xantrex): SPR-4000x (208V) 208V [CEC 2006],SunPower_Corp___Original_Mfg___Xantrex___SPR_4000x__208V__208V__CEC_2006_
SunPower Corp (Original - Mfg Xantrex): SPR-4000x 240V [CEC 2006],SunPower_Corp__Original___Mfg_Xantrex___SPR_4000x_240V__CEC_2006_
SunPower Corp (Original - Mfg Xantrex): SPR-5000x 240V [CEC 2007],SunPower_Corp__Original___Mfg_Xantrex___SPR_5000x_240V__CEC_2007_
SunPower Corp (Original Mfg - PV Powered): SPR-2000 120V [CEC 2005],SunPower_Corp__Original_Mfg___PV_Powered___SPR_2000_120V__CEC_2005_
SunPower Corp (Original Mfg - PV Powered): SPR-2500 240V [CEC 2006],SunPower_Corp__Original_Mfg___PV_Powered___SPR_2500_240V__CEC_2006_
SunPower Corp (Original Mfg - PV Powered): SPR-2900 208V [CEC 2005],SunPower_Corp__Original_Mfg___PV_Powered___SPR_2900_208V__CEC_2005_
SunPower Corp (Original Mfg - PV Powered): SPR-3200 240V [CEC 2006],SunPower_Corp__Original_Mfg___PV_Powered___SPR_3200_240V__CEC_2006_
SunPower Corp (Original Mfg - PV Powered): SPR-3500 240V [CEC 2006],SunPower_Corp__Original_Mfg___PV_Powered___SPR_3500_240V__CEC_2006_
SunPower Corp (Original Mfg - PV Powered): SPR-4600 208V [CEC 2005],SunPower_Corp__Original_Mfg___PV_Powered___SPR_4600_208V__CEC_2005_
SunPower Corp (Original Mfg - PV Powered): SPR-5200 240V [CEC 2005],SunPower_Corp__Original_Mfg___PV_Powered___SPR_5200_240V__CEC_2005_
Sunset: SUNstring 4000 240V [CEC 2007],Sunset__SUNstring_4000_240V__CEC_2007_
Sunset: SUNstring 5000 240V [CEC 2007],Sunset__SUNstring_5000_240V__CEC_2007_
Sustainable Energy Systems: Sunergy ELV 208 208V [CEC 2010],Sustainable_Energy_Systems__Sunergy_ELV_208_208V__CEC_2010_
Sysgration: Soleil 2000-120 120V [CEC 2007],Sysgration__Soleil_2000_120_120V__CEC_2007_
Sysgration Ltd.: SG-4000( 240Vac) 240V [CEC 2011],Sysgration_Ltd___SG_4000__240Vac__240V__CEC_2011_
Topper Sun Energy Technology: TS-S1500 (208V) 208V [CEC 2010],Topper_Sun_Energy_Technology__TS_S1500__208V__208V__CEC_2010_
Topper Sun Energy Technology: TS-S1500 (240V) 240V [CEC 2010],Topper_Sun_Energy_Technology__TS_S1500__240V__240V__CEC_2010_
Topper Sun Energy Technology: TS-S2000 (208V) 208V [CEC 2010],Topper_Sun_Energy_Technology__TS_S2000__208V__208V__CEC_2010_
Topper Sun Energy Technology: TS-S2000 (240V) 240V [CEC 2010],Topper_Sun_Energy_Technology__TS_S2000__240V__240V__CEC_2010_
Topper Sun Energy Technology: TS-S3000 (208V) 208V [CEC 2010],Topper_Sun_Energy_Technology__TS_S3000__208V__208V__CEC_2010_
Topper Sun Energy Technology: TS-S3000 (240V) 240V [CEC 2010],Topper_Sun_Energy_Technology__TS_S3000__240V__240V__CEC_2010_
"Xantrex Technologies, Inc.: GT2.5-NA-DS-240 240V [CEC 2005]",Xantrex_Technologies__Inc___GT2_5_NA_DS_240_240V__CEC_2005_
"Xantrex Technologies, Inc.: GT2.5-NA-DS-240-POS 240V [CEC 2005]",Xantrex_Technologies__Inc___GT2_5_NA_DS_240_POS_240V__CEC_2005_
"Xantrex Technologies, Inc.: GT2.8 240/208 (208) 208V [CEC NaN]",Xantrex_Technologies__Inc___GT2_8_240_208__208__208V__CEC_NaN_
"Xantrex Technologies, Inc.: GT2.8 240/208 (240) 240V [CEC NaN]",Xantrex_Technologies__Inc___GT2_8_240_208__240__240V__CEC_NaN_
"Xantrex Technologies, Inc.: GT3.0-NA-DS-240 240V [CEC 2005]",Xantrex_Technologies__Inc___GT3_0_NA_DS_240_240V__CEC_2005_
"Xantrex Technologies, Inc.: GT3.0-NA-DS-240-POS 240V [CEC 2005]",Xantrex_Technologies__Inc___GT3_0_NA_DS_240_POS_240V__CEC_2005_
"Xantrex Technologies, Inc.: GT3.3-NA-DS-208 208V [CEC 2005]",Xantrex_Technologies__Inc___GT3_3_NA_DS_208_208V__CEC_2005_
"Xantrex Technologies, Inc.: GT3.3-NA-DS-208-POS 208V [CEC 2005]",Xantrex_Technologies__Inc___GT3_3_NA_DS_208_POS_208V__CEC_2005_
"Xantrex Technologies, Inc.: GT3.3-NA-DS-240 240V [CEC 2005]",Xantrex_Technologies__Inc___GT3_3_NA_DS_240_240V__CEC_2005_
"Xantrex Technologies, Inc.: GT3.3-NA-DS-240-POS 240V [CEC 2005]",Xantrex_Technologies__Inc___GT3_3_NA_DS_240_POS_240V__CEC_2005_
"Xantrex Technologies, Inc.: GT3.8-NA-240/208 UL-05 (240V) 240V [CEC 2008]",Xantrex_Technologies__Inc___GT3_8_NA_240_208_UL_05__240V__240V__CEC_2008_
"Xantrex Technologies, Inc.: GT3.8-NA-240/208 UL-05 (208V) 208V [CEC 2008]",Xantrex_Technologies__Inc___GT3_8_NA_240_208_UL_05__208V__208V__CEC_2008_
"Xantrex Technologies, Inc.: GT3.8-NA-DS-240 240V [CEC 2008]",Xantrex_Technologies__Inc___GT3_8_NA_DS_240_240V__CEC_2008_
"Xantrex Technologies, Inc.: GT4.0-N-240/208-240V 240V [CEC NaN]",Xantrex_Technologies__Inc___GT4_0_N_240_208_240V_240V__CEC_NaN_
"Xantrex Technologies, Inc.: GT4.0-N-240/208-208V 208V [CEC NaN]",Xantrex_Technologies__Inc___GT4_0_N_240_208_208V_208V__CEC_NaN_
"Xantrex Technologies, Inc.: GT5.0 240V [CEC 2007]",Xantrex_Technologies__Inc___GT5_0_240V__CEC_2007_
"Xantrex Technologies, Inc.: GT5.0-POS 240V [CEC 2007]",Xantrex_Technologies__Inc___GT5_0_POS_240V__CEC_2007_
"Xantrex Technologies, Inc.: GT5.0-NA-DS-240 240V [CEC 2009]",Xantrex_Technologies__Inc___GT5_0_NA_DS_240_240V__CEC_2009_
"Xantrex Technologies, Inc.: GT30-208 208V [CEC 2009]",Xantrex_Technologies__Inc___GT30_208_208V__CEC_2009_
"Xantrex Technologies, Inc.: GT100-208 208V [CEC 2008]",Xantrex_Technologies__Inc___GT100_208_208V__CEC_2008_
"Xantrex Technologies, Inc.: GT100-208-PG 208V [CEC 2008]",Xantrex_Technologies__Inc___GT100_208_PG_208V__CEC_2008_
"Xantrex Technologies, Inc.: GT100-480 480V [CEC 2007]",Xantrex_Technologies__Inc___GT100_480_480V__CEC_2007_
"Xantrex Technologies, Inc.: GT100-480 POS 480V [CEC 2007]",Xantrex_Technologies__Inc___GT100_480_POS_480V__CEC_2007_
"Xantrex Technologies, Inc.: GT250-480 480V [CEC 2007]",Xantrex_Technologies__Inc___GT250_480_480V__CEC_2007_
"Xantrex Technologies, Inc.: GT250-480-POS 480V [CEC 2007]",Xantrex_Technologies__Inc___GT250_480_POS_480V__CEC_2007_
"Xantrex Technologies, Inc.: GT500-MVX 208V [CEC 2010]",Xantrex_Technologies__Inc___GT500_MVX_208V__CEC_2010_
"Xantrex Technologies, Inc.: GT500-480 480V [CEC 2011]",Xantrex_Technologies__Inc___GT500_480_480V__CEC_2011_
"Xantrex Technologies, Inc.: PV100S-208 208V [CEC 2005]",Xantrex_Technologies__Inc___PV100S_208_208V__CEC_2005_
"Xantrex Technologies, Inc.: PV100S-208-HE 208V [CEC 2006]",Xantrex_Technologies__Inc___PV100S_208_HE_208V__CEC_2006_
"Xantrex Technologies, Inc.: PV100S-480 480V [CEC 2005]",Xantrex_Technologies__Inc___PV100S_480_480V__CEC_2005_
"Xantrex Technologies, Inc.: PV100S-480-HE 480V [CEC 2006]",Xantrex_Technologies__Inc___PV100S_480_HE_480V__CEC_2006_
"Xantrex Technologies, Inc.: PV10-208xfrmr 208V [CEC 2005]",Xantrex_Technologies__Inc___PV10_208xfrmr_208V__CEC_2005_
"Xantrex Technologies, Inc.: PV10-480xfrmr 480V [CEC 2005]",Xantrex_Technologies__Inc___PV10_480xfrmr_480V__CEC_2005_
"Xantrex Technologies, Inc.: PV15-208xfrmr 208V [CEC 2005]",Xantrex_Technologies__Inc___PV15_208xfrmr_208V__CEC_2005_
"Xantrex Technologies, Inc.: PV15-480xfrmr 480V [CEC 2005]",Xantrex_Technologies__Inc___PV15_480xfrmr_480V__CEC_2005_
"Xantrex Technologies, Inc.: PV20-208xfrmr 208V [CEC 2005]",Xantrex_Technologies__Inc___PV20_208xfrmr_208V__CEC_2005_
"Xantrex Technologies, Inc.: PV20-480xfrmr 480V [CEC 2005]",Xantrex_Technologies__Inc___PV20_480xfrmr_480V__CEC_2005_
"Xantrex Technologies, Inc.: PV225S-480 480V [CEC 2005]",Xantrex_Technologies__Inc___PV225S_480_480V__CEC_2005_
"Xantrex Technologies, Inc.: PV225S-480-P 480V [CEC 2005]",Xantrex_Technologies__Inc___PV225S_480_P_480V__CEC_2005_
"Xantrex Technologies, Inc.: PV30-208xfrmr 208V [CEC 2005]",Xantrex_Technologies__Inc___PV30_208xfrmr_208V__CEC_2005_
"Xantrex Technologies, Inc.: PV30-480xfrmr 480V [CEC 2005]",Xantrex_Technologies__Inc___PV30_480xfrmr_480V__CEC_2005_
"Xantrex Technologies, Inc.: PV45-208xfrmr 208V [CEC 2005]",Xantrex_Technologies__Inc___PV45_208xfrmr_208V__CEC_2005_
"Xantrex Technologies, Inc.: PV45-480xfrmr 480V [CEC 2005]",Xantrex_Technologies__Inc___PV45_480xfrmr_480V__CEC_2005_
"Xantrex Technologies, Inc.: SW4024+GTI 120V [CEC 2005]",Xantrex_Technologies__Inc___SW4024_GTI_120V__CEC_2005_
"Xantrex Technologies, Inc.: SW4048+GTI 120V [CEC 2005]",Xantrex_Technologies__Inc___SW4048_GTI_120V__CEC_2005_
"Xantrex Technologies, Inc.: SW5548+GTI 120V [CEC 2005]",Xantrex_Technologies__Inc___SW5548_GTI_120V__CEC_2005_
"Xantrex Technologies, Inc.: XW4024-120/240-60 (240V) 240V [CEC 2007]",Xantrex_Technologies__Inc___XW4024_120_240_60__240V__240V__CEC_2007_
"Xantrex Technologies, Inc.: XW4548-120/240-60 (240V) 240V [CEC 2008]",Xantrex_Technologies__Inc___XW4548_120_240_60__240V__240V__CEC_2008_
"Xantrex Technologies, Inc.: XW6048-120-60 120V [CEC 2009]",Xantrex_Technologies__Inc___XW6048_120_60_120V__CEC_2009_
"Xantrex Technologies, Inc.: XW6048-240-60 (240V) 240V [CEC 2007]",Xantrex_Technologies__Inc___XW6048_240_60__240V__240V__CEC_2007_
"XSLent Energy Technologies, LLC: XPX-A1000 120V [CEC 2010]",XSLent_Energy_Technologies__LLC__XPX_A1000_120V__CEC_2010_
Yes! Solar Inc.: ES3000 (208V) 208V [CEC 2009],Yes!_Solar_Inc___ES3000__208V__208V__CEC_2009_
Yes! Solar Inc.: ES3000 (240V) 240V [CEC 2009],Yes!_Solar_Inc___ES3000__240V__240V__CEC_2009_
Yes! Solar Inc.: ES4000 (208V) 208V [CEC 2009],Yes!_Solar_Inc___ES4000__208V__208V__CEC_2009_
Yes! Solar Inc.: ES4000 (240V) 240V [CEC 2009],Yes!_Solar_Inc___ES4000__240V__240V__CEC_2009_
Yes! Solar Inc.: ES5000 (208V) 208V [CEC 2009],Yes!_Solar_Inc___ES5000__208V__208V__CEC_2009_
Yes! Solar Inc.: ES5000 (240V) 240V [CEC 2009],Yes!_Solar_Inc___ES5000__240V__240V__CEC_2009_
Yes! Solar Inc.: ES5300 (208V) 208V [CEC 2009],Yes!_Solar_Inc___ES5300__208V__208V__CEC_2009_
Yes! Solar Inc.: ES5300 (240V) 240V [CEC 2009],Yes!_Solar_Inc___ES5300__240V__240V__CEC_2009_
Zigor: Sunzet 2 TL-US 240V [CEC 2011],Zigor__Sunzet_2_TL_US_240V__CEC_2011_
Zigor: Sunzet 3 TL-US 240V [CEC 2011],Zigor__Sunzet_3_TL_US_240V__CEC_2011_
Zigor: Sunzet 4 TL-US 240V [CEC 2011],Zigor__Sunzet_4_TL_US_240V__CEC_2011_
Zigor: Sunzet 5 TL-US 240V [CEC 2011],Zigor__Sunzet_5_TL_US_240V__CEC_2011_
Zigor: SUNZET4-USA 240V [CEC 2011],Zigor__SUNZET4_USA_240V__CEC_2011_
GE Energy  (Original Mfg - Xantrex): GEPVb-5000-NA-240/208-02 (208V) 208V [Spec 2008],GE_Energy___Original_Mfg___Xantrex___GEPVb_5000_NA_240_208_02__208V__208V__Spec_2008_
GE Energy  (Original Mfg - Xantrex): GEPVb-5000-NA-240/208-02 (240V) 240V [Spec 2008],GE_Energy___Original_Mfg___Xantrex___GEPVb_5000_NA_240_208_02__240V__240V__Spec_2008_
Dow Chemical:  240V [CEC 2011],Dow_Chemical___240V__CEC_2011_
Emerson Network Power: SPV-4.0AIUSO 240V [CEC 2011],Emerson_Network_Power__SPV_4_0AIUSO_240V__CEC_2011_
Emerson Network Power: SPV-4.5AIUSO 240V [CEC 2011],Emerson_Network_Power__SPV_4_5AIUSO_240V__CEC_2011_
Emerson Network Power: SPV-5.0AIUSO 240V [CEC 2011],Emerson_Network_Power__SPV_5_0AIUSO_240V__CEC_2011_
Fronius USA: IG Plus V 10.0-3-208 Delta 208V [CEC 2011],Fronius_USA__IG_Plus_V_10_0_3_208_Delta_208V__CEC_2011_
Fronius USA: IG Plus V 10.0-3-240 Delta 240V [CEC 2011],Fronius_USA__IG_Plus_V_10_0_3_240_Delta_240V__CEC_2011_
Growatt New Energy: GROWATT 1500-US (208V) 208V [CEC 2011],Growatt_New_Energy__GROWATT_1500_US__208V__208V__CEC_2011_
Growatt New Energy: GROWATT 1500-US (240V) 240V [CEC 2011],Growatt_New_Energy__GROWATT_1500_US__240V__240V__CEC_2011_
Growatt New Energy: GROWATT 1500-US (277V) 277V [CEC 2011],Growatt_New_Energy__GROWATT_1500_US__277V__277V__CEC_2011_
Growatt New Energy: GROWATT 2000-US (208V) 208V [CEC 2011],Growatt_New_Energy__GROWATT_2000_US__208V__208V__CEC_2011_
Growatt New Energy: GROWATT 2000-US (240V) 240V [CEC 2011],Growatt_New_Energy__GROWATT_2000_US__240V__240V__CEC_2011_
Growatt New Energy: GROWATT 2000-US (277V) 277V [CEC 2011],Growatt_New_Energy__GROWATT_2000_US__277V__277V__CEC_2011_
Growatt New Energy: GROWATT 3000-US (208V) 208V [CEC 2011],Growatt_New_Energy__GROWATT_3000_US__208V__208V__CEC_2011_
Growatt New Energy: GROWATT 3000-US (240V) 240V [CEC 2011],Growatt_New_Energy__GROWATT_3000_US__240V__240V__CEC_2011_
Growatt New Energy: GROWATT 3000-US (277V) 277V [CEC 2011],Growatt_New_Energy__GROWATT_3000_US__277V__277V__CEC_2011_
Growatt New Energy: GROWATT 3600MTL-US (208V) 208V [CEC 2011],Growatt_New_Energy__GROWATT_3600MTL_US__208V__208V__CEC_2011_
Growatt New Energy: GROWATT 3600MTL-US (240V) 240V [CEC 2011],Growatt_New_Energy__GROWATT_3600MTL_US__240V__240V__CEC_2011_
Growatt New Energy: GROWATT 3600MTL-US (277V) 277V [CEC 2011],Growatt_New_Energy__GROWATT_3600MTL_US__277V__277V__CEC_2011_
Growatt New Energy: GROWATT 4200MTL-US (208V) 208V [CEC 2011],Growatt_New_Energy__GROWATT_4200MTL_US__208V__208V__CEC_2011_
Growatt New Energy: GROWATT 4200MTL-US (240V) 240V [CEC 2011],Growatt_New_Energy__GROWATT_4200MTL_US__240V__240V__CEC_2011_
Growatt New Energy: GROWATT 4200MTL-US (277V) 277V [CEC 2011],Growatt_New_Energy__GROWATT_4200MTL_US__277V__277V__CEC_2011_
Growatt New Energy: GROWATT 5000MTL-US (208V) 208V [CEC 2011],Growatt_New_Energy__GROWATT_5000MTL_US__208V__208V__CEC_2011_
Growatt New Energy: GROWATT 5000MTL-US (240V) 240V [CEC 2011],Growatt_New_Energy__GROWATT_5000MTL_US__240V__240V__CEC_2011_
Growatt New Energy: GROWATT 5000MTL-US (277V) 277V [CEC 2011],Growatt_New_Energy__GROWATT_5000MTL_US__277V__277V__CEC_2011_
OutBack Power Systems: GS8048 (48Vdc) 48V [CEC 2011],OutBack_Power_Systems__GS8048__48Vdc__48V__CEC_2011_
Beijing Kinglong New Energy: Sunteams 1500 (208V) 208V [CEC 2011],Beijing_Kinglong_New_Energy__Sunteams_1500__208V__208V__CEC_2011_
Beijing Kinglong New Energy: Sunteams 1500 (240V) 240V [CEC 2011],Beijing_Kinglong_New_Energy__Sunteams_1500__240V__240V__CEC_2011_
Beijing Kinglong New Energy: Sunteams 2000 (208V) 208V [CEC 2011],Beijing_Kinglong_New_Energy__Sunteams_2000__208V__208V__CEC_2011_
Beijing Kinglong New Energy: Sunteams 2000 (240V) 240V [CEC 2011],Beijing_Kinglong_New_Energy__Sunteams_2000__240V__240V__CEC_2011_
Beijing Kinglong New Energy: Sunteams 3000 (208V) 208V [CEC 2011],Beijing_Kinglong_New_Energy__Sunteams_3000__208V__208V__CEC_2011_
Beijing Kinglong New Energy: Sunteams 3000 (240V) 240V [CEC 2011],Beijing_Kinglong_New_Energy__Sunteams_3000__240V__240V__CEC_2011_
Beijing Kinglong New Energy: Sunteams 4000 (208V) 208V [CEC 2011],Beijing_Kinglong_New_Energy__Sunteams_4000__208V__208V__CEC_2011_
Beijing Kinglong New Energy: Sunteams 4000 (240V) 240V [CEC 2011],Beijing_Kinglong_New_Energy__Sunteams_4000__240V__240V__CEC_2011_
Beijing Kinglong New Energy: Sunteams 5000 (208V) 208V [CEC 2011],Beijing_Kinglong_New_Energy__Sunteams_5000__208V__208V__CEC_2011_
Beijing Kinglong New Energy: Sunteams 5000 (240V) 240V [CEC 2011],Beijing_Kinglong_New_Energy__Sunteams_5000__240V__240V__CEC_2011_
Geoprotek: GS-1000 (208V) 208V [CEC 2011],Geoprotek__GS_1000__208V__208V__CEC_2011_
Geoprotek: GS-1000 (240V) 240V [CEC 2011],Geoprotek__GS_1000__240V__240V__CEC_2011_
Geoprotek: GS-1500 (208V) 208V [CEC 2011],Geoprotek__GS_1500__208V__208V__CEC_2011_
Geoprotek: GS-1500 (240V) 240V [CEC 2011],Geoprotek__GS_1500__240V__240V__CEC_2011_
Geoprotek: GS-2000 (208V) 208V [CEC 2011],Geoprotek__GS_2000__208V__208V__CEC_2011_
Geoprotek: GS-2000 (240V) 240V [CEC 2011],Geoprotek__GS_2000__240V__240V__CEC_2011_
Geoprotek: GS-3000 (208V) 208V [CEC 2011],Geoprotek__GS_3000__208V__208V__CEC_2011_
Geoprotek: GS-3000 (240V) 240V [CEC 2011],Geoprotek__GS_3000__240V__240V__CEC_2011_
Satcon Technology Corporation: EPP-1250-1000-52085-320X-U-x 480V [CEC 2011],Satcon_Technology_Corporation__EPP_1250_1000_52085_320X_U_x_480V__CEC_2011_
Satcon Technology Corporation: EQX0500US200X-x 480V [CEC 2011],Satcon_Technology_Corporation__EQX0500US200X_x_480V__CEC_2011_
Sustainable Energy Technologies: SUNERGY 5000-70/240 240V [CEC 2011],Sustainable_Energy_Technologies__SUNERGY_5000_70_240_240V__CEC_2011_
Aero-Sharp: X01-030L2E1 240V [CEC 2011],Aero_Sharp__X01_030L2E1_240V__CEC_2011_
Aero-Sharp: X01-040L2E1 240V [CEC 2011],Aero_Sharp__X01_040L2E1_240V__CEC_2011_
Aero-Sharp: X01-050L2E1 240V [CEC 2011],Aero_Sharp__X01_050L2E1_240V__CEC_2011_
Aero-Sharp: X01-060L2E1 240V [CEC 2011],Aero_Sharp__X01_060L2E1_240V__CEC_2011_
Chiconypower:  MU300SAP1(240V) 240V [CEC 2011],Chiconypower___MU300SAP1_240V__240V__CEC_2011_
Gefran:  APV 1700-2M-TL-US (208V) 208V [CEC 2011],Gefran___APV_1700_2M_TL_US__208V__208V__CEC_2011_
Gefran:  APV 1700-2M-TL-US (240V) 240V [CEC 2011],Gefran___APV_1700_2M_TL_US__240V__240V__CEC_2011_
Gefran:  APV 1700-2M-TL-US (277V) 277V [CEC 2011],Gefran___APV_1700_2M_TL_US__277V__277V__CEC_2011_
Gefran: APV 2300-2M-TL-US (208V) 208V [CEC 2011],Gefran__APV_2300_2M_TL_US__208V__208V__CEC_2011_
Gefran: APV 2300-2M-TL-US (240V) 240V [CEC 2011],Gefran__APV_2300_2M_TL_US__240V__240V__CEC_2011_
Gefran: APV 2300-2M-TL-US (277V) 277V [CEC 2011],Gefran__APV_2300_2M_TL_US__277V__277V__CEC_2011_
Gefran: APV 3100-2M-TL-US (208V) 208V [CEC 2011],Gefran__APV_3100_2M_TL_US__208V__208V__CEC_2011_
Gefran: APV 3100-2M-TL-US (240V) 240V [CEC 2011],Gefran__APV_3100_2M_TL_US__240V__240V__CEC_2011_
Gefran: APV 3100-2M-TL-US (277V) 277V [CEC 2011],Gefran__APV_3100_2M_TL_US__277V__277V__CEC_2011_
Gefran: APV 3800-2M-TL-DM-US (208V) 208V [CEC 2011],Gefran__APV_3800_2M_TL_DM_US__208V__208V__CEC_2011_
Gefran: APV 3800-2M-TL-DM-US (240V) 240V [CEC 2011],Gefran__APV_3800_2M_TL_DM_US__240V__240V__CEC_2011_
Gefran: APV 3800-2M-TL-DM-US (277V) 277V [CEC 2011],Gefran__APV_3800_2M_TL_DM_US__277V__277V__CEC_2011_
Gefran: APV 4400-2M-TL-DM-US (208V) 208V [CEC 2011],Gefran__APV_4400_2M_TL_DM_US__208V__208V__CEC_2011_
Gefran: APV 4400-2M-TL-DM-US (240V) 240V [CEC 2011],Gefran__APV_4400_2M_TL_DM_US__240V__240V__CEC_2011_
Gefran: APV 4400-2M-TL-DM-US (277V) 277V [CEC 2011],Gefran__APV_4400_2M_TL_DM_US__277V__277V__CEC_2011_
Gefran: APV 5200-2M-TL-DM-US (208V) 208V [CEC 2011],Gefran__APV_5200_2M_TL_DM_US__208V__208V__CEC_2011_
Gefran: APV 5200-2M-TL-DM-US (240V) 240V [CEC 2011],Gefran__APV_5200_2M_TL_DM_US__240V__240V__CEC_2011_
Gefran: APV 5200-2M-TL-DM-US (277V) 277V [CEC 2011],Gefran__APV_5200_2M_TL_DM_US__277V__277V__CEC_2011_
Refusol: 12 kW 480V [CEC 2011],Refusol__12_kW_480V__CEC_2011_
Refusol: 16 kW 480V [CEC 2011],Refusol__16_kW_480V__CEC_2011_
Refusol: 20 kW 480V [CEC 2011],Refusol__20_kW_480V__CEC_2011_
Refusol: 24 kW 480V [CEC 2011],Refusol__24_kW_480V__CEC_2011_
Satcon:  Equinox 1MW EQX0500US200X 220V [CEC 2011],Satcon___Equinox_1MW_EQX0500US200X_220V__CEC_2011_
PV Powered: PVP75KW-600 600V [CEC 2012],PV_Powered__PVP75KW_600_600V__CEC_2012_
PV Powered: PVP100KW-600 600V [CEC 2012],PV_Powered__PVP100KW_600_600V__CEC_2012_
Delta Energy Systems: SOLIVIA 4.4 NA G4 TR (208V) 208V [CEC 2012],Delta_Energy_Systems__SOLIVIA_4_4_NA_G4_TR__208V__208V__CEC_2012_
Delta Energy Systems: SOLIVIA 4.4 NA G4 TR (240V) 240V [CEC 2012],Delta_Energy_Systems__SOLIVIA_4_4_NA_G4_TR__240V__240V__CEC_2012_
Delta Energy Systems: SOLIVIA 5.0 NA G4 TR (208V) 208V [CEC 2012],Delta_Energy_Systems__SOLIVIA_5_0_NA_G4_TR__208V__208V__CEC_2012_
Delta Energy Systems: SOLIVIA 5.0 NA G4 TR (240V) 240V [CEC 2012],Delta_Energy_Systems__SOLIVIA_5_0_NA_G4_TR__240V__240V__CEC_2012_
Kostal Solar Electric: Piko 5.3 US 230V [CEC 2012],Kostal_Solar_Electric__Piko_5_3_US_230V__CEC_2012_
Renovo Power Systems: RN5000US 240V [CEC 2012],Renovo_Power_Systems__RN5000US_240V__CEC_2012_
Satcon Technology Corporation: EQX0500US480T 480V [CEC 2012],Satcon_Technology_Corporation__EQX0500US480T_480V__CEC_2012_
Silicon Energy: SiE 3840 (208V) 208V [CEC 2012],Silicon_Energy__SiE_3840__208V__208V__CEC_2012_
Silicon Energy: SiE 3840 (240V) 240V [CEC 2012],Silicon_Energy__SiE_3840__240V__240V__CEC_2012_
Silicon Energy: SiE 5300 (208V) 208V [CEC 2012],Silicon_Energy__SiE_5300__208V__208V__CEC_2012_
Silicon Energy: SiE 5300 (240V) 240V [CEC 2012],Silicon_Energy__SiE_5300__240V__240V__CEC_2012_
Sustainable Energy Technologies: SUNERGY LV 208 208V [CEC 2012],Sustainable_Energy_Technologies__SUNERGY_LV_208_208V__CEC_2012_
Toshiba: PVL-L0500U 300V [CEC 2012],Toshiba__PVL_L0500U_300V__CEC_2012_
Advanced Solar Photonics: PV250 (208Vac) 208V [CEC 2011],Advanced_Solar_Photonics__PV250__208Vac__208V__CEC_2011_
Advanced Solar Photonics: PV250 (240Vac) 240V [CEC 2011],Advanced_Solar_Photonics__PV250__240Vac__240V__CEC_2011_
Advanced Solar Photonics: PV250 (277Vac) 277V [CEC 2011],Advanced_Solar_Photonics__PV250__277Vac__277V__CEC_2011_
Enphase Energy: M215-60-2LL-S2x-ZC 208V [CEC 2011],Enphase_Energy__M215_60_2LL_S2x_ZC_208V__CEC_2011_
Enphase Energy: M215-60-2LL-S2x-ZC-NA 208V [CEC 2011],Enphase_Energy__M215_60_2LL_S2x_ZC_NA_208V__CEC_2011_
Enphase Energy: M215-60-SIE-S2x-ZC 208V [CEC 2011],Enphase_Energy__M215_60_SIE_S2x_ZC_208V__CEC_2011_
Enphase Energy: M215-60-SIE-S2x-ZC-NA 208V [CEC 2011],Enphase_Energy__M215_60_SIE_S2x_ZC_NA_208V__CEC_2011_
Enphase Energy: M215-60-SIE-S2x-ZC 240V [CEC 2011],Enphase_Energy__M215_60_SIE_S2x_ZC_240V__CEC_2011_
Enphase Energy: M215-60-SIE-S2x-ZC-NA 240V [CEC 2011],Enphase_Energy__M215_60_SIE_S2x_ZC_NA_240V__CEC_2011_
SMA America: SB5000US-11 208V [CEC 2007],SMA_America__SB5000US_11_208V__CEC_2007_
SMA America: SB5000US-11 240V [CEC 2007],SMA_America__SB5000US_11_240V__CEC_2007_
SMA America: SB5000US-11 277V [CEC 2007],SMA_America__SB5000US_11_277V__CEC_2007_
SMA America: SB6000US-11 208V [CEC 2007],SMA_America__SB6000US_11_208V__CEC_2007_
SMA America: SB6000US-11 240V [CEC 2007],SMA_America__SB6000US_11_240V__CEC_2007_
SMA America: SB6000US-11 277V [CEC 2007],SMA_America__SB6000US_11_277V__CEC_2007_
SMA America: SB7000US-11 208V [CEC 2007],SMA_America__SB7000US_11_208V__CEC_2007_
SMA America: SB7000US-11 240V [CEC 2007],SMA_America__SB7000US_11_240V__CEC_2007_
SMA America: SB7000US-11 277V [CEC 2007],SMA_America__SB7000US_11_277V__CEC_2007_
SMA America: SB8000US-11 240V [CEC 2010],SMA_America__SB8000US_11_240V__CEC_2010_
SMA America: SB8000US-11 277V [CEC 2010],SMA_America__SB8000US_11_277V__CEC_2010_
"Altenergy Power System, Inc.: YC200-NA 240V [CEC 2012]",Altenergy_Power_System__Inc___YC200_NA_240V__CEC_2012_
Growatt New Energy: GROWATT 2000HF-US (208V) 208V [CEC 2012],Growatt_New_Energy__GROWATT_2000HF_US__208V__208V__CEC_2012_
Growatt New Energy: GROWATT 2000HF-US (240V) 240V [CEC 2012],Growatt_New_Energy__GROWATT_2000HF_US__240V__240V__CEC_2012_
Growatt New Energy: GROWATT 2500HF-US (208V) 208V [CEC 2012],Growatt_New_Energy__GROWATT_2500HF_US__208V__208V__CEC_2012_
Growatt New Energy: GROWATT 2500HF-US (240V) 240V [CEC 2012],Growatt_New_Energy__GROWATT_2500HF_US__240V__240V__CEC_2012_
Growatt New Energy: GROWATT 3000HF-US (208V) 208V [CEC 2012],Growatt_New_Energy__GROWATT_3000HF_US__208V__208V__CEC_2012_
Growatt New Energy: GROWATT 3000HF-US (240V) 240V [CEC 2012],Growatt_New_Energy__GROWATT_3000HF_US__240V__240V__CEC_2012_
KACO: XP42U-H2 208V [CEC 2012],KACO__XP42U_H2_208V__CEC_2012_
KACO: XP50U-H4 480V [CEC 2012],KACO__XP50U_H4_480V__CEC_2012_
Motech Industries: PVMate 3000U (208V) w/ or w/o -PG 208V [CEC 2012],Motech_Industries__PVMate_3000U__208V__w__or_w_o__PG_208V__CEC_2012_
Motech Industries: PVMate 3000U (240V) w/ or w/o -PG 240V [CEC 2012],Motech_Industries__PVMate_3000U__240V__w__or_w_o__PG_240V__CEC_2012_
Motech Industries: PVMate 4000U (208V) w/ or w/o -PG  208V [CEC 2012],Motech_Industries__PVMate_4000U__208V__w__or_w_o__PG__208V__CEC_2012_
Motech Industries: PVMate 4000U (240V) w/ or w/o -PG  240V [CEC 2012],Motech_Industries__PVMate_4000U__240V__w__or_w_o__PG__240V__CEC_2012_
Motech Industries: PVMate 5000U (208V) w/ or w/o -PG 208V [CEC 2012],Motech_Industries__PVMate_5000U__208V__w__or_w_o__PG_208V__CEC_2012_
Motech Industries: PVMate 5000U (240V) w/ or w/o -PG 240V [CEC 2012],Motech_Industries__PVMate_5000U__240V__w__or_w_o__PG_240V__CEC_2012_
Siemens Industry: SINVERT PVM12 UL 480V [CEC 2012],Siemens_Industry__SINVERT_PVM12_UL_480V__CEC_2012_
Siemens Industry: SINVERT PVM16 UL 480V [CEC 2012],Siemens_Industry__SINVERT_PVM16_UL_480V__CEC_2012_
Siemens Industry: SINVERT PVM20 UL 480V [CEC 2012],Siemens_Industry__SINVERT_PVM20_UL_480V__CEC_2012_
Siemens Industry: SINVERT PVM24 UL 480V [CEC 2012],Siemens_Industry__SINVERT_PVM24_UL_480V__CEC_2012_
Siemens Industry: SMIINV215R60XX (208V) 208V [CEC 2012],Siemens_Industry__SMIINV215R60XX__208V__208V__CEC_2012_
Siemens Industry: SMIINV215R60XX (240V) 240V [CEC 2012],Siemens_Industry__SMIINV215R60XX__240V__240V__CEC_2012_
SMA America: SB10000TL-US-12 208V [CEC 2012],SMA_America__SB10000TL_US_12_208V__CEC_2012_
SMA America: SB5000US (208V) w/ -11 or -12 208V [CEC 2012],SMA_America__SB5000US__208V__w___11_or__12_208V__CEC_2012_
SMA America: SB5000US (240V) w/ -11 or -12 240V [CEC 2012],SMA_America__SB5000US__240V__w___11_or__12_240V__CEC_2012_
SMA America: SB5000US (277V) w/ -11 or -12 277V [CEC 2012],SMA_America__SB5000US__277V__w___11_or__12_277V__CEC_2012_
SMA America: SB6000US (208V) w/ -11 or -12 208V [CEC 2012],SMA_America__SB6000US__208V__w___11_or__12_208V__CEC_2012_
SMA America: SB6000US (240V) w/ -11 or -12 240V [CEC 2012],SMA_America__SB6000US__240V__w___11_or__12_240V__CEC_2012_
SMA America: SB6000US (277V) w/ -11 or -12 277V [CEC 2012],SMA_America__SB6000US__277V__w___11_or__12_277V__CEC_2012_
SMA America: SB7000US (208V) w/ -11 or -12 208V [CEC 2012],SMA_America__SB7000US__208V__w___11_or__12_208V__CEC_2012_
SMA America: SB7000US (240V) w/ -11 or -12 240V [CEC 2012],SMA_America__SB7000US__240V__w___11_or__12_240V__CEC_2012_
SMA America: SB7000US (277V) w/ -11 or -12 277V [CEC 2012],SMA_America__SB7000US__277V__w___11_or__12_277V__CEC_2012_
SMA America: SB8000TL-US-12 208V [CEC 2012],SMA_America__SB8000TL_US_12_208V__CEC_2012_
SMA America: SB8000US (240V) w/ -11 or -12 240V [CEC 2012],SMA_America__SB8000US__240V__w___11_or__12_240V__CEC_2012_
SMA America: SB8000US (277V) w/ -11 or -12 277V [CEC 2012],SMA_America__SB8000US__277V__w___11_or__12_277V__CEC_2012_
SMA America: SB9000TL-US-12 208V [CEC 2012],SMA_America__SB9000TL_US_12_208V__CEC_2012_
Solectria Renewables: PVI 3000S (208V) w/ or w/o -P 208V [CEC 2012],Solectria_Renewables__PVI_3000S__208V__w__or_w_o__P_208V__CEC_2012_
Solectria Renewables: PVI 3000S (240V) w/ or w/o -P 240V [CEC 2012],Solectria_Renewables__PVI_3000S__240V__w__or_w_o__P_240V__CEC_2012_
Solectria Renewables: PVI 4000S (208V) w/ or w/o -P 208V [CEC 2012],Solectria_Renewables__PVI_4000S__208V__w__or_w_o__P_208V__CEC_2012_
Solectria Renewables: PVI 4000S (240V) w/ or w/o -P 240V [CEC 2012],Solectria_Renewables__PVI_4000S__240V__w__or_w_o__P_240V__CEC_2012_
Solectria Renewables: PVI 5000S (208V) w/ or w/o -P 208V [CEC 2012],Solectria_Renewables__PVI_5000S__208V__w__or_w_o__P_208V__CEC_2012_
Solectria Renewables: PVI 5000S (240V) w/ or w/o -P 240V [CEC 2012],Solectria_Renewables__PVI_5000S__240V__w__or_w_o__P_240V__CEC_2012_
TMEIC: PVL-L0500U 300V [CEC 2012],TMEIC__PVL_L0500U_300V__CEC_2012_
Xantrex Technology: XW4024-120/240-60 120V [CEC 2012],Xantrex_Technology__XW4024_120_240_60_120V__CEC_2012_
Xantrex Technology: XW4548-120/240-60 120V [CEC 2012],Xantrex_Technology__XW4548_120_240_60_120V__CEC_2012_
Advanced Energy Industries: AE 500-480 480V [CEC 2012],Advanced_Energy_Industries__AE_500_480_480V__CEC_2012_
Enecsys: SMI-480-60 240V [CEC 2012],Enecsys__SMI_480_60_240V__CEC_2012_
"Samil Power Co., Ltd.: SolarRiver3000TL-US (208V) 208V [CEC 2012]",Samil_Power_Co___Ltd___SolarRiver3000TL_US__208V__208V__CEC_2012_
"Samil Power Co., Ltd.: SolarRiver3000TL-US (240V) 240V [CEC 2012]",Samil_Power_Co___Ltd___SolarRiver3000TL_US__240V__240V__CEC_2012_
"Samil Power Co., Ltd.: SolarRiver4000TL-US (208V) 208V [CEC 2012]",Samil_Power_Co___Ltd___SolarRiver4000TL_US__208V__208V__CEC_2012_
"Samil Power Co., Ltd.: SolarRiver4000TL-US (240V) 240V [CEC 2012]",Samil_Power_Co___Ltd___SolarRiver4000TL_US__240V__240V__CEC_2012_
"Samil Power Co., Ltd.: SolarRiver5000TL-US (208V) 208V [CEC 2012]",Samil_Power_Co___Ltd___SolarRiver5000TL_US__208V__208V__CEC_2012_
"Samil Power Co., Ltd.: SolarRiver5000TL-US (240V) 240V [CEC 2012]",Samil_Power_Co___Ltd___SolarRiver5000TL_US__240V__240V__CEC_2012_
"Samil Power Co., Ltd.: SolarRiver6000TL-US (208V) 208V [CEC 2012]",Samil_Power_Co___Ltd___SolarRiver6000TL_US__208V__208V__CEC_2012_
"Samil Power Co., Ltd.: SolarRiver6000TL-US (240V) 240V [CEC 2012]",Samil_Power_Co___Ltd___SolarRiver6000TL_US__240V__240V__CEC_2012_
"Samil Power Co., Ltd.: SolarRiver6000TL-US (277V) 277V [CEC 2012]",Samil_Power_Co___Ltd___SolarRiver6000TL_US__277V__277V__CEC_2012_
"Shanghai Chint Power Systems: CPS SC100KT-O/xx-480, xx is US or CA 480V [CEC 2012]",Shanghai_Chint_Power_Systems__CPS_SC100KT_O_xx_480__xx_is_US_or_CA_480V__CEC_2012_
"Shanghai Chint Power Systems: CPS SC20KTL-DO/xx-480, xx is US or CA 480V [CEC 2012]",Shanghai_Chint_Power_Systems__CPS_SC20KTL_DO_xx_480__xx_is_US_or_CA_480V__CEC_2012_
Darfon Electronics: MIG240UL00 240V [CEC 2012],Darfon_Electronics__MIG240UL00_240V__CEC_2012_
Green Power Technologies: PV500U 240V [CEC 2012],Green_Power_Technologies__PV500U_240V__CEC_2012_
Ideal Power Converters: IPV-30kW-480 480V [CEC 2012],Ideal_Power_Converters__IPV_30kW_480_480V__CEC_2012_
KACO: XP10U-H4 480V [CEC 2012],KACO__XP10U_H4_480V__CEC_2012_
HiSEL Power: HiSEL-K 1500 (208V) 208V [CEC 2012],HiSEL_Power__HiSEL_K_1500__208V__208V__CEC_2012_
HiSEL Power: HiSEL-K 1500 (240V) 240V [CEC 2012],HiSEL_Power__HiSEL_K_1500__240V__240V__CEC_2012_
HiSEL Power: HiSEL-K 2000 (208V) 208V [CEC 2012],HiSEL_Power__HiSEL_K_2000__208V__208V__CEC_2012_
HiSEL Power: HiSEL-K 2000 (240V) 240V [CEC 2012],HiSEL_Power__HiSEL_K_2000__240V__240V__CEC_2012_
HiSEL Power: HiSEL-K 3000 (208V) 208V [CEC 2012],HiSEL_Power__HiSEL_K_3000__208V__208V__CEC_2012_
HiSEL Power: HiSEL-K 3000 (240V) 240V [CEC 2012],HiSEL_Power__HiSEL_K_3000__240V__240V__CEC_2012_
HiSEL Power: HiSEL-K 4000 (208V) 208V [CEC 2012],HiSEL_Power__HiSEL_K_4000__208V__208V__CEC_2012_
HiSEL Power: HiSEL-K 4000 (240V) 240V [CEC 2012],HiSEL_Power__HiSEL_K_4000__240V__240V__CEC_2012_
HiSEL Power: HiSEL-K 5000 (208V) 208V [CEC 2012],HiSEL_Power__HiSEL_K_5000__208V__208V__CEC_2012_
HiSEL Power: HiSEL-K 5000 (240V) 240V [CEC 2012],HiSEL_Power__HiSEL_K_5000__240V__240V__CEC_2012_
Shanghai Chint Power Systems: CPS SCE4KTL-O US (208V) 208V [CEC 2012],Shanghai_Chint_Power_Systems__CPS_SCE4KTL_O_US__208V__208V__CEC_2012_
Shanghai Chint Power Systems: CPS SCE4KTL-O US (240V) 240V [CEC 2012],Shanghai_Chint_Power_Systems__CPS_SCE4KTL_O_US__240V__240V__CEC_2012_
Shanghai Chint Power Systems: CPS SCE4KTL-O US (277V) 277V [CEC 2012],Shanghai_Chint_Power_Systems__CPS_SCE4KTL_O_US__277V__277V__CEC_2012_
Shanghai Chint Power Systems: CPS SCE5KTL-O US (208V) 208V [CEC 2012],Shanghai_Chint_Power_Systems__CPS_SCE5KTL_O_US__208V__208V__CEC_2012_
Shanghai Chint Power Systems: CPS SCE5KTL-O US (240V) 240V [CEC 2012],Shanghai_Chint_Power_Systems__CPS_SCE5KTL_O_US__240V__240V__CEC_2012_
Shanghai Chint Power Systems: CPS SCE5KTL-O US (277V) 277V [CEC 2012],Shanghai_Chint_Power_Systems__CPS_SCE5KTL_O_US__277V__277V__CEC_2012_
Shanghai Chint Power Systems: CPS SCE6KTL-O US (208V) 208V [CEC 2012],Shanghai_Chint_Power_Systems__CPS_SCE6KTL_O_US__208V__208V__CEC_2012_
Shanghai Chint Power Systems: CPS SCE6KTL-O US (240V) 240V [CEC 2012],Shanghai_Chint_Power_Systems__CPS_SCE6KTL_O_US__240V__240V__CEC_2012_
Shanghai Chint Power Systems: CPS SCE6KTL-O US (277V) 277V [CEC 2012],Shanghai_Chint_Power_Systems__CPS_SCE6KTL_O_US__277V__277V__CEC_2012_
Shanghai Chint Power Systems: CPS SCE7KTL-O US (208V) 208V [CEC 2012],Shanghai_Chint_Power_Systems__CPS_SCE7KTL_O_US__208V__208V__CEC_2012_
Shanghai Chint Power Systems: CPS SCE7KTL-O US (240V) 240V [CEC 2012],Shanghai_Chint_Power_Systems__CPS_SCE7KTL_O_US__240V__240V__CEC_2012_
Shanghai Chint Power Systems: CPS SCE7KTL-O US (277V) 277V [CEC 2012],Shanghai_Chint_Power_Systems__CPS_SCE7KTL_O_US__277V__277V__CEC_2012_
Advanced Solar Photonics: PV240 (208V) 208V [CEC 2012],Advanced_Solar_Photonics__PV240__208V__208V__CEC_2012_
Advanced Solar Photonics: PV240 (240V) 240V [CEC 2012],Advanced_Solar_Photonics__PV240__240V__240V__CEC_2012_
Advanced Solar Photonics: PV240 (277V) 277V [CEC 2012],Advanced_Solar_Photonics__PV240__277V__277V__CEC_2012_
Advanced Solar Photonics: PV260 (208V) 208V [CEC 2012],Advanced_Solar_Photonics__PV260__208V__208V__CEC_2012_
Advanced Solar Photonics: PV260 (240V) 240V [CEC 2012],Advanced_Solar_Photonics__PV260__240V__240V__CEC_2012_
Advanced Solar Photonics: PV260 (277V) 277V [CEC 2012],Advanced_Solar_Photonics__PV260__277V__277V__CEC_2012_
Advanced Solar Photonics: PV270 (208V) 208V [CEC 2012],Advanced_Solar_Photonics__PV270__208V__208V__CEC_2012_
Advanced Solar Photonics: PV270 (240V) 240V [CEC 2012],Advanced_Solar_Photonics__PV270__240V__240V__CEC_2012_
Advanced Solar Photonics: PV270 (277V) 277V [CEC 2012],Advanced_Solar_Photonics__PV270__277V__277V__CEC_2012_
Chint Power Systems America: CPS SC20KTL-DO/CA-480 480V [CEC 2012],Chint_Power_Systems_America__CPS_SC20KTL_DO_CA_480_480V__CEC_2012_
Chint Power Systems America: CPS SC20KTL-DO/US-480 480V [CEC 2012],Chint_Power_Systems_America__CPS_SC20KTL_DO_US_480_480V__CEC_2012_
Chint Power Systems America: CPS SC100KT-O/CA-480 480V [CEC 2012],Chint_Power_Systems_America__CPS_SC100KT_O_CA_480_480V__CEC_2012_
Chint Power Systems America: CPS SC100KT-O/US-480 480V [CEC 2012],Chint_Power_Systems_America__CPS_SC100KT_O_US_480_480V__CEC_2012_
Enphase Energy: M215-60-2LL-S2x-IG-NA (208 V) 208V [CEC 2012],Enphase_Energy__M215_60_2LL_S2x_IG_NA__208_V__208V__CEC_2012_
Enphase Energy: M215-60-2LL-S2x-IG-NA (240 V) 240V [CEC 2012],Enphase_Energy__M215_60_2LL_S2x_IG_NA__240_V__240V__CEC_2012_
i-Energy Corporation: GT260 (240V) 240V [CEC 2012],i_Energy_Corporation__GT260__240V__240V__CEC_2012_
SMA America: SC250U (480V) 480V [CEC 2012],SMA_America__SC250U__480V__480V__CEC_2012_
Solar Liberty: SLX 6500 (208V) 208V [CEC 2012],Solar_Liberty__SLX_6500__208V__208V__CEC_2012_
Solar Liberty: SLX 6500 (240V) 240V [CEC 2012],Solar_Liberty__SLX_6500__240V__240V__CEC_2012_
Solar Liberty: SLX 6500 (277V) 277V [CEC 2012],Solar_Liberty__SLX_6500__277V__277V__CEC_2012_
Solar Liberty: SLX 7500 (208V) 208V [CEC 2012],Solar_Liberty__SLX_7500__208V__208V__CEC_2012_
Solar Liberty: SLX 7500 (240V) 240V [CEC 2012],Solar_Liberty__SLX_7500__240V__240V__CEC_2012_
Solar Liberty: SLX 7500 (277V) 277V [CEC 2012],Solar_Liberty__SLX_7500__277V__277V__CEC_2012_
SunPower: SPR-3000m-240 240V [CEC 2012],SunPower__SPR_3000m_240_240V__CEC_2012_
Shenzhen BYD: BSG250K-U 480V [CEC 2012],Shenzhen_BYD__BSG250K_U_480V__CEC_2012_
Shenzhen BYD: BSG250K-U/N 480V [CEC 2012],Shenzhen_BYD__BSG250K_U_N_480V__CEC_2012_
Ingeteam Energy S.A.: INGECON SUN 3.6TL U 208V 208V [CEC 2012],Ingeteam_Energy_S_A___INGECON_SUN_3_6TL_U_208V_208V__CEC_2012_
Ingeteam Energy S.A.: INGECON SUN 3.6TL U 240V 240V [CEC 2012],Ingeteam_Energy_S_A___INGECON_SUN_3_6TL_U_240V_240V__CEC_2012_
Ingeteam Energy S.A.: INGECON SUN 3.6TL U 277V 277V [CEC 2012],Ingeteam_Energy_S_A___INGECON_SUN_3_6TL_U_277V_277V__CEC_2012_
Ingeteam Energy S.A.: INGECON SUN 6TL U 240V 240V [CEC 2012],Ingeteam_Energy_S_A___INGECON_SUN_6TL_U_240V_240V__CEC_2012_
Ingeteam Energy S.A.: INGECON SUN 6TL U 277V 277V [CEC 2012],Ingeteam_Energy_S_A___INGECON_SUN_6TL_U_277V_277V__CEC_2012_
Motech Industries: PVMate 3000U (208V) 208V [CEC 2012],Motech_Industries__PVMate_3000U__208V__208V__CEC_2012_
Motech Industries: PVMate 3000U-PG (208V) 208V [CEC 2012],Motech_Industries__PVMate_3000U_PG__208V__208V__CEC_2012_
Motech Industries: PVMate 3000U (240V) 240V [CEC 2012],Motech_Industries__PVMate_3000U__240V__240V__CEC_2012_
Motech Industries: PVMate 3000U-PG (240V) 240V [CEC 2012],Motech_Industries__PVMate_3000U_PG__240V__240V__CEC_2012_
Motech Industries: PVMate 4000U (208V) 208V [CEC 2012],Motech_Industries__PVMate_4000U__208V__208V__CEC_2012_
Motech Industries: PVMate 4000U-PG (208V) 208V [CEC 2012],Motech_Industries__PVMate_4000U_PG__208V__208V__CEC_2012_
Motech Industries: PVMate 4000U (240V) 240V [CEC 2012],Motech_Industries__PVMate_4000U__240V__240V__CEC_2012_
Motech Industries: PVMate 4000U-PG (240V) 240V [CEC 2012],Motech_Industries__PVMate_4000U_PG__240V__240V__CEC_2012_
Motech Industries: PVMate 5000U (208V) 208V [CEC 2012],Motech_Industries__PVMate_5000U__208V__208V__CEC_2012_
Motech Industries: PVMate 5000U-PG (208V) 208V [CEC 2012],Motech_Industries__PVMate_5000U_PG__208V__208V__CEC_2012_
Motech Industries: PVMate 5000U (240V) 240V [CEC 2012],Motech_Industries__PVMate_5000U__240V__240V__CEC_2012_
Motech Industries: PVMate 5000U-PG (240V) 240V [CEC 2012],Motech_Industries__PVMate_5000U_PG__240V__240V__CEC_2012_
Power-One: UNO-2.0-I-OUTD-US (208 V) 208V [CEC 2012],Power_One__UNO_2_0_I_OUTD_US__208_V__208V__CEC_2012_
Power-One: UNO-2.0-I-OUTD-US (240 V) 240V [CEC 2012],Power_One__UNO_2_0_I_OUTD_US__240_V__240V__CEC_2012_
Power-One: UNO-2.0-I-OUTD-US (277 V) 277V [CEC 2012],Power_One__UNO_2_0_I_OUTD_US__277_V__277V__CEC_2012_
Power-One: UNO-2.5-I-OUTD-US (208 V) 208V [CEC 2012],Power_One__UNO_2_5_I_OUTD_US__208_V__208V__CEC_2012_
Power-One: UNO-2.5-I-OUTD-US (240 V) 240V [CEC 2012],Power_One__UNO_2_5_I_OUTD_US__240_V__240V__CEC_2012_
Power-One: UNO-2.5-I-OUTD-US (277 V) 277V [CEC 2012],Power_One__UNO_2_5_I_OUTD_US__277_V__277V__CEC_2012_
SanRex: PV-250K-48T-13 480V [CEC 2012],SanRex__PV_250K_48T_13_480V__CEC_2012_
SanRex: PV-500K-48T-13 480V [CEC 2012],SanRex__PV_500K_48T_13_480V__CEC_2012_
SMA America: SC500CP-US 270V [CEC 2012],SMA_America__SC500CP_US_270V__CEC_2012_
SMA America: SC630CP-US 315V [CEC 2012],SMA_America__SC630CP_US_315V__CEC_2012_
SMA America: SC720CP-US 324V [CEC 2012],SMA_America__SC720CP_US_324V__CEC_2012_
SMA America: SC750CP-US 342V [CEC 2012],SMA_America__SC750CP_US_342V__CEC_2012_
SMA America: SC800CP-US 360V [CEC 2012],SMA_America__SC800CP_US_360V__CEC_2012_
Solar Liberty: SLX 3000 (208V) 208V [CEC 2012],Solar_Liberty__SLX_3000__208V__208V__CEC_2012_
Solar Liberty: SLX 3000 (240V) 240V [CEC 2012],Solar_Liberty__SLX_3000__240V__240V__CEC_2012_
Solar Liberty: SLX 4000 (208V) 208V [CEC 2012],Solar_Liberty__SLX_4000__208V__208V__CEC_2012_
Solar Liberty: SLX 4000 (240V) 240V [CEC 2012],Solar_Liberty__SLX_4000__240V__240V__CEC_2012_
Solar Liberty: SLX 5000 (208V) 208V [CEC 2012],Solar_Liberty__SLX_5000__208V__208V__CEC_2012_
Solar Liberty: SLX 5000 (240V) 240V [CEC 2012],Solar_Liberty__SLX_5000__240V__240V__CEC_2012_
Solar Liberty: SLX 5300 (208V) 208V [CEC 2012],Solar_Liberty__SLX_5300__208V__208V__CEC_2012_
Solar Liberty: SLX 5300 (240V) 240V [CEC 2012],Solar_Liberty__SLX_5300__240V__240V__CEC_2012_
Sungrow Power Supply: SG250KC 480V [CEC 2012],Sungrow_Power_Supply__SG250KC_480V__CEC_2012_
Sungrow Power Supply: SG250KU 480V [CEC 2012],Sungrow_Power_Supply__SG250KU_480V__CEC_2012_
Sungrow Power Supply: SG500LV 200V [CEC 2012],Sungrow_Power_Supply__SG500LV_200V__CEC_2012_
Advanced Energy Industries: AE 500TX-480 480V [CEC 2012],Advanced_Energy_Industries__AE_500TX_480_480V__CEC_2012_
Altenergy Power System: YC500A 240V [CEC 2012],Altenergy_Power_System__YC500A_240V__CEC_2012_
Altenergy Power System: YC500I 240V [CEC 2012],Altenergy_Power_System__YC500I_240V__CEC_2012_
Ingeteam Energy S.A.: INGECON SUN 3.6TL U 277 277V [CEC 2012],Ingeteam_Energy_S_A___INGECON_SUN_3_6TL_U_277_277V__CEC_2012_
Ingeteam Energy S.A.: INGECON SUN 6TL U 240 240V [CEC 2012],Ingeteam_Energy_S_A___INGECON_SUN_6TL_U_240_240V__CEC_2012_
Ingeteam Energy S.A.: INGECON SUN 125 TL U 208 Outdoor 208V [CEC 2012],Ingeteam_Energy_S_A___INGECON_SUN_125_TL_U_208_Outdoor_208V__CEC_2012_
Ingeteam Energy S.A.: INGECON SUN 125 U 208 Outdoor 208V [CEC 2012],Ingeteam_Energy_S_A___INGECON_SUN_125_U_208_Outdoor_208V__CEC_2012_
Ingeteam Energy S.A.: INGECON SUN 125 U 480 Outdoor 480V [CEC 2012],Ingeteam_Energy_S_A___INGECON_SUN_125_U_480_Outdoor_480V__CEC_2012_
Ingeteam Energy S.A.: INGECON SUN 165 TL U 275 Outdoor 275V [CEC 2012],Ingeteam_Energy_S_A___INGECON_SUN_165_TL_U_275_Outdoor_275V__CEC_2012_
Ingeteam Energy S.A.: INGECON SUN 200 TL U 330 Outdoor 330V [CEC 2012],Ingeteam_Energy_S_A___INGECON_SUN_200_TL_U_330_Outdoor_330V__CEC_2012_
Ingeteam Energy S.A.: INGECON SUN 220 TL U 360 Outdoor 360V [CEC 2012],Ingeteam_Energy_S_A___INGECON_SUN_220_TL_U_360_Outdoor_360V__CEC_2012_
SanRex: PV-100K-48T-13 400V [CEC 2012],SanRex__PV_100K_48T_13_400V__CEC_2012_
SMA America: SB6000TL-US (208V) 208V [CEC 2012],SMA_America__SB6000TL_US__208V__208V__CEC_2012_
SMA America: SB6000TL-US (240V) 240V [CEC 2012],SMA_America__SB6000TL_US__240V__240V__CEC_2012_
SMA America: SB6000TL-US-12 (208V) 208V [CEC 2012],SMA_America__SB6000TL_US_12__208V__208V__CEC_2012_
SMA America: SB6000TL-US-12 (240V) 240V [CEC 2012],SMA_America__SB6000TL_US_12__240V__240V__CEC_2012_
SMA America: SB7000TL-US (208V) 208V [CEC 2012],SMA_America__SB7000TL_US__208V__208V__CEC_2012_
SMA America: SB7000TL-US (240V) 240V [CEC 2012],SMA_America__SB7000TL_US__240V__240V__CEC_2012_
SMA America: SB7000TL-US-12 (208V) 208V [CEC 2012],SMA_America__SB7000TL_US_12__208V__208V__CEC_2012_
SMA America: SB7000TL-US-12 (240V) 240V [CEC 2012],SMA_America__SB7000TL_US_12__240V__240V__CEC_2012_
SMA America: SB8000TL-US (240V) 240V [CEC 2012],SMA_America__SB8000TL_US__240V__240V__CEC_2012_
SMA America: SB8000TL-US-12 (208V) 208V [CEC 2012],SMA_America__SB8000TL_US_12__208V__208V__CEC_2012_
SMA America: SB8000TL-US-12 (240V) 240V [CEC 2012],SMA_America__SB8000TL_US_12__240V__240V__CEC_2012_
SMA America: SB9000TL-US (240V) 240V [CEC 2012],SMA_America__SB9000TL_US__240V__240V__CEC_2012_
SMA America: SB9000TL-US-12 (208V) 208V [CEC 2012],SMA_America__SB9000TL_US_12__208V__208V__CEC_2012_
SMA America: SB9000TL-US-12 (240V) 240V [CEC 2012],SMA_America__SB9000TL_US_12__240V__240V__CEC_2012_
SMA America: SB10000TL-US (240V) 240V [CEC 2012],SMA_America__SB10000TL_US__240V__240V__CEC_2012_
SMA America: SB10000TL-US-12 (208V) 208V [CEC 2012],SMA_America__SB10000TL_US_12__208V__208V__CEC_2012_
SMA America: SB10000TL-US-12 (240V) 240V [CEC 2012],SMA_America__SB10000TL_US_12__240V__240V__CEC_2012_
SMA America: SB11000TL-US (240V) 240V [CEC 2012],SMA_America__SB11000TL_US__240V__240V__CEC_2012_
SMA America: SB11000TL-US-12 (240V) 240V [CEC 2012],SMA_America__SB11000TL_US_12__240V__240V__CEC_2012_
Solectria Renewables: PVI 3000S (208V) 208V [CEC 2012],Solectria_Renewables__PVI_3000S__208V__208V__CEC_2012_
Solectria Renewables: PVI 3000S-P (208V) 208V [CEC 2012],Solectria_Renewables__PVI_3000S_P__208V__208V__CEC_2012_
Solectria Renewables: PVI 3000S (240V) 240V [CEC 2012],Solectria_Renewables__PVI_3000S__240V__240V__CEC_2012_
Solectria Renewables: PVI 3000S-P (240V) 240V [CEC 2012],Solectria_Renewables__PVI_3000S_P__240V__240V__CEC_2012_
Solectria Renewables: PVI 4000S (208V) 208V [CEC 2012],Solectria_Renewables__PVI_4000S__208V__208V__CEC_2012_
Solectria Renewables: PVI 4000S-P (208V) 208V [CEC 2012],Solectria_Renewables__PVI_4000S_P__208V__208V__CEC_2012_
Solectria Renewables: PVI 4000S (240V) 240V [CEC 2012],Solectria_Renewables__PVI_4000S__240V__240V__CEC_2012_
Solectria Renewables: PVI 4000S-P (240V) 240V [CEC 2012],Solectria_Renewables__PVI_4000S_P__240V__240V__CEC_2012_
Solectria Renewables: PVI 5000S (208V) 208V [CEC 2012],Solectria_Renewables__PVI_5000S__208V__208V__CEC_2012_
Solectria Renewables: PVI 5000S-P (208V) 208V [CEC 2012],Solectria_Renewables__PVI_5000S_P__208V__208V__CEC_2012_
Solectria Renewables: PVI 5000S (240V) 240V [CEC 2012],Solectria_Renewables__PVI_5000S__240V__240V__CEC_2012_
Solectria Renewables: PVI 5000S-P (240V) 240V [CEC 2012],Solectria_Renewables__PVI_5000S_P__240V__240V__CEC_2012_
AE Solar Energy: AE3.8 (208V) 208V [CEC 2012],AE_Solar_Energy__AE3_8__208V__208V__CEC_2012_
AE Solar Energy: AE3.8 (240V) 240V [CEC 2012],AE_Solar_Energy__AE3_8__240V__240V__CEC_2012_
AE Solar Energy: AE3.8 (277V) 277V [CEC 2012],AE_Solar_Energy__AE3_8__277V__277V__CEC_2012_
AE Solar Energy: AE5.0 (208V) 208V [CEC 2012],AE_Solar_Energy__AE5_0__208V__208V__CEC_2012_
AE Solar Energy: AE5.0 (240V) 240V [CEC 2012],AE_Solar_Energy__AE5_0__240V__240V__CEC_2012_
AE Solar Energy: AE5.0 (277V) 277V [CEC 2012],AE_Solar_Energy__AE5_0__277V__277V__CEC_2012_
AE Solar Energy: AE6.0 (208V) 208V [CEC 2012],AE_Solar_Energy__AE6_0__208V__208V__CEC_2012_
AE Solar Energy: AE6.0 (240V) 240V [CEC 2012],AE_Solar_Energy__AE6_0__240V__240V__CEC_2012_
AE Solar Energy: AE6.0 (277V) 277V [CEC 2012],AE_Solar_Energy__AE6_0__277V__277V__CEC_2012_
AE Solar Energy: AE7.0 (208V) 208V [CEC 2012],AE_Solar_Energy__AE7_0__208V__208V__CEC_2012_
AE Solar Energy: AE7.0 (240V) 240V [CEC 2012],AE_Solar_Energy__AE7_0__240V__240V__CEC_2012_
AE Solar Energy: AE7.0 (277V) 277V [CEC 2012],AE_Solar_Energy__AE7_0__277V__277V__CEC_2012_
Altenergy Power System: YC250A 240V [CEC 2012],Altenergy_Power_System__YC250A_240V__CEC_2012_
Altenergy Power System: YC250I 240V [CEC 2012],Altenergy_Power_System__YC250I_240V__CEC_2012_
Eltek: Theia 3.8He-t UL (208V) 208V [CEC 2012],Eltek__Theia_3_8He_t_UL__208V__208V__CEC_2012_
Eltek: Theia 3.8He-t UL (240V) 240V [CEC 2012],Eltek__Theia_3_8He_t_UL__240V__240V__CEC_2012_
Eltek: Theia 4.4He-t UL (208V) 208V [CEC 2012],Eltek__Theia_4_4He_t_UL__208V__208V__CEC_2012_
Eltek: Theia 4.4He-t UL (240V) 240V [CEC 2012],Eltek__Theia_4_4He_t_UL__240V__240V__CEC_2012_
Sustainable Energy Technologies: SUNERGY TENK 240D 240V [CEC 2012],Sustainable_Energy_Technologies__SUNERGY_TENK_240D_240V__CEC_2012_
Danfoss Solar: DLX 3.8 UL (208V) 208V [CEC 2012],Danfoss_Solar__DLX_3_8_UL__208V__208V__CEC_2012_
Danfoss Solar: DLX 3.8 UL (240V) 240V [CEC 2012],Danfoss_Solar__DLX_3_8_UL__240V__240V__CEC_2012_
Danfoss Solar: DLX 4.4 UL (208V) 208V [CEC 2012],Danfoss_Solar__DLX_4_4_UL__208V__208V__CEC_2012_
Danfoss Solar: DLX 4.4 UL (240V) 240V [CEC 2012],Danfoss_Solar__DLX_4_4_UL__240V__240V__CEC_2012_
Ningbo Ginlong Technologies: GCI-5K-DB 240V [CEC 2012],Ningbo_Ginlong_Technologies__GCI_5K_DB_240V__CEC_2012_
Ningbo Ginlong Technologies: GCI-5K-W 240V [CEC 2012],Ningbo_Ginlong_Technologies__GCI_5K_W_240V__CEC_2012_
Ningbo Ginlong Technologies: Solis 5000-DB 240V [CEC 2012],Ningbo_Ginlong_Technologies__Solis_5000_DB_240V__CEC_2012_
Growatt New Energy Technology: GROWATT 10000 TL3-US 277V [CEC 2012],Growatt_New_Energy_Technology__GROWATT_10000_TL3_US_277V__CEC_2012_
Growatt New Energy Technology: GROWATT 12000 TL3-US 277V [CEC 2012],Growatt_New_Energy_Technology__GROWATT_12000_TL3_US_277V__CEC_2012_
Growatt New Energy Technology: GROWATT 18000 TL3-US 277V [CEC 2012],Growatt_New_Energy_Technology__GROWATT_18000_TL3_US_277V__CEC_2012_
Petra Solar: 103.10866.500X 120V [CEC 2012],Petra_Solar__103_10866_500X_120V__CEC_2012_
Power-One: MICRO-0.25-I-OUTD-US-208 208V [CEC 2012],Power_One__MICRO_0_25_I_OUTD_US_208_208V__CEC_2012_
Power-One: MICRO-0.25-I-OUTD-US-240 240V [CEC 2012],Power_One__MICRO_0_25_I_OUTD_US_240_240V__CEC_2012_
SMA America: Sunny Island SI4548 120V [CEC 2012],SMA_America__Sunny_Island_SI4548_120V__CEC_2012_
SMA America: Sunny Island SI6048 120V [CEC 2012],SMA_America__Sunny_Island_SI6048_120V__CEC_2012_
Solectria Renewables: PVI10kW-208 208V [CEC 2012],Solectria_Renewables__PVI10kW_208_208V__CEC_2012_
Solectria Renewables: PVI10kW-480 480V [CEC 2012],Solectria_Renewables__PVI10kW_480_480V__CEC_2012_
Solectria Renewables: PVI13kW-208 208V [CEC 2012],Solectria_Renewables__PVI13kW_208_208V__CEC_2012_
Solectria Renewables: PVI13kW-480 480V [CEC 2012],Solectria_Renewables__PVI13kW_480_480V__CEC_2012_
Solectria Renewables: PVI15kW-208 208V [CEC 2012],Solectria_Renewables__PVI15kW_208_208V__CEC_2012_
Solectria Renewables: PVI15kW-480 480V [CEC 2012],Solectria_Renewables__PVI15kW_480_480V__CEC_2012_
Chint Power Systems America: CPS SCE5KTL-O US (208V) 208V [CEC 2012],Chint_Power_Systems_America__CPS_SCE5KTL_O_US__208V__208V__CEC_2012_
Growatt New Energy Technology: GROWATT 20000 TL3-US 277V [CEC 2012],Growatt_New_Energy_Technology__GROWATT_20000_TL3_US_277V__CEC_2012_
Hansol Technics: HSPV-A250 240V [CEC 2012],Hansol_Technics__HSPV_A250_240V__CEC_2012_
INVOLAR: MAC250A-240-NA 240V [CEC 2012],INVOLAR__MAC250A_240_NA_240V__CEC_2012_
KACO: blueplanet 6400M (208V) 208V [CEC 2012],KACO__blueplanet_6400M__208V__208V__CEC_2012_
KACO: blueplanet 6400M (240V) 240V [CEC 2012],KACO__blueplanet_6400M__240V__240V__CEC_2012_
KACO: blueplanet 7600M (208V) 208V [CEC 2012],KACO__blueplanet_7600M__208V__208V__CEC_2012_
KACO: blueplanet 7600M (240V) 240V [CEC 2012],KACO__blueplanet_7600M__240V__240V__CEC_2012_
Power-One: MICRO-0.3-I-OUTD-US-208 208V [CEC 2012],Power_One__MICRO_0_3_I_OUTD_US_208_208V__CEC_2012_
Power-One: MICRO-0.3-I-OUTD-US-240 240V [CEC 2012],Power_One__MICRO_0_3_I_OUTD_US_240_240V__CEC_2012_
SolarBridge Technologies: P250HV-208 208V [CEC 2012],SolarBridge_Technologies__P250HV_208_208V__CEC_2012_
SolarBridge Technologies: P250HV-240 240V [CEC 2012],SolarBridge_Technologies__P250HV_240_240V__CEC_2012_
SolarBridge Technologies: P250LV-208 208V [CEC 2012],SolarBridge_Technologies__P250LV_208_208V__CEC_2012_
SolarBridge Technologies: P250LV-240 240V [CEC 2012],SolarBridge_Technologies__P250LV_240_240V__CEC_2012_
Zhejiang Yuhui Solar Energy Source: Replus-250A 240V [CEC 2012],Zhejiang_Yuhui_Solar_Energy_Source__Replus_250A_240V__CEC_2012_
Zhejiang Yuhui Solar Energy Source: Replus-250B 208V [CEC 2012],Zhejiang_Yuhui_Solar_Energy_Source__Replus_250B_208V__CEC_2012_
Toshiba International: PVT-AAA50K6U 210V [CEC 2012],Toshiba_International__PVT_AAA50K6U_210V__CEC_2012_
American Electric Technologies: ISIS-1000-410-60 410V [CEC 2013],American_Electric_Technologies__ISIS_1000_410_60_410V__CEC_2013_
American Electric Technologies: ISIS-1000-15000-60-CG NaNV [CEC 2013],American_Electric_Technologies__ISIS_1000_15000_60_CG_NaNV__CEC_2013_
Danfoss Solar: DLX 2.0 UL (208V) 208V [CEC 2013],Danfoss_Solar__DLX_2_0_UL__208V__208V__CEC_2013_
Danfoss Solar: DLX 2.0 UL (240V) 240V [CEC 2013],Danfoss_Solar__DLX_2_0_UL__240V__240V__CEC_2013_
Danfoss Solar: DLX 2.9 UL (208V) 208V [CEC 2013],Danfoss_Solar__DLX_2_9_UL__208V__208V__CEC_2013_
Danfoss Solar: DLX 2.9 UL (240V) 240V [CEC 2013],Danfoss_Solar__DLX_2_9_UL__240V__240V__CEC_2013_
Eltek: Theia 2.0He-t UL (208V) 208V [CEC 2013],Eltek__Theia_2_0He_t_UL__208V__208V__CEC_2013_
Eltek: Theia 2.0He-t UL (240V) 240V [CEC 2013],Eltek__Theia_2_0He_t_UL__240V__240V__CEC_2013_
Eltek: Theia 2.9He-t UL (208V) 208V [CEC 2013],Eltek__Theia_2_9He_t_UL__208V__208V__CEC_2013_
Eltek: Theia 2.9He-t UL (240V) 240V [CEC 2013],Eltek__Theia_2_9He_t_UL__240V__240V__CEC_2013_
Samil Power: SolarRiver7000TL-US (208V) 208V [CEC 2013],Samil_Power__SolarRiver7000TL_US__208V__208V__CEC_2013_
Samil Power: SolarRiver7000TL-US (240V) 240V [CEC 2013],Samil_Power__SolarRiver7000TL_US__240V__240V__CEC_2013_
Samil Power: SolarRiver7000TL-US (277V) 277V [CEC 2013],Samil_Power__SolarRiver7000TL_US__277V__277V__CEC_2013_
Samil Power: SolarRiver8000TL-US (208V) 208V [CEC 2013],Samil_Power__SolarRiver8000TL_US__208V__208V__CEC_2013_
Samil Power: SolarRiver8000TL-US (240V) 240V [CEC 2013],Samil_Power__SolarRiver8000TL_US__240V__240V__CEC_2013_
Samil Power: SolarRiver8000TL-US (277V) 277V [CEC 2013],Samil_Power__SolarRiver8000TL_US__277V__277V__CEC_2013_
Samil Power: SolarRiver9000TL-US (208V) 208V [CEC 2013],Samil_Power__SolarRiver9000TL_US__208V__208V__CEC_2013_
Samil Power: SolarRiver9000TL-US (240V) 240V [CEC 2013],Samil_Power__SolarRiver9000TL_US__240V__240V__CEC_2013_
Samil Power: SolarRiver9000TL-US (277V) 277V [CEC 2013],Samil_Power__SolarRiver9000TL_US__277V__277V__CEC_2013_
Samil Power: SolarRiver10000TL-US (208V) 208V [CEC 2013],Samil_Power__SolarRiver10000TL_US__208V__208V__CEC_2013_
Samil Power: SolarRiver10000TL-US (240V) 240V [CEC 2013],Samil_Power__SolarRiver10000TL_US__240V__240V__CEC_2013_
Samil Power: SolarRiver10000TL-US (277V) 277V [CEC 2013],Samil_Power__SolarRiver10000TL_US__277V__277V__CEC_2013_
Solectria Renewables: SGI 499PE 480V [CEC 2013],Solectria_Renewables__SGI_499PE_480V__CEC_2013_
Solectria Renewables: SGI 500PE 480V [CEC 2013],Solectria_Renewables__SGI_500PE_480V__CEC_2013_
Enecsys: 240-60-XX 240V [CEC 2013],Enecsys__240_60_XX_240V__CEC_2013_
Enecsys: 260-60-XX 240V [CEC 2013],Enecsys__260_60_XX_240V__CEC_2013_
Enecsys: 280-60-XX 240V [CEC 2013],Enecsys__280_60_XX_240V__CEC_2013_
Enecsys: 300-60-XX 240V [CEC 2013],Enecsys__300_60_XX_240V__CEC_2013_
i-Energy Corporation: GT260 240V [CEC 2013],i_Energy_Corporation__GT260_240V__CEC_2013_
Power-One: TRIO-20.0-TL-OUTD-US-480 480V [CEC 2013],Power_One__TRIO_20_0_TL_OUTD_US_480_480V__CEC_2013_
Power-One: TRIO-27.6-TL-OUTD-US-480 480V [CEC 2013],Power_One__TRIO_27_6_TL_OUTD_US_480_480V__CEC_2013_
SolarBridge Technologies: P250HV-208/240-xxx 208V [CEC 2013],SolarBridge_Technologies__P250HV_208_240_xxx_208V__CEC_2013_
SolarBridge Technologies: P250HV-208/240-xxx 240V [CEC 2013],SolarBridge_Technologies__P250HV_208_240_xxx_240V__CEC_2013_
SolarBridge Technologies: P250LV-208/240-xxx 208V [CEC 2013],SolarBridge_Technologies__P250LV_208_240_xxx_208V__CEC_2013_
SolarBridge Technologies: P250LV-208/240-xxx 240V [CEC 2013],SolarBridge_Technologies__P250LV_208_240_xxx_240V__CEC_2013_
Sungrow Power Supply: SG100KU-outdoor 480V [CEC 2013],Sungrow_Power_Supply__SG100KU_outdoor_480V__CEC_2013_
AEG Power Solutions: Protect PV.500-UL 480V [CEC 2013],AEG_Power_Solutions__Protect_PV_500_UL_480V__CEC_2013_
Darfon Electronics: MIG240UL00 240V [CEC 2013],Darfon_Electronics__MIG240UL00_240V__CEC_2013_
Jema Energy: JAE7140 480V [CEC 2013],Jema_Energy__JAE7140_480V__CEC_2013_
Jema Energy: JAE7141 480V [CEC 2013],Jema_Energy__JAE7141_480V__CEC_2013_
Jiangsu Zeversolar New Energy: Evershine TL3000-US-208 208V [CEC 2013],Jiangsu_Zeversolar_New_Energy__Evershine_TL3000_US_208_208V__CEC_2013_
Jiangsu Zeversolar New Energy: Evershine TL3000-US-240 240V [CEC 2013],Jiangsu_Zeversolar_New_Energy__Evershine_TL3000_US_240_240V__CEC_2013_
Jiangsu Zeversolar New Energy: Evershine TL4000-US-208 208V [CEC 2013],Jiangsu_Zeversolar_New_Energy__Evershine_TL4000_US_208_208V__CEC_2013_
Jiangsu Zeversolar New Energy: Evershine TL4000-US-240 240V [CEC 2013],Jiangsu_Zeversolar_New_Energy__Evershine_TL4000_US_240_240V__CEC_2013_
Jiangsu Zeversolar New Energy: Evershine TL5000-US-208 208V [CEC 2013],Jiangsu_Zeversolar_New_Energy__Evershine_TL5000_US_208_208V__CEC_2013_
Jiangsu Zeversolar New Energy: Evershine TL5000-US-240 240V [CEC 2013],Jiangsu_Zeversolar_New_Energy__Evershine_TL5000_US_240_240V__CEC_2013_
Jiangsu Zeversolar New Energy: Evershine TL6000-US-208 208V [CEC 2013],Jiangsu_Zeversolar_New_Energy__Evershine_TL6000_US_208_208V__CEC_2013_
Jiangsu Zeversolar New Energy: Evershine TL6000-US-240 240V [CEC 2013],Jiangsu_Zeversolar_New_Energy__Evershine_TL6000_US_240_240V__CEC_2013_
Power-One: ULTRA-1100-TL-OUTD-1-US-690-x-y-z 690V [CEC 2013],Power_One__ULTRA_1100_TL_OUTD_1_US_690_x_y_z_690V__CEC_2013_
Power-One: ULTRA-1500-TL-OUTD-1-US-690-x-y-z 690V [CEC 2013],Power_One__ULTRA_1500_TL_OUTD_1_US_690_x_y_z_690V__CEC_2013_
Renovo Power Systems: RN3000US 240V [CEC 2013],Renovo_Power_Systems__RN3000US_240V__CEC_2013_
Canadian Solar: CM-240-EC 240V [CEC 2013],Canadian_Solar__CM_240_EC_240V__CEC_2013_
Canadian Solar: CM-260-EC 240V [CEC 2013],Canadian_Solar__CM_260_EC_240V__CEC_2013_
Canadian Solar: CM-280-EC 240V [CEC 2013],Canadian_Solar__CM_280_EC_240V__CEC_2013_
Canadian Solar: CM-300-EC 240V [CEC 2013],Canadian_Solar__CM_300_EC_240V__CEC_2013_
Growatt New Energy Technology: GROWATT 8000TL-US (208V) 208V [CEC 2013],Growatt_New_Energy_Technology__GROWATT_8000TL_US__208V__208V__CEC_2013_
Growatt New Energy Technology: GROWATT 8000TL-US (240V) 240V [CEC 2013],Growatt_New_Energy_Technology__GROWATT_8000TL_US__240V__240V__CEC_2013_
Growatt New Energy Technology: GROWATT 9000TL-US (208V) 208V [CEC 2013],Growatt_New_Energy_Technology__GROWATT_9000TL_US__208V__208V__CEC_2013_
Growatt New Energy Technology: GROWATT 9000TL-US (240V) 240V [CEC 2013],Growatt_New_Energy_Technology__GROWATT_9000TL_US__240V__240V__CEC_2013_
Growatt New Energy Technology: GROWATT 10000TL-US (208V) 208V [CEC 2013],Growatt_New_Energy_Technology__GROWATT_10000TL_US__208V__208V__CEC_2013_
Growatt New Energy Technology: GROWATT 11000TL-US (240V) 240V [CEC 2013],Growatt_New_Energy_Technology__GROWATT_11000TL_US__240V__240V__CEC_2013_
Ingeteam: INGECON SUN 375TL X208 Indoor 208V [CEC 2013],Ingeteam__INGECON_SUN_375TL_X208_Indoor_208V__CEC_2013_
Ingeteam: INGECON SUN 375TL X208 Outdoor 208V [CEC 2013],Ingeteam__INGECON_SUN_375TL_X208_Outdoor_208V__CEC_2013_
Ingeteam: INGECON SUN 500T U X480 Indoor 480V [CEC 2013],Ingeteam__INGECON_SUN_500T_U_X480_Indoor_480V__CEC_2013_
Ingeteam: INGECON SUN 500T U X480 Outdoor 480V [CEC 2013],Ingeteam__INGECON_SUN_500T_U_X480_Outdoor_480V__CEC_2013_
Ingeteam: INGECON SUN 500TL U X208 Indoor 208V [CEC 2013],Ingeteam__INGECON_SUN_500TL_U_X208_Indoor_208V__CEC_2013_
Ingeteam: INGECON SUN 500TL U X208 Outdoor 208V [CEC 2013],Ingeteam__INGECON_SUN_500TL_U_X208_Outdoor_208V__CEC_2013_
Ingeteam: INGECON SUN 600TL X330 Outdoor 330V [CEC 2013],Ingeteam__INGECON_SUN_600TL_X330_Outdoor_330V__CEC_2013_
Ingeteam: INGECON SUN 660TL U X275 Indoor 275V [CEC 2013],Ingeteam__INGECON_SUN_660TL_U_X275_Indoor_275V__CEC_2013_
Ingeteam: INGECON SUN 660TL U X275 Outdoor 275V [CEC 2013],Ingeteam__INGECON_SUN_660TL_U_X275_Outdoor_275V__CEC_2013_
Ingeteam: INGECON SUN 660TL X360 Indoor 360V [CEC 2013],Ingeteam__INGECON_SUN_660TL_X360_Indoor_360V__CEC_2013_
Ingeteam: INGECON SUN 660TL X360 Outdoor 360V [CEC 2013],Ingeteam__INGECON_SUN_660TL_X360_Outdoor_360V__CEC_2013_
Ingeteam: INGECON SUN 800TL U X330 Indoor 330V [CEC 2013],Ingeteam__INGECON_SUN_800TL_U_X330_Indoor_330V__CEC_2013_
Ingeteam: INGECON SUN 800TL U X330 Outdoor 330V [CEC 2013],Ingeteam__INGECON_SUN_800TL_U_X330_Outdoor_330V__CEC_2013_
Ingeteam: INGECON SUN 880TL X360 Indoor 360V [CEC 2013],Ingeteam__INGECON_SUN_880TL_X360_Indoor_360V__CEC_2013_
Ingeteam: INGECON SUN 880TL X360 Outdoor 360V [CEC 2013],Ingeteam__INGECON_SUN_880TL_X360_Outdoor_360V__CEC_2013_
Power-One: ULTRA-750-TL-OUTD-1-US-690-x-y-z 690V [CEC 2013],Power_One__ULTRA_750_TL_OUTD_1_US_690_x_y_z_690V__CEC_2013_
Renesola Zhejiang: Replus-250A 240V [CEC 2013],Renesola_Zhejiang__Replus_250A_240V__CEC_2013_
Renesola Zhejiang: Replus-250B 208V [CEC 2013],Renesola_Zhejiang__Replus_250B_208V__CEC_2013_
Elettronica Santerno: TG100NA208Y 208V [CEC 2013],Elettronica_Santerno__TG100NA208Y_208V__CEC_2013_
Elettronica Santerno: TG100NA480Y 480V [CEC 2013],Elettronica_Santerno__TG100NA480Y_480V__CEC_2013_
Elettronica Santerno: TG125NA480Y 480V [CEC 2013],Elettronica_Santerno__TG125NA480Y_480V__CEC_2013_
Enphase Energy: M240-60-2LL-S2x (208V) 208V [CEC 2013],Enphase_Energy__M240_60_2LL_S2x__208V__208V__CEC_2013_
Enphase Energy: M240-60-2LL-S2x (240V) 240V [CEC 2013],Enphase_Energy__M240_60_2LL_S2x__240V__240V__CEC_2013_
SMA America: SB3000TL-US-22 (208V) 208V [CEC 2013],SMA_America__SB3000TL_US_22__208V__208V__CEC_2013_
SMA America: SB3000TL-US-22 (240V) 240V [CEC 2013],SMA_America__SB3000TL_US_22__240V__240V__CEC_2013_
SMA America: SB3800TL-US-22 (208V) 208V [CEC 2013],SMA_America__SB3800TL_US_22__208V__208V__CEC_2013_
SMA America: SB3800TL-US-22 (240V) 240V [CEC 2013],SMA_America__SB3800TL_US_22__240V__240V__CEC_2013_
SMA America: SB4000TL-US-22 (208V) 208V [CEC 2013],SMA_America__SB4000TL_US_22__208V__208V__CEC_2013_
SMA America: SB4000TL-US-22 (240V) 240V [CEC 2013],SMA_America__SB4000TL_US_22__240V__240V__CEC_2013_
SMA America: SB5000TL-US-22 (208V) 208V [CEC 2013],SMA_America__SB5000TL_US_22__208V__208V__CEC_2013_
SMA America: SB5000TL-US-22 (240V) 240V [CEC 2013],SMA_America__SB5000TL_US_22__240V__240V__CEC_2013_
Agepower Limit: Agepower AP 5000MTL-US (208V) 208V [CEC 2013],Agepower_Limit__Agepower_AP_5000MTL_US__208V__208V__CEC_2013_
Agepower Limit: Agepower AP 1500TL-US (208V) 208V [CEC 2013],Agepower_Limit__Agepower_AP_1500TL_US__208V__208V__CEC_2013_
Agepower Limit: Agepower AP 1500TL-US (240V) 240V [CEC 2013],Agepower_Limit__Agepower_AP_1500TL_US__240V__240V__CEC_2013_
Agepower Limit: Agepower AP 1500TL-US (277V) 277V [CEC 2013],Agepower_Limit__Agepower_AP_1500TL_US__277V__277V__CEC_2013_
Agepower Limit: Agepower AP 2000TL-US (208V) 208V [CEC 2013],Agepower_Limit__Agepower_AP_2000TL_US__208V__208V__CEC_2013_
Agepower Limit: Agepower AP 2000TL-US (240V) 240V [CEC 2013],Agepower_Limit__Agepower_AP_2000TL_US__240V__240V__CEC_2013_
Agepower Limit: Agepower AP 2000TL-US (277V) 277V [CEC 2013],Agepower_Limit__Agepower_AP_2000TL_US__277V__277V__CEC_2013_
Agepower Limit: Agepower AP 3000TL-US (208V) 208V [CEC 2013],Agepower_Limit__Agepower_AP_3000TL_US__208V__208V__CEC_2013_
Agepower Limit: Agepower AP 3000TL-US (240V) 240V [CEC 2013],Agepower_Limit__Agepower_AP_3000TL_US__240V__240V__CEC_2013_
Agepower Limit: Agepower AP 3000TL-US (277V) 277V [CEC 2013],Agepower_Limit__Agepower_AP_3000TL_US__277V__277V__CEC_2013_
Agepower Limit: Agepower AP 3600MTL-US (208V) 208V [CEC 2013],Agepower_Limit__Agepower_AP_3600MTL_US__208V__208V__CEC_2013_
Agepower Limit: Agepower AP 3600MTL-US (240V) 240V [CEC 2013],Agepower_Limit__Agepower_AP_3600MTL_US__240V__240V__CEC_2013_
Agepower Limit: Agepower AP 3600MTL-US (277V) 277V [CEC 2013],Agepower_Limit__Agepower_AP_3600MTL_US__277V__277V__CEC_2013_
Agepower Limit: Agepower AP 4200MTL-US (208V) 208V [CEC 2013],Agepower_Limit__Agepower_AP_4200MTL_US__208V__208V__CEC_2013_
Agepower Limit: Agepower AP 4200MTL-US (240V) 240V [CEC 2013],Agepower_Limit__Agepower_AP_4200MTL_US__240V__240V__CEC_2013_
Agepower Limit: Agepower AP 4200MTL-US (277V) 277V [CEC 2013],Agepower_Limit__Agepower_AP_4200MTL_US__277V__277V__CEC_2013_
Agepower Limit: Agepower AP 5000MTL-US (240V) 240V [CEC 2013],Agepower_Limit__Agepower_AP_5000MTL_US__240V__240V__CEC_2013_
Agepower Limit: Agepower AP 5000MTL-US (277V) 277V [CEC 2013],Agepower_Limit__Agepower_AP_5000MTL_US__277V__277V__CEC_2013_
Agepower Limit: Agepower AP 10000 TL3-US 277V [CEC 2013],Agepower_Limit__Agepower_AP_10000_TL3_US_277V__CEC_2013_
Agepower Limit: Agepower AP 12000 TL3-US 277V [CEC 2013],Agepower_Limit__Agepower_AP_12000_TL3_US_277V__CEC_2013_
Agepower Limit: Agepower AP 18000 TL3-US 277V [CEC 2013],Agepower_Limit__Agepower_AP_18000_TL3_US_277V__CEC_2013_
Agepower Limit: Agepower AP 20000 TL3-US 277V [CEC 2013],Agepower_Limit__Agepower_AP_20000_TL3_US_277V__CEC_2013_
Elettronica Santerno: TG125NA208Y 208V [CEC 2013],Elettronica_Santerno__TG125NA208Y_208V__CEC_2013_
Solectria Renewables: PVI50kW-480 480V [CEC 2013],Solectria_Renewables__PVI50kW_480_480V__CEC_2013_
Solectria Renewables: PVI60kW-208 208V [CEC 2013],Solectria_Renewables__PVI60kW_208_208V__CEC_2013_
Solectria Renewables: PVI60kW-480 480V [CEC 2013],Solectria_Renewables__PVI60kW_480_480V__CEC_2013_
Solectria Renewables: PVI75kW-208 208V [CEC 2013],Solectria_Renewables__PVI75kW_208_208V__CEC_2013_
Solectria Renewables: PVI75kW-480 480V [CEC 2013],Solectria_Renewables__PVI75kW_480_480V__CEC_2013_
Solectria Renewables: PVI85kW-208 208V [CEC 2013],Solectria_Renewables__PVI85kW_208_208V__CEC_2013_
Solectria Renewables: PVI85kW-480 480V [CEC 2013],Solectria_Renewables__PVI85kW_480_480V__CEC_2013_
Solectria Renewables: PVI100kW-208 208V [CEC 2013],Solectria_Renewables__PVI100kW_208_208V__CEC_2013_
Solectria Renewables: PVI100kW-480 480V [CEC 2013],Solectria_Renewables__PVI100kW_480_480V__CEC_2013_
Delta Energy Systems: SOLIVIA 4.4 NA G4 TR (208V) 208V [CEC 2013],Delta_Energy_Systems__SOLIVIA_4_4_NA_G4_TR__208V__208V__CEC_2013_
Sparq Systems: S215NA2240 240V [CEC 2013],Sparq_Systems__S215NA2240_240V__CEC_2013_
SMA America: SB 240-US-10 240V [CEC 2013],SMA_America__SB_240_US_10_240V__CEC_2013_
SMA America: SC500CP-US 600V (w/ ABB xfmr) 200V [CEC 2013],SMA_America__SC500CP_US_600V__w__ABB_xfmr__200V__CEC_2013_
AEconversion Gmbh: INV250-45US-xxxxx (208V) 208V [CEC 2013],AEconversion_Gmbh__INV250_45US_xxxxx__208V__208V__CEC_2013_
AEconversion Gmbh: INV250-45US-xxxxx (240V) 240V [CEC 2013],AEconversion_Gmbh__INV250_45US_xxxxx__240V__240V__CEC_2013_
AEconversion Gmbh: INV350-60US-xxxxx (208V) 208V [CEC 2013],AEconversion_Gmbh__INV350_60US_xxxxx__208V__208V__CEC_2013_
AEconversion Gmbh: INV350-60US-xxxxx (240V) 240V [CEC 2013],AEconversion_Gmbh__INV350_60US_xxxxx__240V__240V__CEC_2013_
Chilicon: CP-250-60-208-MC4 208V [CEC 2013],Chilicon__CP_250_60_208_MC4_208V__CEC_2013_
Chilicon: CP-250-60-240-MC4 240V [CEC 2013],Chilicon__CP_250_60_240_MC4_240V__CEC_2013_
Green Power Technologies: PV500WD 240V [CEC 2013],Green_Power_Technologies__PV500WD_240V__CEC_2013_
Green Power Technologies: PV630WD 240V [CEC 2013],Green_Power_Technologies__PV630WD_240V__CEC_2013_
Green Power Technologies: PV750WD 360V [CEC 2013],Green_Power_Technologies__PV750WD_360V__CEC_2013_
Green Power Technologies: PV900WD 420V [CEC 2013],Green_Power_Technologies__PV900WD_420V__CEC_2013_
HiQ Solar: Mini3500-US 208V [CEC 2013],HiQ_Solar__Mini3500_US_208V__CEC_2013_
Advanced Energy Industries: AE 250NX (3159200-XXXX) 480V [CEC 2013],Advanced_Energy_Industries__AE_250NX__3159200_XXXX__480V__CEC_2013_
Advanced Energy Industries: AE 333NX (3159000-XXXX) 480V [CEC 2013],Advanced_Energy_Industries__AE_333NX__3159000_XXXX__480V__CEC_2013_
Advanced Energy Industries: AE 500NX (3159500-XXXX) 480V [CEC 2013],Advanced_Energy_Industries__AE_500NX__3159500_XXXX__480V__CEC_2013_
Advanced Energy Industries: AE 500NX-HE (3159502-XXXX) 480V [CEC 2013],Advanced_Energy_Industries__AE_500NX_HE__3159502_XXXX__480V__CEC_2013_
AEG Power Solutions: Protect MPV.150.01 480V [CEC 2013],AEG_Power_Solutions__Protect_MPV_150_01_480V__CEC_2013_
KACO: blueplanet 50.0 TL3 M1 480V [CEC 2013],KACO__blueplanet_50_0_TL3_M1_480V__CEC_2013_
Power-One: ULTRA-750-TL-OUTD-2-US-690-x-y-z 690V [CEC 2013],Power_One__ULTRA_750_TL_OUTD_2_US_690_x_y_z_690V__CEC_2013_
Power-One: ULTRA-750-TL-OUTD-3-US-690-x-y-z 690V [CEC 2013],Power_One__ULTRA_750_TL_OUTD_3_US_690_x_y_z_690V__CEC_2013_
Power-One: ULTRA-750-TL-OUTD-4-US-690-x-y-z 69V [CEC 2013],Power_One__ULTRA_750_TL_OUTD_4_US_690_x_y_z_69V__CEC_2013_
Power-One: ULTRA-1100-TL-OUTD-2-US-690-x-y-z 690V [CEC 2013],Power_One__ULTRA_1100_TL_OUTD_2_US_690_x_y_z_690V__CEC_2013_
Power-One: ULTRA-1100-TL-OUTD-3-US-690-x-y-z 690V [CEC 2013],Power_One__ULTRA_1100_TL_OUTD_3_US_690_x_y_z_690V__CEC_2013_
Power-One: ULTRA-1100-TL-OUTD-4-US-690-x-y-z 690V [CEC 2013],Power_One__ULTRA_1100_TL_OUTD_4_US_690_x_y_z_690V__CEC_2013_
Power-One: ULTRA-1500-TL-OUTD-2-US-690-x-y-z 690V [CEC 2013],Power_One__ULTRA_1500_TL_OUTD_2_US_690_x_y_z_690V__CEC_2013_
Power-One: ULTRA-1500-TL-OUTD-3-US-690-x-y-z 690V [CEC 2013],Power_One__ULTRA_1500_TL_OUTD_3_US_690_x_y_z_690V__CEC_2013_
Power-One: ULTRA-1500-TL-OUTD-4-US-690-x-y-z 690V [CEC 2013],Power_One__ULTRA_1500_TL_OUTD_4_US_690_x_y_z_690V__CEC_2013_
SolarEdge Technologies: SE9K 208V [CEC 2013],SolarEdge_Technologies__SE9K_208V__CEC_2013_
SolarEdge Technologies: SE10K 480V [CEC 2013],SolarEdge_Technologies__SE10K_480V__CEC_2013_
SolarEdge Technologies: SE20K 480V [CEC 2013],SolarEdge_Technologies__SE20K_480V__CEC_2013_
Solectria Renewables: PVI50kW-240 240V [CEC 2013],Solectria_Renewables__PVI50kW_240_240V__CEC_2013_
Solectria Renewables: PVI60kW-240 240V [CEC 2013],Solectria_Renewables__PVI60kW_240_240V__CEC_2013_
Solectria Renewables: PVI-75-208-PE 208V [CEC 2013],Solectria_Renewables__PVI_75_208_PE_208V__CEC_2013_
Solectria Renewables: PVI75kW-240 240V [CEC 2013],Solectria_Renewables__PVI75kW_240_240V__CEC_2013_
Solectria Renewables: PVI75kW-480PE 480V [CEC 2013],Solectria_Renewables__PVI75kW_480PE_480V__CEC_2013_
Solectria Renewables: PVI-85-208-PE 208V [CEC 2013],Solectria_Renewables__PVI_85_208_PE_208V__CEC_2013_
Solectria Renewables: PVI85kW-240 240V [CEC 2013],Solectria_Renewables__PVI85kW_240_240V__CEC_2013_
Solectria Renewables: PVI-100-208-PE 208V [CEC 2013],Solectria_Renewables__PVI_100_208_PE_208V__CEC_2013_
Solectria Renewables: PVI100kW-240 240V [CEC 2013],Solectria_Renewables__PVI100kW_240_240V__CEC_2013_
Solectria Renewables: SGI 500XT 480V [CEC 2013],Solectria_Renewables__SGI_500XT_480V__CEC_2013_
Sputnik Engineering AG: SM75TS-A 480V [CEC 2013],Sputnik_Engineering_AG__SM75TS_A_480V__CEC_2013_
Chiconypower: MU300SAP2 240V [CEC 2013],Chiconypower__MU300SAP2_240V__CEC_2013_
Enphase Energy: M250-60-2LL-S2x (-ZC) (-NA) 208V 208V [CEC 2013],Enphase_Energy__M250_60_2LL_S2x___ZC____NA__208V_208V__CEC_2013_
Enphase Energy: M250-60-2LL-S2x (-ZC) (-NA) 240V 240V [CEC 2013],Enphase_Energy__M250_60_2LL_S2x___ZC____NA__240V_240V__CEC_2013_
KACO: blueplanet 32.0 TL3 M1 480V [CEC 2013],KACO__blueplanet_32_0_TL3_M1_480V__CEC_2013_
Power-One: PVI-3.8-OUTD(-S)-US(-A) (208V) 208V [CEC 2013],Power_One__PVI_3_8_OUTD__S__US__A___208V__208V__CEC_2013_
Power-One: PVI-3.8-OUTD(-S)-US(-A) (240V) 240V [CEC 2013],Power_One__PVI_3_8_OUTD__S__US__A___240V__240V__CEC_2013_
Power-One: PVI-3.8-OUTD(-S)-US(-A) (277V) 277V [CEC 2013],Power_One__PVI_3_8_OUTD__S__US__A___277V__277V__CEC_2013_
Shenzhen Sinexcel Electric: Rainbow PVI-10.0-I-US 208V [CEC 2013],Shenzhen_Sinexcel_Electric__Rainbow_PVI_10_0_I_US_208V__CEC_2013_
Shenzhen Sinexcel Electric: Rainbow PVI-12.5-I-US 208V [CEC 2013],Shenzhen_Sinexcel_Electric__Rainbow_PVI_12_5_I_US_208V__CEC_2013_
Altenergy Power Systems: YC500A (208V) 208V [CEC 2013],Altenergy_Power_Systems__YC500A__208V__208V__CEC_2013_
Altenergy Power Systems: YC500A (240V) 240V [CEC 2013],Altenergy_Power_Systems__YC500A__240V__240V__CEC_2013_
Altenergy Power Systems: YC500I (208V) 208V [CEC 2013],Altenergy_Power_Systems__YC500I__208V__208V__CEC_2013_
Altenergy Power Systems: YC500I (240V) 240V [CEC 2013],Altenergy_Power_Systems__YC500I__240V__240V__CEC_2013_
"Chint Power Systems: CPS SC14KTL-DO/xx-208, xx is US or CA 208V [CEC 2013]",Chint_Power_Systems__CPS_SC14KTL_DO_xx_208__xx_is_US_or_CA_208V__CEC_2013_
"Chint Power Systems: CPS SC20KTL-DO/xx-480, xx is US or CA 480V [CEC 2013]",Chint_Power_Systems__CPS_SC20KTL_DO_xx_480__xx_is_US_or_CA_480V__CEC_2013_
Nextronex Energy Systems: Ray-Max 150 480V [CEC 2013],Nextronex_Energy_Systems__Ray_Max_150_480V__CEC_2013_
SMA America: STP12000TL-US-10 (480V) 480V [CEC 2013],SMA_America__STP12000TL_US_10__480V__480V__CEC_2013_
SMA America: STP15000TL-US-10 (480V) 480V [CEC 2013],SMA_America__STP15000TL_US_10__480V__480V__CEC_2013_
SMA America: STP20000TL-US-10 (480V) 480V [CEC 2013],SMA_America__STP20000TL_US_10__480V__480V__CEC_2013_
SMA America: STP24000TL-US-10 (480V) 480V [CEC 2013],SMA_America__STP24000TL_US_10__480V__480V__CEC_2013_
Solectria Renewables: PVI 14TL-208 208V [CEC 2013],Solectria_Renewables__PVI_14TL_208_208V__CEC_2013_
Solectria Renewables: PVI 20TL-480 480V [CEC 2013],Solectria_Renewables__PVI_20TL_480_480V__CEC_2013_
Sputnik Engineering: SM 12MT2A 480V [CEC 2013],Sputnik_Engineering__SM_12MT2A_480V__CEC_2013_
Sputnik Engineering: SM 15MT3A 480V [CEC 2013],Sputnik_Engineering__SM_15MT3A_480V__CEC_2013_
Sputnik Engineering: SM 18MT3A 480V [CEC 2013],Sputnik_Engineering__SM_18MT3A_480V__CEC_2013_
Advanced Energy Industries: 804R012 480V [CEC 2013],Advanced_Energy_Industries__804R012_480V__CEC_2013_
Advanced Energy Industries: 804R016 480V [CEC 2013],Advanced_Energy_Industries__804R016_480V__CEC_2013_
Advanced Energy Industries: 804R020 480V [CEC 2013],Advanced_Energy_Industries__804R020_480V__CEC_2013_
Advanced Energy Industries: 804R024 480V [CEC 2013],Advanced_Energy_Industries__804R024_480V__CEC_2013_
Advanced Energy Industries: AE_3TL-12_6-08 480V [CEC 2013],Advanced_Energy_Industries__AE_3TL_12_6_08_480V__CEC_2013_
Advanced Energy Industries: AE_3TL-16_6-08 480V [CEC 2013],Advanced_Energy_Industries__AE_3TL_16_6_08_480V__CEC_2013_
Advanced Energy Industries: AE_3TL-20_6-08 480V [CEC 2013],Advanced_Energy_Industries__AE_3TL_20_6_08_480V__CEC_2013_
Advanced Energy Industries: AE_3TL-23_6-08 480V [CEC 2013],Advanced_Energy_Industries__AE_3TL_23_6_08_480V__CEC_2013_
Delta Electronics: DDP-260AB XX 240V [CEC 2013],Delta_Electronics__DDP_260AB_XX_240V__CEC_2013_
Friem: RECon 30H-150-US 300V [CEC 2013],Friem__RECon_30H_150_US_300V__CEC_2013_
KACO: blueplanet 32.0 TL3 M3 600V [CEC 2013],KACO__blueplanet_32_0_TL3_M3_600V__CEC_2013_
KACO: blueplanet 40.0 TL3 M1 480V [CEC 2013],KACO__blueplanet_40_0_TL3_M1_480V__CEC_2013_
KACO: blueplanet 40.0 TL3 M3 480V [CEC 2013],KACO__blueplanet_40_0_TL3_M3_480V__CEC_2013_
KACO: blueplanet 50.0 TL3 M3 480V [CEC 2013],KACO__blueplanet_50_0_TL3_M3_480V__CEC_2013_
Renesola Zhejiang: Replus 3600MTLB-US (208V) 208V [CEC 2013],Renesola_Zhejiang__Replus_3600MTLB_US__208V__208V__CEC_2013_
Renesola Zhejiang: Replus 3600MTLB-US (240V) 240V [CEC 2013],Renesola_Zhejiang__Replus_3600MTLB_US__240V__240V__CEC_2013_
Renesola Zhejiang: Replus 3600MTLB-US (277V) 277V [CEC 2013],Renesola_Zhejiang__Replus_3600MTLB_US__277V__277V__CEC_2013_
Renesola Zhejiang: Replus 4200MTLB-US (208V) 208V [CEC 2013],Renesola_Zhejiang__Replus_4200MTLB_US__208V__208V__CEC_2013_
Renesola Zhejiang: Replus 4200MTLB-US (240V) 240V [CEC 2013],Renesola_Zhejiang__Replus_4200MTLB_US__240V__240V__CEC_2013_
Renesola Zhejiang: Replus 4200MTLB-US (277V) 277V [CEC 2013],Renesola_Zhejiang__Replus_4200MTLB_US__277V__277V__CEC_2013_
Renesola Zhejiang: Replus 5000MTLB-US (208V) 208V [CEC 2013],Renesola_Zhejiang__Replus_5000MTLB_US__208V__208V__CEC_2013_
Renesola Zhejiang: Replus 5000MTLB-US (240V) 240V [CEC 2013],Renesola_Zhejiang__Replus_5000MTLB_US__240V__240V__CEC_2013_
Renesola Zhejiang: Replus 5000MTLB-US (277V) 277V [CEC 2013],Renesola_Zhejiang__Replus_5000MTLB_US__277V__277V__CEC_2013_
Renesola Zhejiang: Replus 10000TL3B-US (277V) 277V [CEC 2013],Renesola_Zhejiang__Replus_10000TL3B_US__277V__277V__CEC_2013_
Renesola Zhejiang: Replus 12000TL3B-US (277V) 277V [CEC 2013],Renesola_Zhejiang__Replus_12000TL3B_US__277V__277V__CEC_2013_
Renesola Zhejiang: Replus 18000TL3B-US (277V) 277V [CEC 2013],Renesola_Zhejiang__Replus_18000TL3B_US__277V__277V__CEC_2013_
Renesola Zhejiang: Replus 20000TL3B-US (277V) 277V [CEC 2013],Renesola_Zhejiang__Replus_20000TL3B_US__277V__277V__CEC_2013_
Samil Power: SolarPond 240HF-US (208V) 208V [CEC 2013],Samil_Power__SolarPond_240HF_US__208V__208V__CEC_2013_
Samil Power: SolarPond 240HF-US (240V) 240V [CEC 2013],Samil_Power__SolarPond_240HF_US__240V__240V__CEC_2013_
ABB__MICRO_0_25_I_OUTD_US_208__208V_,ABB__MICRO_0_25_I_OUTD_US_208__208V_
ABB__MICRO_0_25_I_OUTD_US_240__240V_,ABB__MICRO_0_25_I_OUTD_US_240__240V_
ABB__MICRO_0_3_I_OUTD_US_208__208V_,ABB__MICRO_0_3_I_OUTD_US_208__208V_
ABB__MICRO_0_3_I_OUTD_US_240__240V_,ABB__MICRO_0_3_I_OUTD_US_240__240V_
ABB__MICRO_0_3HV_I_OUTD_US_208__208V_,ABB__MICRO_0_3HV_I_OUTD_US_208__208V_
ABB__MICRO_0_3HV_I_OUTD_US_240__240V_,ABB__MICRO_0_3HV_I_OUTD_US_240__240V_
ABB__PVI_10_0_I_OUTD_x_US_208_y__208V_,ABB__PVI_10_0_I_OUTD_x_US_208_y__208V_
ABB__PVI_10_0_I_OUTD_x_US_480_y_z__480V_,ABB__PVI_10_0_I_OUTD_x_US_480_y_z__480V_
ABB__PVI_12_0_I_OUTD_x_US_480_y__480V_,ABB__PVI_12_0_I_OUTD_x_US_480_y__480V_
ABB__PVI_3_0_OUTD_S_US__208V_,ABB__PVI_3_0_OUTD_S_US__208V_
ABB__PVI_3_0_OUTD_S_US__240V_,ABB__PVI_3_0_OUTD_S_US__240V_
ABB__PVI_3_0_OUTD_S_US__277V_,ABB__PVI_3_0_OUTD_S_US__277V_
ABB__PVI_3_0_OUTD_S_US_A__208V_,ABB__PVI_3_0_OUTD_S_US_A__208V_
ABB__PVI_3_0_OUTD_S_US_A__240V_,ABB__PVI_3_0_OUTD_S_US_A__240V_
ABB__PVI_3_0_OUTD_S_US_A__277V_,ABB__PVI_3_0_OUTD_S_US_A__277V_
ABB__PVI_3_0_OUTD_S_US_Z__208V_,ABB__PVI_3_0_OUTD_S_US_Z__208V_
ABB__PVI_3_0_OUTD_S_US_Z__240V_,ABB__PVI_3_0_OUTD_S_US_Z__240V_
ABB__PVI_3_0_OUTD_S_US_Z__277V_,ABB__PVI_3_0_OUTD_S_US_Z__277V_
ABB__PVI_3_0_OUTD_S_US_Z_A__208V_,ABB__PVI_3_0_OUTD_S_US_Z_A__208V_
ABB__PVI_3_0_OUTD_S_US_Z_A__240V_,ABB__PVI_3_0_OUTD_S_US_Z_A__240V_
ABB__PVI_3_0_OUTD_S_US_Z_A__277V_,ABB__PVI_3_0_OUTD_S_US_Z_A__277V_
ABB__PVI_3_0_OUTD_S_US_Z_M_A__208V_,ABB__PVI_3_0_OUTD_S_US_Z_M_A__208V_
ABB__PVI_3_0_OUTD_S_US_Z_M_A__240V_,ABB__PVI_3_0_OUTD_S_US_Z_M_A__240V_
ABB__PVI_3_0_OUTD_S_US_Z_M_A__277V_,ABB__PVI_3_0_OUTD_S_US_Z_M_A__277V_
ABB__PVI_3_0_OUTD_US__208V_,ABB__PVI_3_0_OUTD_US__208V_
ABB__PVI_3_0_OUTD_US__240V_,ABB__PVI_3_0_OUTD_US__240V_
ABB__PVI_3_0_OUTD_US__277V_,ABB__PVI_3_0_OUTD_US__277V_
ABB__PVI_3_6_OUTD_S_US__208V_,ABB__PVI_3_6_OUTD_S_US__208V_
ABB__PVI_3_6_OUTD_S_US__240V_,ABB__PVI_3_6_OUTD_S_US__240V_
ABB__PVI_3_6_OUTD_S_US__277V_,ABB__PVI_3_6_OUTD_S_US__277V_
ABB__PVI_3_6_OUTD_S_US_A__208V_,ABB__PVI_3_6_OUTD_S_US_A__208V_
ABB__PVI_3_6_OUTD_S_US_A__240V_,ABB__PVI_3_6_OUTD_S_US_A__240V_
ABB__PVI_3_6_OUTD_S_US_A__277V_,ABB__PVI_3_6_OUTD_S_US_A__277V_
ABB__PVI_3_6_OUTD_S_US_Z__208V_,ABB__PVI_3_6_OUTD_S_US_Z__208V_
ABB__PVI_3_6_OUTD_S_US_Z__240V_,ABB__PVI_3_6_OUTD_S_US_Z__240V_
ABB__PVI_3_6_OUTD_S_US_Z__277V_,ABB__PVI_3_6_OUTD_S_US_Z__277V_
ABB__PVI_3_6_OUTD_S_US_Z_A__208V_,ABB__PVI_3_6_OUTD_S_US_Z_A__208V_
ABB__PVI_3_6_OUTD_S_US_Z_A__240V_,ABB__PVI_3_6_OUTD_S_US_Z_A__240V_
ABB__PVI_3_6_OUTD_S_US_Z_A__277V_,ABB__PVI_3_6_OUTD_S_US_Z_A__277V_
ABB__PVI_3_6_OUTD_S_US_Z_M_A__208V_,ABB__PVI_3_6_OUTD_S_US_Z_M_A__208V_
ABB__PVI_3_6_OUTD_S_US_Z_M_A__240V_,ABB__PVI_3_6_OUTD_S_US_Z_M_A__240V_
ABB__PVI_3_6_OUTD_S_US_Z_M_A__277V_,ABB__PVI_3_6_OUTD_S_US_Z_M_A__277V_
ABB__PVI_3_6_OUTD_US__208V_,ABB__PVI_3_6_OUTD_US__208V_
ABB__PVI_3_6_OUTD_US__240V_,ABB__PVI_3_6_OUTD_US__240V_
ABB__PVI_3_6_OUTD_US__277V_,ABB__PVI_3_6_OUTD_US__277V_
ABB__PVI_3_8_I_OUTD_x_US_y_Z__208V_,ABB__PVI_3_8_I_OUTD_x_US_y_Z__208V_
ABB__PVI_3_8_I_OUTD_x_US_y_Z__240V_,ABB__PVI_3_8_I_OUTD_x_US_y_Z__240V_
ABB__PVI_3_8_I_OUTD_x_US_y_Z__277V_,ABB__PVI_3_8_I_OUTD_x_US_y_Z__277V_
ABB__PVI_3_8_OUTD_S_US__208V_,ABB__PVI_3_8_OUTD_S_US__208V_
ABB__PVI_3_8_OUTD_S_US__240V_,ABB__PVI_3_8_OUTD_S_US__240V_
ABB__PVI_3_8_OUTD_S_US__277V_,ABB__PVI_3_8_OUTD_S_US__277V_
ABB__PVI_3_8_OUTD_S_US_A__208V_,ABB__PVI_3_8_OUTD_S_US_A__208V_
ABB__PVI_3_8_OUTD_S_US_A__240V_,ABB__PVI_3_8_OUTD_S_US_A__240V_
ABB__PVI_3_8_OUTD_S_US_A__277V_,ABB__PVI_3_8_OUTD_S_US_A__277V_
ABB__PVI_3_8_OUTD_S_US_Z__208V_,ABB__PVI_3_8_OUTD_S_US_Z__208V_
ABB__PVI_3_8_OUTD_S_US_Z__240V_,ABB__PVI_3_8_OUTD_S_US_Z__240V_
ABB__PVI_3_8_OUTD_S_US_Z__277V_,ABB__PVI_3_8_OUTD_S_US_Z__277V_
ABB__PVI_3_8_OUTD_S_US_Z_A__208V_,ABB__PVI_3_8_OUTD_S_US_Z_A__208V_
ABB__PVI_3_8_OUTD_S_US_Z_A__240V_,ABB__PVI_3_8_OUTD_S_US_Z_A__240V_
ABB__PVI_3_8_OUTD_S_US_Z_A__277V_,ABB__PVI_3_8_OUTD_S_US_Z_A__277V_
ABB__PVI_3_8_OUTD_S_US_Z_M_A__208V_,ABB__PVI_3_8_OUTD_S_US_Z_M_A__208V_
ABB__PVI_3_8_OUTD_S_US_Z_M_A__240V_,ABB__PVI_3_8_OUTD_S_US_Z_M_A__240V_
ABB__PVI_3_8_OUTD_S_US_Z_M_A__277V_,ABB__PVI_3_8_OUTD_S_US_Z_M_A__277V_
ABB__PVI_3_8_OUTD_US__208V_,ABB__PVI_3_8_OUTD_US__208V_
ABB__PVI_3_8_OUTD_US__240V_,ABB__PVI_3_8_OUTD_US__240V_
ABB__PVI_3_8_OUTD_US__277V_,ABB__PVI_3_8_OUTD_US__277V_
ABB__PVI_4_2_OUTD_S_US__208V_,ABB__PVI_4_2_OUTD_S_US__208V_
ABB__PVI_4_2_OUTD_S_US__240V_,ABB__PVI_4_2_OUTD_S_US__240V_
ABB__PVI_4_2_OUTD_S_US__277V_,ABB__PVI_4_2_OUTD_S_US__277V_
ABB__PVI_4_2_OUTD_S_US_A__208V_,ABB__PVI_4_2_OUTD_S_US_A__208V_
ABB__PVI_4_2_OUTD_S_US_A__240V_,ABB__PVI_4_2_OUTD_S_US_A__240V_
ABB__PVI_4_2_OUTD_S_US_A__277V_,ABB__PVI_4_2_OUTD_S_US_A__277V_
ABB__PVI_4_2_OUTD_S_US_Z__208V_,ABB__PVI_4_2_OUTD_S_US_Z__208V_
ABB__PVI_4_2_OUTD_S_US_Z__240V_,ABB__PVI_4_2_OUTD_S_US_Z__240V_
ABB__PVI_4_2_OUTD_S_US_Z__277V_,ABB__PVI_4_2_OUTD_S_US_Z__277V_
ABB__PVI_4_2_OUTD_S_US_Z_A__208V_,ABB__PVI_4_2_OUTD_S_US_Z_A__208V_
ABB__PVI_4_2_OUTD_S_US_Z_A__240V_,ABB__PVI_4_2_OUTD_S_US_Z_A__240V_
ABB__PVI_4_2_OUTD_S_US_Z_A__277V_,ABB__PVI_4_2_OUTD_S_US_Z_A__277V_
ABB__PVI_4_2_OUTD_S_US_Z_M_A__208V_,ABB__PVI_4_2_OUTD_S_US_Z_M_A__208V_
ABB__PVI_4_2_OUTD_S_US_Z_M_A__240V_,ABB__PVI_4_2_OUTD_S_US_Z_M_A__240V_
ABB__PVI_4_2_OUTD_S_US_Z_M_A__277V_,ABB__PVI_4_2_OUTD_S_US_Z_M_A__277V_
ABB__PVI_4_2_OUTD_US__208V_,ABB__PVI_4_2_OUTD_US__208V_
ABB__PVI_4_2_OUTD_US__240V_,ABB__PVI_4_2_OUTD_US__240V_
ABB__PVI_4_2_OUTD_US__277V_,ABB__PVI_4_2_OUTD_US__277V_
ABB__PVI_4_6_1_OUTD_x_US_y__208V_,ABB__PVI_4_6_1_OUTD_x_US_y__208V_
ABB__PVI_4_6_1_OUTD_x_US_y__240V_,ABB__PVI_4_6_1_OUTD_x_US_y__240V_
ABB__PVI_4_6_1_OUTD_x_US_y__277V_,ABB__PVI_4_6_1_OUTD_x_US_y__277V_
ABB__PVI_4_6_I_OUTD_x_US_y_Z__208V_,ABB__PVI_4_6_I_OUTD_x_US_y_Z__208V_
ABB__PVI_4_6_I_OUTD_x_US_y_Z__240V_,ABB__PVI_4_6_I_OUTD_x_US_y_Z__240V_
ABB__PVI_4_6_I_OUTD_x_US_y_Z__277V_,ABB__PVI_4_6_I_OUTD_x_US_y_Z__277V_
ABB__PVI_5000_OUTD_S_US_Z__208V_,ABB__PVI_5000_OUTD_S_US_Z__208V_
ABB__PVI_5000_OUTD_S_US_Z__240V_,ABB__PVI_5000_OUTD_S_US_Z__240V_
ABB__PVI_5000_OUTD_S_US_Z__277V_,ABB__PVI_5000_OUTD_S_US_Z__277V_
ABB__PVI_5000_OUTD_S_US_Z_A__208V_,ABB__PVI_5000_OUTD_S_US_Z_A__208V_
ABB__PVI_5000_OUTD_S_US_Z_A__240V_,ABB__PVI_5000_OUTD_S_US_Z_A__240V_
ABB__PVI_5000_OUTD_S_US_Z_A__277V_,ABB__PVI_5000_OUTD_S_US_Z_A__277V_
ABB__PVI_5000_OUTD_US__208V_,ABB__PVI_5000_OUTD_US__208V_
ABB__PVI_5000_OUTD_US__240V_,ABB__PVI_5000_OUTD_US__240V_
ABB__PVI_5000_OUTD_US__277V_,ABB__PVI_5000_OUTD_US__277V_
ABB__PVI_5000_OUTD_US_A__208V_,ABB__PVI_5000_OUTD_US_A__208V_
ABB__PVI_5000_OUTD_US_A__240V_,ABB__PVI_5000_OUTD_US_A__240V_
ABB__PVI_5000_OUTD_US_A__277V_,ABB__PVI_5000_OUTD_US_A__277V_
ABB__PVI_5000_OUTD_US_Z__208V_,ABB__PVI_5000_OUTD_US_Z__208V_
ABB__PVI_5000_OUTD_US_Z__240V_,ABB__PVI_5000_OUTD_US_Z__240V_
ABB__PVI_5000_OUTD_US_Z__277V_,ABB__PVI_5000_OUTD_US_Z__277V_
ABB__PVI_5000_OUTD_US_Z_A__208V_,ABB__PVI_5000_OUTD_US_Z_A__208V_
ABB__PVI_5000_OUTD_US_Z_A__240V_,ABB__PVI_5000_OUTD_US_Z_A__240V_
ABB__PVI_5000_OUTD_US_Z_A__277V_,ABB__PVI_5000_OUTD_US_Z_A__277V_
ABB__PVI_5000_OUTD_US_Z_M_A__208V_,ABB__PVI_5000_OUTD_US_Z_M_A__208V_
ABB__PVI_5000_OUTD_US_Z_M_A__240V_,ABB__PVI_5000_OUTD_US_Z_M_A__240V_
ABB__PVI_5000_OUTD_US_Z_M_A__277V_,ABB__PVI_5000_OUTD_US_Z_M_A__277V_
ABB__PVI_6000_OUTD_S_US_A__208V_,ABB__PVI_6000_OUTD_S_US_A__208V_
ABB__PVI_6000_OUTD_S_US_A__240V_,ABB__PVI_6000_OUTD_S_US_A__240V_
ABB__PVI_6000_OUTD_S_US_A__277V_,ABB__PVI_6000_OUTD_S_US_A__277V_
ABB__PVI_6000_OUTD_S_US_Z__208V_,ABB__PVI_6000_OUTD_S_US_Z__208V_
ABB__PVI_6000_OUTD_S_US_Z__240V_,ABB__PVI_6000_OUTD_S_US_Z__240V_
ABB__PVI_6000_OUTD_S_US_Z__277V_,ABB__PVI_6000_OUTD_S_US_Z__277V_
ABB__PVI_6000_OUTD_S_US_Z_A__208V_,ABB__PVI_6000_OUTD_S_US_Z_A__208V_
ABB__PVI_6000_OUTD_S_US_Z_A__240V_,ABB__PVI_6000_OUTD_S_US_Z_A__240V_
ABB__PVI_6000_OUTD_S_US_Z_A__277V_,ABB__PVI_6000_OUTD_S_US_Z_A__277V_
ABB__PVI_6000_OUTD_US__208V_,ABB__PVI_6000_OUTD_US__208V_
ABB__PVI_6000_OUTD_US__240V_,ABB__PVI_6000_OUTD_US__240V_
ABB__PVI_6000_OUTD_US__277V_,ABB__PVI_6000_OUTD_US__277V_
ABB__PVI_6000_OUTD_US_A__208V_,ABB__PVI_6000_OUTD_US_A__208V_
ABB__PVI_6000_OUTD_US_A__240V_,ABB__PVI_6000_OUTD_US_A__240V_
ABB__PVI_6000_OUTD_US_A__277V_,ABB__PVI_6000_OUTD_US_A__277V_
ABB__PVI_6000_OUTD_US_Z__208V_,ABB__PVI_6000_OUTD_US_Z__208V_
ABB__PVI_6000_OUTD_US_Z__240V_,ABB__PVI_6000_OUTD_US_Z__240V_
ABB__PVI_6000_OUTD_US_Z__277V_,ABB__PVI_6000_OUTD_US_Z__277V_
ABB__PVI_6000_OUTD_US_Z_A__208V_,ABB__PVI_6000_OUTD_US_Z_A__208V_
ABB__PVI_6000_OUTD_US_Z_A__240V_,ABB__PVI_6000_OUTD_US_Z_A__240V_
ABB__PVI_6000_OUTD_US_Z_A__277V_,ABB__PVI_6000_OUTD_US_Z_A__277V_
ABB__PVI_6000_OUTD_US_Z_M_A__208V_,ABB__PVI_6000_OUTD_US_Z_M_A__208V_
ABB__PVI_6000_OUTD_US_Z_M_A__240V_,ABB__PVI_6000_OUTD_US_Z_M_A__240V_
ABB__PVI_6000_OUTD_US_Z_M_A__277V_,ABB__PVI_6000_OUTD_US_Z_M_A__277V_
ABB__PVI_CENTRAL_100_US__208V_,ABB__PVI_CENTRAL_100_US__208V_
ABB__PVI_CENTRAL_100_US__480V_,ABB__PVI_CENTRAL_100_US__480V_
ABB__PVI_CENTRAL_250_US__480V_,ABB__PVI_CENTRAL_250_US__480V_
ABB__PVI_CENTRAL_300_US__480V_,ABB__PVI_CENTRAL_300_US__480V_
ABB__PVI_CENTRAL_50_US__208V_,ABB__PVI_CENTRAL_50_US__208V_
ABB__PVI_CENTRAL_50_US__480V_,ABB__PVI_CENTRAL_50_US__480V_
ABB__PVS980_58_1818kVA_I__600V_,ABB__PVS980_58_1818kVA_I__600V_
ABB__PVS980_58_2000kVA_K__660V_,ABB__PVS980_58_2000kVA_K__660V_
ABB__TRIO_20_0_TL_OUTD_S_US_480__480V_,ABB__TRIO_20_0_TL_OUTD_S_US_480__480V_
ABB__TRIO_20_0_TL_OUTD_S_US_480_A__480V_,ABB__TRIO_20_0_TL_OUTD_S_US_480_A__480V_
ABB__TRIO_20_0_TL_OUTD_S1_US_480__480V_,ABB__TRIO_20_0_TL_OUTD_S1_US_480__480V_
ABB__TRIO_20_0_TL_OUTD_S1_US_480_A__480V_,ABB__TRIO_20_0_TL_OUTD_S1_US_480_A__480V_
ABB__TRIO_20_0_TL_OUTD_S1A_US_480__480V_,ABB__TRIO_20_0_TL_OUTD_S1A_US_480__480V_
ABB__TRIO_20_0_TL_OUTD_S1A_US_480_A__480V_,ABB__TRIO_20_0_TL_OUTD_S1A_US_480_A__480V_
ABB__TRIO_20_0_TL_OUTD_S1B_US_480__480V_,ABB__TRIO_20_0_TL_OUTD_S1B_US_480__480V_
ABB__TRIO_20_0_TL_OUTD_S1B_US_480_A__480V_,ABB__TRIO_20_0_TL_OUTD_S1B_US_480_A__480V_
ABB__TRIO_27_6_TL_OUTD_S_US_480__480V_,ABB__TRIO_27_6_TL_OUTD_S_US_480__480V_
ABB__TRIO_27_6_TL_OUTD_S_US_480_A__480V_,ABB__TRIO_27_6_TL_OUTD_S_US_480_A__480V_
ABB__TRIO_27_6_TL_OUTD_S1_US_480__480V_,ABB__TRIO_27_6_TL_OUTD_S1_US_480__480V_
ABB__TRIO_27_6_TL_OUTD_S1_US_480_A__480V_,ABB__TRIO_27_6_TL_OUTD_S1_US_480_A__480V_
ABB__TRIO_27_6_TL_OUTD_S1A_US_480__480V_,ABB__TRIO_27_6_TL_OUTD_S1A_US_480__480V_
ABB__TRIO_27_6_TL_OUTD_S1A_US_480_A__480V_,ABB__TRIO_27_6_TL_OUTD_S1A_US_480_A__480V_
ABB__TRIO_27_6_TL_OUTD_S1B_US_480__480V_,ABB__TRIO_27_6_TL_OUTD_S1B_US_480__480V_
ABB__TRIO_27_6_TL_OUTD_S1B_US_480_A__480V_,ABB__TRIO_27_6_TL_OUTD_S1B_US_480_A__480V_
ABB__TRIO_50_0_TL_OUTD_US_480__480V_,ABB__TRIO_50_0_TL_OUTD_US_480__480V_
ABB__TRIO_60_0_TL_OUTD_US_480__480V_,ABB__TRIO_60_0_TL_OUTD_US_480__480V_
ABB__TRIO_TM_60_0_US_480__480V_,ABB__TRIO_TM_60_0_US_480__480V_
ABB__ULTRA_1100_TL_OUTD_1_US_690_x_y_z__690V_,ABB__ULTRA_1100_TL_OUTD_1_US_690_x_y_z__690V_
ABB__ULTRA_1100_TL_OUTD_2_US_690_x_y_z__690V_,ABB__ULTRA_1100_TL_OUTD_2_US_690_x_y_z__690V_
ABB__ULTRA_1100_TL_OUTD_3_US_690_x_y_z__690V_,ABB__ULTRA_1100_TL_OUTD_3_US_690_x_y_z__690V_
ABB__ULTRA_1100_TL_OUTD_4_US_690_x_y_z__690V_,ABB__ULTRA_1100_TL_OUTD_4_US_690_x_y_z__690V_
ABB__ULTRA_1500_TL_OUTD_1_US_690_x_y_z__690V_,ABB__ULTRA_1500_TL_OUTD_1_US_690_x_y_z__690V_
ABB__ULTRA_1500_TL_OUTD_2_US_690_x_y_z__690V_,ABB__ULTRA_1500_TL_OUTD_2_US_690_x_y_z__690V_
ABB__ULTRA_1500_TL_OUTD_3_US_690_x_y_z__690V_,ABB__ULTRA_1500_TL_OUTD_3_US_690_x_y_z__690V_
ABB__ULTRA_1500_TL_OUTD_4_US_690_x_y_z__690V_,ABB__ULTRA_1500_TL_OUTD_4_US_690_x_y_z__690V_
ABB__ULTRA_750_TL_OUTD_1_US_690_x_y_z__690V_,ABB__ULTRA_750_TL_OUTD_1_US_690_x_y_z__690V_
ABB__ULTRA_750_TL_OUTD_2_US_690_x_y_z__690V_,ABB__ULTRA_750_TL_OUTD_2_US_690_x_y_z__690V_
ABB__ULTRA_750_TL_OUTD_3_US_690_x_y_z__690V_,ABB__ULTRA_750_TL_OUTD_3_US_690_x_y_z__690V_
ABB__ULTRA_750_TL_OUTD_4_US_690_x_y_z__690V_,ABB__ULTRA_750_TL_OUTD_4_US_690_x_y_z__690V_
ABB__UNO_2_0_I_OUTD_S_US__208V_,ABB__UNO_2_0_I_OUTD_S_US__208V_
ABB__UNO_2_0_I_OUTD_S_US__240V_,ABB__UNO_2_0_I_OUTD_S_US__240V_
ABB__UNO_2_0_I_OUTD_S_US__277V_,ABB__UNO_2_0_I_OUTD_S_US__277V_
ABB__UNO_2_0_TL_OUTD_S_US__208V_,ABB__UNO_2_0_TL_OUTD_S_US__208V_
ABB__UNO_2_0_TL_OUTD_S_US__240V_,ABB__UNO_2_0_TL_OUTD_S_US__240V_
ABB__UNO_2_0_TL_OUTD_S_US__277V_,ABB__UNO_2_0_TL_OUTD_S_US__277V_
ABB__UNO_2_0_TL_OUTD_S_US_A__208V_,ABB__UNO_2_0_TL_OUTD_S_US_A__208V_
ABB__UNO_2_0_TL_OUTD_S_US_A__240V_,ABB__UNO_2_0_TL_OUTD_S_US_A__240V_
ABB__UNO_2_0_TL_OUTD_S_US_A__277V_,ABB__UNO_2_0_TL_OUTD_S_US_A__277V_
ABB__UNO_2_0_TL_OUTD_S_US_B_C_M__208V_,ABB__UNO_2_0_TL_OUTD_S_US_B_C_M__208V_
ABB__UNO_2_0_TL_OUTD_S_US_B_C_M__240V_,ABB__UNO_2_0_TL_OUTD_S_US_B_C_M__240V_
ABB__UNO_2_0_TL_OUTD_S_US_B_C_M__277V_,ABB__UNO_2_0_TL_OUTD_S_US_B_C_M__277V_
ABB__UNO_2_0_TL_OUTD_S_US_B_C_M_A__208V_,ABB__UNO_2_0_TL_OUTD_S_US_B_C_M_A__208V_
ABB__UNO_2_0_TL_OUTD_S_US_B_C_M_A__240V_,ABB__UNO_2_0_TL_OUTD_S_US_B_C_M_A__240V_
ABB__UNO_2_0_TL_OUTD_S_US_B_C_M_A__277V_,ABB__UNO_2_0_TL_OUTD_S_US_B_C_M_A__277V_
ABB__UNO_2_0_TL_OUTD_S_US_B_M__208V_,ABB__UNO_2_0_TL_OUTD_S_US_B_M__208V_
ABB__UNO_2_0_TL_OUTD_S_US_B_M__240V_,ABB__UNO_2_0_TL_OUTD_S_US_B_M__240V_
ABB__UNO_2_0_TL_OUTD_S_US_B_M__277V_,ABB__UNO_2_0_TL_OUTD_S_US_B_M__277V_
ABB__UNO_2_0_TL_OUTD_S_US_B_M_A__208V_,ABB__UNO_2_0_TL_OUTD_S_US_B_M_A__208V_
ABB__UNO_2_0_TL_OUTD_S_US_B_M_A__240V_,ABB__UNO_2_0_TL_OUTD_S_US_B_M_A__240V_
ABB__UNO_2_0_TL_OUTD_S_US_B_M_A__277V_,ABB__UNO_2_0_TL_OUTD_S_US_B_M_A__277V_
ABB__UNO_2_0_TL_OUTD_S_US_C_M__208V_,ABB__UNO_2_0_TL_OUTD_S_US_C_M__208V_
ABB__UNO_2_0_TL_OUTD_S_US_C_M__240V_,ABB__UNO_2_0_TL_OUTD_S_US_C_M__240V_
ABB__UNO_2_0_TL_OUTD_S_US_C_M__277V_,ABB__UNO_2_0_TL_OUTD_S_US_C_M__277V_
ABB__UNO_2_0_TL_OUTD_S_US_C_M_A__208V_,ABB__UNO_2_0_TL_OUTD_S_US_C_M_A__208V_
ABB__UNO_2_0_TL_OUTD_S_US_C_M_A__240V_,ABB__UNO_2_0_TL_OUTD_S_US_C_M_A__240V_
ABB__UNO_2_0_TL_OUTD_S_US_C_M_A__277V_,ABB__UNO_2_0_TL_OUTD_S_US_C_M_A__277V_
ABB__UNO_2_0_TL_OUTD_S_US_Z_A__208V_,ABB__UNO_2_0_TL_OUTD_S_US_Z_A__208V_
ABB__UNO_2_0_TL_OUTD_S_US_Z_A__240V_,ABB__UNO_2_0_TL_OUTD_S_US_Z_A__240V_
ABB__UNO_2_0_TL_OUTD_S_US_Z_A__277V_,ABB__UNO_2_0_TL_OUTD_S_US_Z_A__277V_
ABB__UNO_2_0_TL_OUTD_S_US_Z_M_A__208V_,ABB__UNO_2_0_TL_OUTD_S_US_Z_M_A__208V_
ABB__UNO_2_0_TL_OUTD_S_US_Z_M_A__240V_,ABB__UNO_2_0_TL_OUTD_S_US_Z_M_A__240V_
ABB__UNO_2_0_TL_OUTD_S_US_Z_M_A__277V_,ABB__UNO_2_0_TL_OUTD_S_US_Z_M_A__277V_
ABB__UNO_2_5_I_OUTD_S_US__208V_,ABB__UNO_2_5_I_OUTD_S_US__208V_
ABB__UNO_2_5_I_OUTD_S_US__240V_,ABB__UNO_2_5_I_OUTD_S_US__240V_
ABB__UNO_2_5_I_OUTD_S_US__277V_,ABB__UNO_2_5_I_OUTD_S_US__277V_
ABB__UNO_3_0_TL_OUTD_S_US__208V_,ABB__UNO_3_0_TL_OUTD_S_US__208V_
ABB__UNO_3_0_TL_OUTD_S_US__240V_,ABB__UNO_3_0_TL_OUTD_S_US__240V_
ABB__UNO_3_0_TL_OUTD_S_US__277V_,ABB__UNO_3_0_TL_OUTD_S_US__277V_
ABB__UNO_3_0_TL_OUTD_S_US_A__208V_,ABB__UNO_3_0_TL_OUTD_S_US_A__208V_
ABB__UNO_3_0_TL_OUTD_S_US_A__240V_,ABB__UNO_3_0_TL_OUTD_S_US_A__240V_
ABB__UNO_3_0_TL_OUTD_S_US_A__277V_,ABB__UNO_3_0_TL_OUTD_S_US_A__277V_
ABB__UNO_3_0_TL_OUTD_S_US_B_C_M__208V_,ABB__UNO_3_0_TL_OUTD_S_US_B_C_M__208V_
ABB__UNO_3_0_TL_OUTD_S_US_B_C_M__240V_,ABB__UNO_3_0_TL_OUTD_S_US_B_C_M__240V_
ABB__UNO_3_0_TL_OUTD_S_US_B_C_M__277V_,ABB__UNO_3_0_TL_OUTD_S_US_B_C_M__277V_
ABB__UNO_3_0_TL_OUTD_S_US_B_C_M_A__208V_,ABB__UNO_3_0_TL_OUTD_S_US_B_C_M_A__208V_
ABB__UNO_3_0_TL_OUTD_S_US_B_C_M_A__240V_,ABB__UNO_3_0_TL_OUTD_S_US_B_C_M_A__240V_
ABB__UNO_3_0_TL_OUTD_S_US_B_C_M_A__277V_,ABB__UNO_3_0_TL_OUTD_S_US_B_C_M_A__277V_
ABB__UNO_3_0_TL_OUTD_S_US_B_M__208V_,ABB__UNO_3_0_TL_OUTD_S_US_B_M__208V_
ABB__UNO_3_0_TL_OUTD_S_US_B_M__240V_,ABB__UNO_3_0_TL_OUTD_S_US_B_M__240V_
ABB__UNO_3_0_TL_OUTD_S_US_B_M__277V_,ABB__UNO_3_0_TL_OUTD_S_US_B_M__277V_
ABB__UNO_3_0_TL_OUTD_S_US_B_M_A__208V_,ABB__UNO_3_0_TL_OUTD_S_US_B_M_A__208V_
ABB__UNO_3_0_TL_OUTD_S_US_B_M_A__240V_,ABB__UNO_3_0_TL_OUTD_S_US_B_M_A__240V_
ABB__UNO_3_0_TL_OUTD_S_US_B_M_A__277V_,ABB__UNO_3_0_TL_OUTD_S_US_B_M_A__277V_
ABB__UNO_3_0_TL_OUTD_S_US_C_M__208V_,ABB__UNO_3_0_TL_OUTD_S_US_C_M__208V_
ABB__UNO_3_0_TL_OUTD_S_US_C_M__240V_,ABB__UNO_3_0_TL_OUTD_S_US_C_M__240V_
ABB__UNO_3_0_TL_OUTD_S_US_C_M__277V_,ABB__UNO_3_0_TL_OUTD_S_US_C_M__277V_
ABB__UNO_3_0_TL_OUTD_S_US_C_M_A__208V_,ABB__UNO_3_0_TL_OUTD_S_US_C_M_A__208V_
ABB__UNO_3_0_TL_OUTD_S_US_C_M_A__240V_,ABB__UNO_3_0_TL_OUTD_S_US_C_M_A__240V_
ABB__UNO_3_0_TL_OUTD_S_US_C_M_A__277V_,ABB__UNO_3_0_TL_OUTD_S_US_C_M_A__277V_
ABB__UNO_3_0_TL_OUTD_S_US_Z_A__208V_,ABB__UNO_3_0_TL_OUTD_S_US_Z_A__208V_
ABB__UNO_3_0_TL_OUTD_S_US_Z_A__240V_,ABB__UNO_3_0_TL_OUTD_S_US_Z_A__240V_
ABB__UNO_3_0_TL_OUTD_S_US_Z_A__277V_,ABB__UNO_3_0_TL_OUTD_S_US_Z_A__277V_
ABB__UNO_3_0_TL_OUTD_S_US_Z_M_A__208V_,ABB__UNO_3_0_TL_OUTD_S_US_Z_M_A__208V_
ABB__UNO_3_0_TL_OUTD_S_US_Z_M_A__240V_,ABB__UNO_3_0_TL_OUTD_S_US_Z_M_A__240V_
ABB__UNO_3_0_TL_OUTD_S_US_Z_M_A__277V_,ABB__UNO_3_0_TL_OUTD_S_US_Z_M_A__277V_
ABB__UNO_7_6_TL_OUTD_S_US_A__208V_,ABB__UNO_7_6_TL_OUTD_S_US_A__208V_
ABB__UNO_7_6_TL_OUTD_S_US_A__240V_,ABB__UNO_7_6_TL_OUTD_S_US_A__240V_
ABB__UNO_7_6_TL_OUTD_S_US_A__277V_,ABB__UNO_7_6_TL_OUTD_S_US_A__277V_
ABB__UNO_7_6_TL_OUTD_S_US_Z_A__208V_,ABB__UNO_7_6_TL_OUTD_S_US_Z_A__208V_
ABB__UNO_7_6_TL_OUTD_S_US_Z_A__240V_,ABB__UNO_7_6_TL_OUTD_S_US_Z_A__240V_
ABB__UNO_7_6_TL_OUTD_S_US_Z_A__277V_,ABB__UNO_7_6_TL_OUTD_S_US_Z_A__277V_
ABB__UNO_7_6_TL_OUTD_S_US_Z_M__208V_,ABB__UNO_7_6_TL_OUTD_S_US_Z_M__208V_
ABB__UNO_7_6_TL_OUTD_S_US_Z_M__240V_,ABB__UNO_7_6_TL_OUTD_S_US_Z_M__240V_
ABB__UNO_7_6_TL_OUTD_S_US_Z_M__277V_,ABB__UNO_7_6_TL_OUTD_S_US_Z_M__277V_
ABB__UNO_7_6_TL_OUTD_S_US_Z_M_A__208V_,ABB__UNO_7_6_TL_OUTD_S_US_Z_M_A__208V_
ABB__UNO_7_6_TL_OUTD_S_US_Z_M_A__240V_,ABB__UNO_7_6_TL_OUTD_S_US_Z_M_A__240V_
ABB__UNO_7_6_TL_OUTD_S_US_Z_M_A__277V_,ABB__UNO_7_6_TL_OUTD_S_US_Z_M_A__277V_
ABB__UNO_8_6_TL_OUTD_S_US_A__240V_,ABB__UNO_8_6_TL_OUTD_S_US_A__240V_
ABB__UNO_8_6_TL_OUTD_S_US_A__277V_,ABB__UNO_8_6_TL_OUTD_S_US_A__277V_
ABB__UNO_8_6_TL_OUTD_S_US_Z_A__240V_,ABB__UNO_8_6_TL_OUTD_S_US_Z_A__240V_
ABB__UNO_8_6_TL_OUTD_S_US_Z_A__277V_,ABB__UNO_8_6_TL_OUTD_S_US_Z_A__277V_
ABB__UNO_8_6_TL_OUTD_S_US_Z_M__240V_,ABB__UNO_8_6_TL_OUTD_S_US_Z_M__240V_
ABB__UNO_8_6_TL_OUTD_S_US_Z_M__277V_,ABB__UNO_8_6_TL_OUTD_S_US_Z_M__277V_
ABB__UNO_8_6_TL_OUTD_S_US_Z_M_A__240V_,ABB__UNO_8_6_TL_OUTD_S_US_Z_M_A__240V_
ABB__UNO_8_6_TL_OUTD_S_US_Z_M_A__277V_,ABB__UNO_8_6_TL_OUTD_S_US_Z_M_A__277V_
ABB__UNO_DM_3_3_TL_PLUS_US_SB_RA__208V_,ABB__UNO_DM_3_3_TL_PLUS_US_SB_RA__208V_
ABB__UNO_DM_3_3_TL_PLUS_US_SB_RA__240V_,ABB__UNO_DM_3_3_TL_PLUS_US_SB_RA__240V_
ABB__UNO_DM_3_3_TL_PLUS_US_SE_RA__208V_,ABB__UNO_DM_3_3_TL_PLUS_US_SE_RA__208V_
ABB__UNO_DM_3_3_TL_PLUS_US_SE_RA__240V_,ABB__UNO_DM_3_3_TL_PLUS_US_SE_RA__240V_
ABB__UNO_DM_3_3_TL_PLUS_US_SZ_RA__208V_,ABB__UNO_DM_3_3_TL_PLUS_US_SZ_RA__208V_
ABB__UNO_DM_3_3_TL_PLUS_US_SZ_RA__240V_,ABB__UNO_DM_3_3_TL_PLUS_US_SZ_RA__240V_
ABB__UNO_DM_3_3_TL_PLUS_US_SZM_RA__208V_,ABB__UNO_DM_3_3_TL_PLUS_US_SZM_RA__208V_
ABB__UNO_DM_3_3_TL_PLUS_US_SZM_RA__240V_,ABB__UNO_DM_3_3_TL_PLUS_US_SZM_RA__240V_
ABB__UNO_DM_3_8_TL_PLUS_US_SB_RA__208V_,ABB__UNO_DM_3_8_TL_PLUS_US_SB_RA__208V_
ABB__UNO_DM_3_8_TL_PLUS_US_SB_RA__240V_,ABB__UNO_DM_3_8_TL_PLUS_US_SB_RA__240V_
ABB__UNO_DM_3_8_TL_PLUS_US_SE_RA__208V_,ABB__UNO_DM_3_8_TL_PLUS_US_SE_RA__208V_
ABB__UNO_DM_3_8_TL_PLUS_US_SE_RA__240V_,ABB__UNO_DM_3_8_TL_PLUS_US_SE_RA__240V_
ABB__UNO_DM_3_8_TL_PLUS_US_SZ_RA__208V_,ABB__UNO_DM_3_8_TL_PLUS_US_SZ_RA__208V_
ABB__UNO_DM_3_8_TL_PLUS_US_SZ_RA__240V_,ABB__UNO_DM_3_8_TL_PLUS_US_SZ_RA__240V_
ABB__UNO_DM_3_8_TL_PLUS_US_SZM_RA__208V_,ABB__UNO_DM_3_8_TL_PLUS_US_SZM_RA__208V_
ABB__UNO_DM_3_8_TL_PLUS_US_SZM_RA__240V_,ABB__UNO_DM_3_8_TL_PLUS_US_SZM_RA__240V_
ABB__UNO_DM_4_6_TL_PLUS_US_SB_RA__208V_,ABB__UNO_DM_4_6_TL_PLUS_US_SB_RA__208V_
ABB__UNO_DM_4_6_TL_PLUS_US_SB_RA__240V_,ABB__UNO_DM_4_6_TL_PLUS_US_SB_RA__240V_
ABB__UNO_DM_4_6_TL_PLUS_US_SE_RA__208V_,ABB__UNO_DM_4_6_TL_PLUS_US_SE_RA__208V_
ABB__UNO_DM_4_6_TL_PLUS_US_SE_RA__240V_,ABB__UNO_DM_4_6_TL_PLUS_US_SE_RA__240V_
ABB__UNO_DM_4_6_TL_PLUS_US_SZ_RA__208V_,ABB__UNO_DM_4_6_TL_PLUS_US_SZ_RA__208V_
ABB__UNO_DM_4_6_TL_PLUS_US_SZ_RA__240V_,ABB__UNO_DM_4_6_TL_PLUS_US_SZ_RA__240V_
ABB__UNO_DM_4_6_TL_PLUS_US_SZM_RA__208V_,ABB__UNO_DM_4_6_TL_PLUS_US_SZM_RA__208V_
ABB__UNO_DM_4_6_TL_PLUS_US_SZM_RA__240V_,ABB__UNO_DM_4_6_TL_PLUS_US_SZM_RA__240V_
ABB__UNO_DM_5_0_TL_PLUS_US_SB_RA__208V_,ABB__UNO_DM_5_0_TL_PLUS_US_SB_RA__208V_
ABB__UNO_DM_5_0_TL_PLUS_US_SB_RA__240V_,ABB__UNO_DM_5_0_TL_PLUS_US_SB_RA__240V_
ABB__UNO_DM_5_0_TL_PLUS_US_SE_RA__208V_,ABB__UNO_DM_5_0_TL_PLUS_US_SE_RA__208V_
ABB__UNO_DM_5_0_TL_PLUS_US_SE_RA__240V_,ABB__UNO_DM_5_0_TL_PLUS_US_SE_RA__240V_
ABB__UNO_DM_5_0_TL_PLUS_US_SZ_RA__208V_,ABB__UNO_DM_5_0_TL_PLUS_US_SZ_RA__208V_
ABB__UNO_DM_5_0_TL_PLUS_US_SZ_RA__240V_,ABB__UNO_DM_5_0_TL_PLUS_US_SZ_RA__240V_
ABB__UNO_DM_5_0_TL_PLUS_US_SZM_RA__208V_,ABB__UNO_DM_5_0_TL_PLUS_US_SZM_RA__208V_
ABB__UNO_DM_5_0_TL_PLUS_US_SZM_RA__240V_,ABB__UNO_DM_5_0_TL_PLUS_US_SZM_RA__240V_
ABB__UNO_DM_6_0_TL_PLUS_US_S_XRA__208V_,ABB__UNO_DM_6_0_TL_PLUS_US_S_XRA__208V_
ABB__UNO_DM_6_0_TL_PLUS_US_S_XRA__240V_,ABB__UNO_DM_6_0_TL_PLUS_US_S_XRA__240V_
ABB__UNO_DM_6_0_TL_PLUS_US_SB_RA__208V_,ABB__UNO_DM_6_0_TL_PLUS_US_SB_RA__208V_
ABB__UNO_DM_6_0_TL_PLUS_US_SB_RA__240V_,ABB__UNO_DM_6_0_TL_PLUS_US_SB_RA__240V_
ABB__UNO_DM_6_0_TL_PLUS_US_SC_RA__208V_,ABB__UNO_DM_6_0_TL_PLUS_US_SC_RA__208V_
ABB__UNO_DM_6_0_TL_PLUS_US_SC_RA__240V_,ABB__UNO_DM_6_0_TL_PLUS_US_SC_RA__240V_
ABB__UNO_DM_6_0_TL_PLUS_US_SE_RA__208V_,ABB__UNO_DM_6_0_TL_PLUS_US_SE_RA__208V_
ABB__UNO_DM_6_0_TL_PLUS_US_SE_RA__240V_,ABB__UNO_DM_6_0_TL_PLUS_US_SE_RA__240V_
ABB__UNO_DM_6_0_TL_PLUS_US_SZM_RA__208V_,ABB__UNO_DM_6_0_TL_PLUS_US_SZM_RA__208V_
ABB__UNO_DM_6_0_TL_PLUS_US_SZM_RA__240V_,ABB__UNO_DM_6_0_TL_PLUS_US_SZM_RA__240V_
AE_Solar_Energy__AE3_8__208V_,AE_Solar_Energy__AE3_8__208V_
AE_Solar_Energy__AE3_8__240V_,AE_Solar_Energy__AE3_8__240V_
AE_Solar_Energy__AE3_8__277V_,AE_Solar_Energy__AE3_8__277V_
AE_Solar_Energy__AE5_0__208V_,AE_Solar_Energy__AE5_0__208V_
AE_Solar_Energy__AE5_0__240V_,AE_Solar_Energy__AE5_0__240V_
AE_Solar_Energy__AE5_0__277V_,AE_Solar_Energy__AE5_0__277V_
AE_Solar_Energy__AE6_0__208V_,AE_Solar_Energy__AE6_0__208V_
AE_Solar_Energy__AE6_0__240V_,AE_Solar_Energy__AE6_0__240V_
AE_Solar_Energy__AE6_0__277V_,AE_Solar_Energy__AE6_0__277V_
AE_Solar_Energy__AE7_0__208V_,AE_Solar_Energy__AE7_0__208V_
AE_Solar_Energy__AE7_0__240V_,AE_Solar_Energy__AE7_0__240V_
AE_Solar_Energy__AE7_0__277V_,AE_Solar_Energy__AE7_0__277V_
AEG_Power_Solutions__Protect_MPV_015_01__480V_,AEG_Power_Solutions__Protect_MPV_015_01__480V_
AEG_Power_Solutions__Protect_MPV_030_01__480V_,AEG_Power_Solutions__Protect_MPV_030_01__480V_
AEG_Power_Solutions__Protect_MPV_045_01__480V_,AEG_Power_Solutions__Protect_MPV_045_01__480V_
AEG_Power_Solutions__Protect_MPV_060_01__480V_,AEG_Power_Solutions__Protect_MPV_060_01__480V_
AEG_Power_Solutions__Protect_MPV_075_01__480V_,AEG_Power_Solutions__Protect_MPV_075_01__480V_
AEG_Power_Solutions__Protect_MPV_090_01__480V_,AEG_Power_Solutions__Protect_MPV_090_01__480V_
AEG_Power_Solutions__Protect_MPV_105_01__480V_,AEG_Power_Solutions__Protect_MPV_105_01__480V_
AEG_Power_Solutions__Protect_MPV_120_01__480V_,AEG_Power_Solutions__Protect_MPV_120_01__480V_
AEG_Power_Solutions__Protect_MPV_135_01__480V_,AEG_Power_Solutions__Protect_MPV_135_01__480V_
AEG_Power_Solutions__Protect_MPV_150_01__480V_,AEG_Power_Solutions__Protect_MPV_150_01__480V_
AEG_Power_Solutions__Protect_PV_500_UL,AEG_Power_Solutions__Protect_PV_500_UL
AEconversion_GMbH__INV250_45US_xxxxx__208V_,AEconversion_GMbH__INV250_45US_xxxxx__208V_
AEconversion_GMbH__INV250_45US_xxxxx__240V_,AEconversion_GMbH__INV250_45US_xxxxx__240V_
AEconversion_GMbH__INV350_60US_xxxxx__208V_,AEconversion_GMbH__INV350_60US_xxxxx__208V_
AEconversion_GMbH__INV350_60US_xxxxx__240V_,AEconversion_GMbH__INV350_60US_xxxxx__240V_
AEconversion_GMbH__INV500_90US_xxxxx__208V_,AEconversion_GMbH__INV500_90US_xxxxx__208V_
AEconversion_GMbH__INV500_90US_xxxxx__240V_,AEconversion_GMbH__INV500_90US_xxxxx__240V_
AMETEK_Solidstate_Control__RECon_30H_150_US__300V_,AMETEK_Solidstate_Control__RECon_30H_150_US__300V_
AMETEK_Solidstate_Control__RECon_30L_100_US,AMETEK_Solidstate_Control__RECon_30L_100_US
AU_Optronics__PM060MA0_240__240V_,AU_Optronics__PM060MA0_240__240V_
AU_Optronics__PM060MA0_245__240V_,AU_Optronics__PM060MA0_245__240V_
AU_Optronics__PM060MA0_250__240V_,AU_Optronics__PM060MA0_250__240V_
AU_Optronics__PM060MA0_255__240V_,AU_Optronics__PM060MA0_255__240V_
AU_Optronics__PM060MA0_260__240V_,AU_Optronics__PM060MA0_260__240V_
AU_Optronics__PM060MA0_265__240V_,AU_Optronics__PM060MA0_265__240V_
AU_Optronics__PM060MA0_270__240V_,AU_Optronics__PM060MA0_270__240V_
AU_Optronics__PM060MA0_275__240V_,AU_Optronics__PM060MA0_275__240V_
AU_Optronics__PM060MA1_240__208V_,AU_Optronics__PM060MA1_240__208V_
AU_Optronics__PM060MA1_240__240V_,AU_Optronics__PM060MA1_240__240V_
AU_Optronics__PM060MA1_245__208V_,AU_Optronics__PM060MA1_245__208V_
AU_Optronics__PM060MA1_245__240V_,AU_Optronics__PM060MA1_245__240V_
AU_Optronics__PM060MA1_250__208V_,AU_Optronics__PM060MA1_250__208V_
AU_Optronics__PM060MA1_250__240V_,AU_Optronics__PM060MA1_250__240V_
AU_Optronics__PM060MA1_255__208V_,AU_Optronics__PM060MA1_255__208V_
AU_Optronics__PM060MA1_255__240V_,AU_Optronics__PM060MA1_255__240V_
AU_Optronics__PM060MA1_260__208V_,AU_Optronics__PM060MA1_260__208V_
AU_Optronics__PM060MA1_260__240V_,AU_Optronics__PM060MA1_260__240V_
AU_Optronics__PM060MA1_265__208V_,AU_Optronics__PM060MA1_265__208V_
AU_Optronics__PM060MA1_265__240V_,AU_Optronics__PM060MA1_265__240V_
AU_Optronics__PM060MA1_270__208V_,AU_Optronics__PM060MA1_270__208V_
AU_Optronics__PM060MA1_270__240V_,AU_Optronics__PM060MA1_270__240V_
AU_Optronics__PM060MA1_275__240V_,AU_Optronics__PM060MA1_275__240V_
AU_Optronics__PM060MA2_240__208V_,AU_Optronics__PM060MA2_240__208V_
AU_Optronics__PM060MA2_240__240V_,AU_Optronics__PM060MA2_240__240V_
AU_Optronics__PM060MA2_245__208V_,AU_Optronics__PM060MA2_245__208V_
AU_Optronics__PM060MA2_245__240V_,AU_Optronics__PM060MA2_245__240V_
AU_Optronics__PM060MA2_250__208V_,AU_Optronics__PM060MA2_250__208V_
AU_Optronics__PM060MA2_250__240V_,AU_Optronics__PM060MA2_250__240V_
AU_Optronics__PM060MA2_255__208V_,AU_Optronics__PM060MA2_255__208V_
AU_Optronics__PM060MA2_255__240V_,AU_Optronics__PM060MA2_255__240V_
AU_Optronics__PM060MA2_260__208V_,AU_Optronics__PM060MA2_260__208V_
AU_Optronics__PM060MA2_260__240V_,AU_Optronics__PM060MA2_260__240V_
AU_Optronics__PM060MA2_265__208V_,AU_Optronics__PM060MA2_265__208V_
AU_Optronics__PM060MA2_265__240V_,AU_Optronics__PM060MA2_265__240V_
AU_Optronics__PM060MA2_270__208V_,AU_Optronics__PM060MA2_270__208V_
AU_Optronics__PM060MA2_270__240V_,AU_Optronics__PM060MA2_270__240V_
AU_Optronics__PM060MA2_275__240V_,AU_Optronics__PM060MA2_275__240V_
AU_Optronics__PM060PA0_235__240V_,AU_Optronics__PM060PA0_235__240V_
AU_Optronics__PM060PA0_240__240V_,AU_Optronics__PM060PA0_240__240V_
AU_Optronics__PM060PA0_245__240V_,AU_Optronics__PM060PA0_245__240V_
AU_Optronics__PM060PA0_250__240V_,AU_Optronics__PM060PA0_250__240V_
AU_Optronics__PM060PA0_255__240V_,AU_Optronics__PM060PA0_255__240V_
AU_Optronics__PM060PA0_260__240V_,AU_Optronics__PM060PA0_260__240V_
AU_Optronics__PM060PA1_235__208V_,AU_Optronics__PM060PA1_235__208V_
AU_Optronics__PM060PA1_235__240V_,AU_Optronics__PM060PA1_235__240V_
AU_Optronics__PM060PA1_240__208V_,AU_Optronics__PM060PA1_240__208V_
AU_Optronics__PM060PA1_240__240V_,AU_Optronics__PM060PA1_240__240V_
AU_Optronics__PM060PA1_245__208V_,AU_Optronics__PM060PA1_245__208V_
AU_Optronics__PM060PA1_245__240V_,AU_Optronics__PM060PA1_245__240V_
AU_Optronics__PM060PA1_250__208V_,AU_Optronics__PM060PA1_250__208V_
AU_Optronics__PM060PA1_250__240V_,AU_Optronics__PM060PA1_250__240V_
AU_Optronics__PM060PA1_255__208V_,AU_Optronics__PM060PA1_255__208V_
AU_Optronics__PM060PA1_255__240V_,AU_Optronics__PM060PA1_255__240V_
AU_Optronics__PM060PA1_260__208V_,AU_Optronics__PM060PA1_260__208V_
AU_Optronics__PM060PA1_260__240V_,AU_Optronics__PM060PA1_260__240V_
AU_Optronics__PM060PA2_235__208V_,AU_Optronics__PM060PA2_235__208V_
AU_Optronics__PM060PA2_235__240V_,AU_Optronics__PM060PA2_235__240V_
AU_Optronics__PM060PA2_240__208V_,AU_Optronics__PM060PA2_240__208V_
AU_Optronics__PM060PA2_240__240V_,AU_Optronics__PM060PA2_240__240V_
AU_Optronics__PM060PA2_245__208V_,AU_Optronics__PM060PA2_245__208V_
AU_Optronics__PM060PA2_245__240V_,AU_Optronics__PM060PA2_245__240V_
AU_Optronics__PM060PA2_250__208V_,AU_Optronics__PM060PA2_250__208V_
AU_Optronics__PM060PA2_250__240V_,AU_Optronics__PM060PA2_250__240V_
AU_Optronics__PM060PA2_255__208V_,AU_Optronics__PM060PA2_255__208V_
AU_Optronics__PM060PA2_255__240V_,AU_Optronics__PM060PA2_255__240V_
AU_Optronics__PM060PA2_260__208V_,AU_Optronics__PM060PA2_260__208V_
AU_Optronics__PM060PA2_260__240V_,AU_Optronics__PM060PA2_260__240V_
AU_Optronics__PM240PA0_235__240V_,AU_Optronics__PM240PA0_235__240V_
AU_Optronics__PM240PA0_240__240V_,AU_Optronics__PM240PA0_240__240V_
AU_Optronics__PM240PA0_245__240V_,AU_Optronics__PM240PA0_245__240V_
AU_Optronics__PM245PA0_235__240V_,AU_Optronics__PM245PA0_235__240V_
AU_Optronics__PM245PA0_240__240V_,AU_Optronics__PM245PA0_240__240V_
AU_Optronics__PM245PA0_245__240V_,AU_Optronics__PM245PA0_245__240V_
AU_Optronics__PM245PA0_250__240V_,AU_Optronics__PM245PA0_250__240V_
AU_Optronics__PM245PA0_255__240V_,AU_Optronics__PM245PA0_255__240V_
AU_Optronics__PM245PA0_260__240V_,AU_Optronics__PM245PA0_260__240V_
AU_Optronics__PM245PA1_235__240V_,AU_Optronics__PM245PA1_235__240V_
AU_Optronics__PM245PA1_240__240V_,AU_Optronics__PM245PA1_240__240V_
AU_Optronics__PM245PA1_245__240V_,AU_Optronics__PM245PA1_245__240V_
AU_Optronics__PM245PA1_250__240V_,AU_Optronics__PM245PA1_250__240V_
AU_Optronics__PM245PA1_255__208V_,AU_Optronics__PM245PA1_255__208V_
AU_Optronics__PM245PA1_255__240V_,AU_Optronics__PM245PA1_255__240V_
AU_Optronics__PM245PA1_260__208V_,AU_Optronics__PM245PA1_260__208V_
AU_Optronics__PM245PA1_260__240V_,AU_Optronics__PM245PA1_260__240V_
AU_Optronics__PM245PA2_235__208V_,AU_Optronics__PM245PA2_235__208V_
AU_Optronics__PM245PA2_235__240V_,AU_Optronics__PM245PA2_235__240V_
AU_Optronics__PM245PA2_240__208V_,AU_Optronics__PM245PA2_240__208V_
AU_Optronics__PM245PA2_240__240V_,AU_Optronics__PM245PA2_240__240V_
AU_Optronics__PM245PA2_245__208V_,AU_Optronics__PM245PA2_245__208V_
AU_Optronics__PM245PA2_245__240V_,AU_Optronics__PM245PA2_245__240V_
AU_Optronics__PM245PA2_250__208V_,AU_Optronics__PM245PA2_250__208V_
AU_Optronics__PM245PA2_250__240V_,AU_Optronics__PM245PA2_250__240V_
AU_Optronics__PM245PA2_255__208V_,AU_Optronics__PM245PA2_255__208V_
AU_Optronics__PM245PA2_255__240V_,AU_Optronics__PM245PA2_255__240V_
AU_Optronics__PM245PA2_260__208V_,AU_Optronics__PM245PA2_260__208V_
AU_Optronics__PM245PA2_260__240V_,AU_Optronics__PM245PA2_260__240V_
AU_Optronics__PM250MA0_240__240V_,AU_Optronics__PM250MA0_240__240V_
AU_Optronics__PM250MA0_245__240V_,AU_Optronics__PM250MA0_245__240V_
AU_Optronics__PM250MA0_250__240V_,AU_Optronics__PM250MA0_250__240V_
AU_Optronics__PM250MA0_255__240V_,AU_Optronics__PM250MA0_255__240V_
AU_Optronics__PM250MA0_260__240V_,AU_Optronics__PM250MA0_260__240V_
AU_Optronics__PM250MA0_265__240V_,AU_Optronics__PM250MA0_265__240V_
AU_Optronics__PM250MA0_270__240V_,AU_Optronics__PM250MA0_270__240V_
AU_Optronics__PM250MA0_275__240V_,AU_Optronics__PM250MA0_275__240V_
AU_Optronics__PM250MA1_240__240V_,AU_Optronics__PM250MA1_240__240V_
AU_Optronics__PM250MA1_245__240V_,AU_Optronics__PM250MA1_245__240V_
AU_Optronics__PM250MA1_250__240V_,AU_Optronics__PM250MA1_250__240V_
AU_Optronics__PM250MA1_255__240V_,AU_Optronics__PM250MA1_255__240V_
AU_Optronics__PM250MA1_260__240V_,AU_Optronics__PM250MA1_260__240V_
AU_Optronics__PM250MA1_265__208V_,AU_Optronics__PM250MA1_265__208V_
AU_Optronics__PM250MA1_265__240V_,AU_Optronics__PM250MA1_265__240V_
AU_Optronics__PM250MA1_270__208V_,AU_Optronics__PM250MA1_270__208V_
AU_Optronics__PM250MA1_270__240V_,AU_Optronics__PM250MA1_270__240V_
AU_Optronics__PM250MA1_275__240V_,AU_Optronics__PM250MA1_275__240V_
AU_Optronics__PM250MA2_240__208V_,AU_Optronics__PM250MA2_240__208V_
AU_Optronics__PM250MA2_240__240V_,AU_Optronics__PM250MA2_240__240V_
AU_Optronics__PM250MA2_245__208V_,AU_Optronics__PM250MA2_245__208V_
AU_Optronics__PM250MA2_245__240V_,AU_Optronics__PM250MA2_245__240V_
AU_Optronics__PM250MA2_250__208V_,AU_Optronics__PM250MA2_250__208V_
AU_Optronics__PM250MA2_250__240V_,AU_Optronics__PM250MA2_250__240V_
AU_Optronics__PM250MA2_255__208V_,AU_Optronics__PM250MA2_255__208V_
AU_Optronics__PM250MA2_255__240V_,AU_Optronics__PM250MA2_255__240V_
AU_Optronics__PM250MA2_260__208V_,AU_Optronics__PM250MA2_260__208V_
AU_Optronics__PM250MA2_260__240V_,AU_Optronics__PM250MA2_260__240V_
AU_Optronics__PM250MA2_265__208V_,AU_Optronics__PM250MA2_265__208V_
AU_Optronics__PM250MA2_265__240V_,AU_Optronics__PM250MA2_265__240V_
AU_Optronics__PM250MA2_270__208V_,AU_Optronics__PM250MA2_270__208V_
AU_Optronics__PM250MA2_270__240V_,AU_Optronics__PM250MA2_270__240V_
AU_Optronics__PM250MA2_275__240V_,AU_Optronics__PM250MA2_275__240V_
Ablerex_Electronics__ES_2200_US_240__240V_,Ablerex_Electronics__ES_2200_US_240__240V_
Ablerex_Electronics__ES_3300_US_240__240V_,Ablerex_Electronics__ES_3300_US_240__240V_
Ablerex_Electronics__ES_4200_US_240__240V_,Ablerex_Electronics__ES_4200_US_240__240V_
Ablerex_Electronics__ES_4200_US_240A__240V_,Ablerex_Electronics__ES_4200_US_240A__240V_
Ablerex_Electronics__ES_5000_US_240__240V_,Ablerex_Electronics__ES_5000_US_240__240V_
Ablerex_Electronics__ES_5000_US_240A__240V_,Ablerex_Electronics__ES_5000_US_240A__240V_
Advanced_Energy_Industries__804R012__480V_,Advanced_Energy_Industries__804R012__480V_
Advanced_Energy_Industries__804R016__480V_,Advanced_Energy_Industries__804R016__480V_
Advanced_Energy_Industries__804R020__480V_,Advanced_Energy_Industries__804R020__480V_
Advanced_Energy_Industries__804R024__480V_,Advanced_Energy_Industries__804R024__480V_
Advanced_Energy_Industries__AE_1000NX__3159700_XXXX_,Advanced_Energy_Industries__AE_1000NX__3159700_XXXX_
Advanced_Energy_Industries__AE_100TX_208__208V_,Advanced_Energy_Industries__AE_100TX_208__208V_
Advanced_Energy_Industries__AE_100TX_480__480V_,Advanced_Energy_Industries__AE_100TX_480__480V_
Advanced_Energy_Industries__AE_100TX_600__600V_,Advanced_Energy_Industries__AE_100TX_600__600V_
Advanced_Energy_Industries__AE_250NX__3159200_XXXX___480V_,Advanced_Energy_Industries__AE_250NX__3159200_XXXX___480V_
Advanced_Energy_Industries__AE_250TX_480__480V_,Advanced_Energy_Industries__AE_250TX_480__480V_
Advanced_Energy_Industries__AE_250TX_600__600V_,Advanced_Energy_Industries__AE_250TX_600__600V_
Advanced_Energy_Industries__AE_260TX_480__480V_,Advanced_Energy_Industries__AE_260TX_480__480V_
Advanced_Energy_Industries__AE_260TX_480_LV__480V_,Advanced_Energy_Industries__AE_260TX_480_LV__480V_
Advanced_Energy_Industries__AE_333NX__3159000_XXXX___480V_,Advanced_Energy_Industries__AE_333NX__3159000_XXXX___480V_
Advanced_Energy_Industries__AE_35TX_208__208V_,Advanced_Energy_Industries__AE_35TX_208__208V_
Advanced_Energy_Industries__AE_35TX_480__480V_,Advanced_Energy_Industries__AE_35TX_480__480V_
Advanced_Energy_Industries__AE_35TX_600__600V_,Advanced_Energy_Industries__AE_35TX_600__600V_
Advanced_Energy_Industries__AE_500NX__3159500_XXXX___480V_,Advanced_Energy_Industries__AE_500NX__3159500_XXXX___480V_
Advanced_Energy_Industries__AE_500NX_HE__3159502_XXXX___480V_,Advanced_Energy_Industries__AE_500NX_HE__3159502_XXXX___480V_
Advanced_Energy_Industries__AE_500TX_480__480V_,Advanced_Energy_Industries__AE_500TX_480__480V_
Advanced_Energy_Industries__AE_500TX_600__600V_,Advanced_Energy_Industries__AE_500TX_600__600V_
Advanced_Energy_Industries__AE_50TX_208__208V_,Advanced_Energy_Industries__AE_50TX_208__208V_
Advanced_Energy_Industries__AE_50TX_480__480V_,Advanced_Energy_Industries__AE_50TX_480__480V_
Advanced_Energy_Industries__AE_50TX_600__600V_,Advanced_Energy_Industries__AE_50TX_600__600V_
Advanced_Energy_Industries__AE_75TX_208__208V_,Advanced_Energy_Industries__AE_75TX_208__208V_
Advanced_Energy_Industries__AE_75TX_480__480V_,Advanced_Energy_Industries__AE_75TX_480__480V_
Advanced_Energy_Industries__AE_75TX_600__600V_,Advanced_Energy_Industries__AE_75TX_600__600V_
Advanced_Energy_Industries__AE_3TL_12_10__480V_,Advanced_Energy_Industries__AE_3TL_12_10__480V_
Advanced_Energy_Industries__AE_3TL_12_10_08__480V_,Advanced_Energy_Industries__AE_3TL_12_10_08__480V_
Advanced_Energy_Industries__AE_3TL_12_6__480V_,Advanced_Energy_Industries__AE_3TL_12_6__480V_
Advanced_Energy_Industries__AE_3TL_12_6_08__480V_,Advanced_Energy_Industries__AE_3TL_12_6_08__480V_
Advanced_Energy_Industries__AE_3TL_16_10__480V_,Advanced_Energy_Industries__AE_3TL_16_10__480V_
Advanced_Energy_Industries__AE_3TL_16_10_08__480V_,Advanced_Energy_Industries__AE_3TL_16_10_08__480V_
Advanced_Energy_Industries__AE_3TL_16_6__480V_,Advanced_Energy_Industries__AE_3TL_16_6__480V_
Advanced_Energy_Industries__AE_3TL_16_6_08__480V_,Advanced_Energy_Industries__AE_3TL_16_6_08__480V_
Advanced_Energy_Industries__AE_3TL_20_10__480V_,Advanced_Energy_Industries__AE_3TL_20_10__480V_
Advanced_Energy_Industries__AE_3TL_20_10_08__480V_,Advanced_Energy_Industries__AE_3TL_20_10_08__480V_
Advanced_Energy_Industries__AE_3TL_20_6__480V_,Advanced_Energy_Industries__AE_3TL_20_6__480V_
Advanced_Energy_Industries__AE_3TL_20_6_08__480V_,Advanced_Energy_Industries__AE_3TL_20_6_08__480V_
Advanced_Energy_Industries__AE_3TL_23_06__480V_,Advanced_Energy_Industries__AE_3TL_23_06__480V_
Advanced_Energy_Industries__AE_3TL_23_10__480V_,Advanced_Energy_Industries__AE_3TL_23_10__480V_
Advanced_Energy_Industries__AE_3TL_23_10_08__480V_,Advanced_Energy_Industries__AE_3TL_23_10_08__480V_
Advanced_Energy_Industries__AE_3TL_23_6_08__480V_,Advanced_Energy_Industries__AE_3TL_23_6_08__480V_
Advanced_Energy_Industries__AE_3TL_G3_12_10__480V_,Advanced_Energy_Industries__AE_3TL_G3_12_10__480V_
Advanced_Energy_Industries__AE_3TL_G3_12_10_8__480V_,Advanced_Energy_Industries__AE_3TL_G3_12_10_8__480V_
Advanced_Energy_Industries__AE_3TL_G3_12_6__480V_,Advanced_Energy_Industries__AE_3TL_G3_12_6__480V_
Advanced_Energy_Industries__AE_3TL_G3_12_6_08__480V_,Advanced_Energy_Industries__AE_3TL_G3_12_6_08__480V_
Advanced_Energy_Industries__AE_3TL_G3_16_10__480V_,Advanced_Energy_Industries__AE_3TL_G3_16_10__480V_
Advanced_Energy_Industries__AE_3TL_G3_16_10_08__480V_,Advanced_Energy_Industries__AE_3TL_G3_16_10_08__480V_
Advanced_Energy_Industries__AE_3TL_G3_16_6__480V_,Advanced_Energy_Industries__AE_3TL_G3_16_6__480V_
Advanced_Energy_Industries__AE_3TL_G3_16_6_08__480V_,Advanced_Energy_Industries__AE_3TL_G3_16_6_08__480V_
Advanced_Energy_Industries__AE_3TL_G3_20_10__480V_,Advanced_Energy_Industries__AE_3TL_G3_20_10__480V_
Advanced_Energy_Industries__AE_3TL_G3_20_10_08__480V_,Advanced_Energy_Industries__AE_3TL_G3_20_10_08__480V_
Advanced_Energy_Industries__AE_3TL_G3_20_6__480V_,Advanced_Energy_Industries__AE_3TL_G3_20_6__480V_
Advanced_Energy_Industries__AE_3TL_G3_20_6_08__480V_,Advanced_Energy_Industries__AE_3TL_G3_20_6_08__480V_
Advanced_Energy_Industries__Solaron_250_kW__3159200_XXXX___480V_,Advanced_Energy_Industries__Solaron_250_kW__3159200_XXXX___480V_
Advanced_Energy_Industries__Solaron_333_kW__3159000_XXXX___480V_,Advanced_Energy_Industries__Solaron_333_kW__3159000_XXXX___480V_
Advanced_Energy_Industries__Solaron_500_HE__3159502_XXXX___480V_,Advanced_Energy_Industries__Solaron_500_HE__3159502_XXXX___480V_
Advanced_Energy_Industries__Solaron_500kW__3159500_XXXX___480V_,Advanced_Energy_Industries__Solaron_500kW__3159500_XXXX___480V_
Advanced_Solar_Photonics__PV240__208V_,Advanced_Solar_Photonics__PV240__208V_
Advanced_Solar_Photonics__PV240__240V_,Advanced_Solar_Photonics__PV240__240V_
Advanced_Solar_Photonics__PV240__277V_,Advanced_Solar_Photonics__PV240__277V_
Advanced_Solar_Photonics__PV250__208V_,Advanced_Solar_Photonics__PV250__208V_
Advanced_Solar_Photonics__PV250__240V_,Advanced_Solar_Photonics__PV250__240V_
Advanced_Solar_Photonics__PV250__277V_,Advanced_Solar_Photonics__PV250__277V_
Advanced_Solar_Photonics__PV260__208V_,Advanced_Solar_Photonics__PV260__208V_
Advanced_Solar_Photonics__PV260__240V_,Advanced_Solar_Photonics__PV260__240V_
Advanced_Solar_Photonics__PV260__277V_,Advanced_Solar_Photonics__PV260__277V_
Advanced_Solar_Photonics__PV270__208V_,Advanced_Solar_Photonics__PV270__208V_
Advanced_Solar_Photonics__PV270__240V_,Advanced_Solar_Photonics__PV270__240V_
Advanced_Solar_Photonics__PV270__277V_,Advanced_Solar_Photonics__PV270__277V_
Aero_Sharp__X01_030L2E1__240V_,Aero_Sharp__X01_030L2E1__240V_
Aero_Sharp__X01_040L2E1__240V_,Aero_Sharp__X01_040L2E1__240V_
Aero_Sharp__X01_050L2E1__240V_,Aero_Sharp__X01_050L2E1__240V_
Aero_Sharp__X01_060L2E1__240V_,Aero_Sharp__X01_060L2E1__240V_
Agepower_Limit__Agepower_AP_10000_TL3_US__277V_,Agepower_Limit__Agepower_AP_10000_TL3_US__277V_
Agepower_Limit__Agepower_AP_12000_TL3_US__277V_,Agepower_Limit__Agepower_AP_12000_TL3_US__277V_
Agepower_Limit__Agepower_AP_1500TL_US__208V_,Agepower_Limit__Agepower_AP_1500TL_US__208V_
Agepower_Limit__Agepower_AP_1500TL_US__240V_,Agepower_Limit__Agepower_AP_1500TL_US__240V_
Agepower_Limit__Agepower_AP_1500TL_US__277V_,Agepower_Limit__Agepower_AP_1500TL_US__277V_
Agepower_Limit__Agepower_AP_18000_TL3_US__277V_,Agepower_Limit__Agepower_AP_18000_TL3_US__277V_
Agepower_Limit__Agepower_AP_20000_TL3_US__277V_,Agepower_Limit__Agepower_AP_20000_TL3_US__277V_
Agepower_Limit__Agepower_AP_2000TL_US__208V_,Agepower_Limit__Agepower_AP_2000TL_US__208V_
Agepower_Limit__Agepower_AP_2000TL_US__240V_,Agepower_Limit__Agepower_AP_2000TL_US__240V_
Agepower_Limit__Agepower_AP_2000TL_US__277V_,Agepower_Limit__Agepower_AP_2000TL_US__277V_
Agepower_Limit__Agepower_AP_3000TL_US__208V_,Agepower_Limit__Agepower_AP_3000TL_US__208V_
Agepower_Limit__Agepower_AP_3000TL_US__240V_,Agepower_Limit__Agepower_AP_3000TL_US__240V_
Agepower_Limit__Agepower_AP_3000TL_US__277V_,Agepower_Limit__Agepower_AP_3000TL_US__277V_
Agepower_Limit__Agepower_AP_3600MTL_US__208V_,Agepower_Limit__Agepower_AP_3600MTL_US__208V_
Agepower_Limit__Agepower_AP_3600MTL_US__240V_,Agepower_Limit__Agepower_AP_3600MTL_US__240V_
Agepower_Limit__Agepower_AP_3600MTL_US__277V_,Agepower_Limit__Agepower_AP_3600MTL_US__277V_
Agepower_Limit__Agepower_AP_4200MTL_US__208V_,Agepower_Limit__Agepower_AP_4200MTL_US__208V_
Agepower_Limit__Agepower_AP_4200MTL_US__240V_,Agepower_Limit__Agepower_AP_4200MTL_US__240V_
Agepower_Limit__Agepower_AP_4200MTL_US__277V_,Agepower_Limit__Agepower_AP_4200MTL_US__277V_
Agepower_Limit__Agepower_AP_5000MTL_US__208V_,Agepower_Limit__Agepower_AP_5000MTL_US__208V_
Agepower_Limit__Agepower_AP_5000MTL_US__240V_,Agepower_Limit__Agepower_AP_5000MTL_US__240V_
Agepower_Limit__Agepower_AP_5000MTL_US__277V_,Agepower_Limit__Agepower_AP_5000MTL_US__277V_
Alpha_Technologies__Solaris_3500_XP__240V_,Alpha_Technologies__Solaris_3500_XP__240V_
Altenergy_Power_System_Inc___QS1__240V_,Altenergy_Power_System_Inc___QS1__240V_
Altenergy_Power_System_Inc___QS1200__240V_,Altenergy_Power_System_Inc___QS1200__240V_
Altenergy_Power_System_Inc___YC1000_3_208__480V_,Altenergy_Power_System_Inc___YC1000_3_208__480V_
Altenergy_Power_System_Inc___YC1000_3_480__480V_,Altenergy_Power_System_Inc___YC1000_3_480__480V_
Altenergy_Power_System_Inc___YC1000_3_K480,Altenergy_Power_System_Inc___YC1000_3_K480
Altenergy_Power_System_Inc___YC200_NA__240V_,Altenergy_Power_System_Inc___YC200_NA__240V_
Altenergy_Power_System_Inc___YC250A__240V_,Altenergy_Power_System_Inc___YC250A__240V_
Altenergy_Power_System_Inc___YC250I__240V_,Altenergy_Power_System_Inc___YC250I__240V_
Altenergy_Power_System_Inc___YC500A__208V_,Altenergy_Power_System_Inc___YC500A__208V_
Altenergy_Power_System_Inc___YC500A__240V_,Altenergy_Power_System_Inc___YC500A__240V_
Altenergy_Power_System_Inc___YC500I__208V_,Altenergy_Power_System_Inc___YC500I__208V_
Altenergy_Power_System_Inc___YC500I__240V_,Altenergy_Power_System_Inc___YC500I__240V_
Altenergy_Power_System_Inc___YC600__240V_,Altenergy_Power_System_Inc___YC600__240V_
American_Electric_Technologies__ISIS_1000_15000_60,American_Electric_Technologies__ISIS_1000_15000_60
American_Electric_Technologies__ISIS_1000_410_60,American_Electric_Technologies__ISIS_1000_410_60
Andalay_Solar__LW_230_1_AC0_D_B__208V_,Andalay_Solar__LW_230_1_AC0_D_B__208V_
Andalay_Solar__LW_230_1_AC0_D_B__240V_,Andalay_Solar__LW_230_1_AC0_D_B__240V_
Andalay_Solar__LW_230_1_AC1_A_B__240V_,Andalay_Solar__LW_230_1_AC1_A_B__240V_
Andalay_Solar__LW_230_1_AC2_D_B__208V_,Andalay_Solar__LW_230_1_AC2_D_B__208V_
Andalay_Solar__LW_230_1_AC2_D_B__240V_,Andalay_Solar__LW_230_1_AC2_D_B__240V_
Andalay_Solar__LW_230_1_AC3_B_B__208V_,Andalay_Solar__LW_230_1_AC3_B_B__208V_
Andalay_Solar__LW_235_1_AC0_D_B__208V_,Andalay_Solar__LW_235_1_AC0_D_B__208V_
Andalay_Solar__LW_235_1_AC0_D_B__240V_,Andalay_Solar__LW_235_1_AC0_D_B__240V_
Andalay_Solar__LW_235_1_AC1_A_B__240V_,Andalay_Solar__LW_235_1_AC1_A_B__240V_
Andalay_Solar__LW_235_1_AC2_D_B__208V_,Andalay_Solar__LW_235_1_AC2_D_B__208V_
Andalay_Solar__LW_235_1_AC2_D_B__240V_,Andalay_Solar__LW_235_1_AC2_D_B__240V_
Andalay_Solar__LW_235_1_AC3_B_B__208V_,Andalay_Solar__LW_235_1_AC3_B_B__208V_
Andalay_Solar__LW_240_1_AC0_D_B__208V_,Andalay_Solar__LW_240_1_AC0_D_B__208V_
Andalay_Solar__LW_240_1_AC0_D_B__240V_,Andalay_Solar__LW_240_1_AC0_D_B__240V_
Andalay_Solar__LW_240_1_AC1_A_B__240V_,Andalay_Solar__LW_240_1_AC1_A_B__240V_
Andalay_Solar__LW_240_1_AC2_D_B__208V_,Andalay_Solar__LW_240_1_AC2_D_B__208V_
Andalay_Solar__LW_240_1_AC2_D_B__240V_,Andalay_Solar__LW_240_1_AC2_D_B__240V_
Andalay_Solar__LW_240_1_AC3_B_B__208V_,Andalay_Solar__LW_240_1_AC3_B_B__208V_
Andalay_Solar__ST_175_1AC1_A_A__240V_,Andalay_Solar__ST_175_1AC1_A_A__240V_
Andalay_Solar__ST_175_1AC3_B_A__208V_,Andalay_Solar__ST_175_1AC3_B_A__208V_
Andalay_Solar__ST_185_1AC1_A_A__240V_,Andalay_Solar__ST_185_1AC1_A_A__240V_
Andalay_Solar__ST_185_1AC1_A_B__240V_,Andalay_Solar__ST_185_1AC1_A_B__240V_
Andalay_Solar__ST_185_1AC3_B_A__208V_,Andalay_Solar__ST_185_1AC3_B_A__208V_
Andalay_Solar__ST_185_1AC3_B_B__208V_,Andalay_Solar__ST_185_1AC3_B_B__208V_
Andalay_Solar__ST_190_1AC1_A_B__240V_,Andalay_Solar__ST_190_1AC1_A_B__240V_
Andalay_Solar__ST_190_1AC3_B_B__208V_,Andalay_Solar__ST_190_1AC3_B_B__208V_
Andalay_Solar__ST_195_1AC1_A_B__240V_,Andalay_Solar__ST_195_1AC1_A_B__240V_
Andalay_Solar__ST_195_1AC3_B_B__208V_,Andalay_Solar__ST_195_1AC3_B_B__208V_
Andalay_Solar__TW_240_1_AC2_D_B__208V_,Andalay_Solar__TW_240_1_AC2_D_B__208V_
Andalay_Solar__TW_240_1_AC2_D_B__240V_,Andalay_Solar__TW_240_1_AC2_D_B__240V_
Andalay_Solar__TW_245_1_AC2_D_B__208V_,Andalay_Solar__TW_245_1_AC2_D_B__208V_
Andalay_Solar__TW_245_1_AC2_D_B__240V_,Andalay_Solar__TW_245_1_AC2_D_B__240V_
Andalay_Solar__TW_250_1_AC2_D_B__208V_,Andalay_Solar__TW_250_1_AC2_D_B__208V_
Andalay_Solar__TW_250_1_AC2_D_B__240V_,Andalay_Solar__TW_250_1_AC2_D_B__240V_
Apparent__MGI220_xxx__240V_,Apparent__MGI220_xxx__240V_
Apparent__SG424_120V__120V_,Apparent__SG424_120V__120V_
Auxin_Solar__AXN_PV4000U__208V_,Auxin_Solar__AXN_PV4000U__208V_
Auxin_Solar__AXN_PV4000U__240V_,Auxin_Solar__AXN_PV4000U__240V_
Auxin_Solar__AXU_PV1500U__208V_,Auxin_Solar__AXU_PV1500U__208V_
Auxin_Solar__AXU_PV1500U__240V_,Auxin_Solar__AXU_PV1500U__240V_
Auxin_Solar__AXU_PV2000U__208V_,Auxin_Solar__AXU_PV2000U__208V_
Auxin_Solar__AXU_PV2000U__240V_,Auxin_Solar__AXU_PV2000U__240V_
Auxin_Solar__AXU_PV3000U__208V_,Auxin_Solar__AXU_PV3000U__208V_
Auxin_Solar__AXU_PV3000U__240V_,Auxin_Solar__AXU_PV3000U__240V_
Ballard_Power_Systems__EPC_PV_208_30KW__208V_,Ballard_Power_Systems__EPC_PV_208_30KW__208V_
Ballard_Power_Systems__EPC_PV_208_75KW,Ballard_Power_Systems__EPC_PV_208_75KW
Ballard_Power_Systems__EPC_PV_480_30KW__480V_,Ballard_Power_Systems__EPC_PV_480_30KW__480V_
Ballard_Power_Systems__EPC_PV_480_75KW__480V_,Ballard_Power_Systems__EPC_PV_480_75KW__480V_
Beacon_Power__M4,Beacon_Power__M4
Beacon_Power__M4_Plus,Beacon_Power__M4_Plus
Beacon_Power__M5,Beacon_Power__M5
Beacon_Power__M5_Plus,Beacon_Power__M5_Plus
Beijing_Kinglong_New_Energy_Technology__Sunteams_1500__208V_,Beijing_Kinglong_New_Energy_Technology__Sunteams_1500__208V_
Beijing_Kinglong_New_Energy_Technology__Sunteams_1500__240V_,Beijing_Kinglong_New_Energy_Technology__Sunteams_1500__240V_
Beijing_Kinglong_New_Energy_Technology__Sunteams_2000__208V_,Beijing_Kinglong_New_Energy_Technology__Sunteams_2000__208V_
Beijing_Kinglong_New_Energy_Technology__Sunteams_2000__240V_,Beijing_Kinglong_New_Energy_Technology__Sunteams_2000__240V_
Beijing_Kinglong_New_Energy_Technology__Sunteams_3000__208V_,Beijing_Kinglong_New_Energy_Technology__Sunteams_3000__208V_
Beijing_Kinglong_New_Energy_Technology__Sunteams_3000__240V_,Beijing_Kinglong_New_Energy_Technology__Sunteams_3000__240V_
Beijing_Kinglong_New_Energy_Technology__Sunteams_4000__208V_,Beijing_Kinglong_New_Energy_Technology__Sunteams_4000__208V_
Beijing_Kinglong_New_Energy_Technology__Sunteams_4000__240V_,Beijing_Kinglong_New_Energy_Technology__Sunteams_4000__240V_
Beijing_Kinglong_New_Energy_Technology__Sunteams_5000__208V_,Beijing_Kinglong_New_Energy_Technology__Sunteams_5000__208V_
Beijing_Kinglong_New_Energy_Technology__Sunteams_5000__240V_,Beijing_Kinglong_New_Energy_Technology__Sunteams_5000__240V_
Beyond_Building_Group__SR1500TLI__208V_,Beyond_Building_Group__SR1500TLI__208V_
Beyond_Building_Group__SR1500TLI__240V_,Beyond_Building_Group__SR1500TLI__240V_
Beyond_Building_Group__SR2000TLI__208V_,Beyond_Building_Group__SR2000TLI__208V_
Beyond_Building_Group__SR2000TLI__240V_,Beyond_Building_Group__SR2000TLI__240V_
Beyond_Building_Group__SR3000TLI__208V_,Beyond_Building_Group__SR3000TLI__208V_
Beyond_Building_Group__SR3000TLI__240V_,Beyond_Building_Group__SR3000TLI__240V_
Beyond_Building_Group__SR4000TLI__208V_,Beyond_Building_Group__SR4000TLI__208V_
Beyond_Building_Group__SR4000TLI__240V_,Beyond_Building_Group__SR4000TLI__240V_
Beyond_Building_Systems__SR2000TL_US_240__240V_,Beyond_Building_Systems__SR2000TL_US_240__240V_
Beyond_Building_Systems__SR3000TL_US_240__240V_,Beyond_Building_Systems__SR3000TL_US_240__240V_
Beyond_Building_Systems__SR4200TL_US_240__240V_,Beyond_Building_Systems__SR4200TL_US_240__240V_
Beyond_Building_Systems__SR5000TL_US_240__240V_,Beyond_Building_Systems__SR5000TL_US_240__240V_
CFM_Equipment_Distributors__Green_Power_1100__120V_,CFM_Equipment_Distributors__Green_Power_1100__120V_
CFM_Equipment_Distributors__Green_Power_2000__240V_,CFM_Equipment_Distributors__Green_Power_2000__240V_
CFM_Equipment_Distributors__Green_Power_2500__240V_,CFM_Equipment_Distributors__Green_Power_2500__240V_
CFM_Equipment_Distributors__Green_Power_3000__240V_,CFM_Equipment_Distributors__Green_Power_3000__240V_
CFM_Equipment_Distributors__Green_Power_3500__240V_,CFM_Equipment_Distributors__Green_Power_3500__240V_
CFM_Equipment_Distributors__Green_Power_4600__208V_,CFM_Equipment_Distributors__Green_Power_4600__208V_
CFM_Equipment_Distributors__Green_Power_4800__240V_,CFM_Equipment_Distributors__Green_Power_4800__240V_
CFM_Equipment_Distributors__Green_Power_5200__240V_,CFM_Equipment_Distributors__Green_Power_5200__240V_
Canadian_Solar_Inc___CM_240_EC,Canadian_Solar_Inc___CM_240_EC
Canadian_Solar_Inc___CM_260_EC,Canadian_Solar_Inc___CM_260_EC
Canadian_Solar_Inc___CM_280_EC,Canadian_Solar_Inc___CM_280_EC
Canadian_Solar_Inc___CM_300_EC,Canadian_Solar_Inc___CM_300_EC
Canadian_Solar_Inc___CS6P_245M_EA,Canadian_Solar_Inc___CS6P_245M_EA
Canadian_Solar_Inc___CS6P_245P_EA,Canadian_Solar_Inc___CS6P_245P_EA
Canadian_Solar_Inc___CS6P_250M_EA,Canadian_Solar_Inc___CS6P_250M_EA
Canadian_Solar_Inc___CS6P_250P_EA,Canadian_Solar_Inc___CS6P_250P_EA
Canadian_Solar_Inc___CS6P_255M_EA,Canadian_Solar_Inc___CS6P_255M_EA
Canadian_Solar_Inc___CS6P_255P_EA,Canadian_Solar_Inc___CS6P_255P_EA
Canadian_Solar_Inc___CS6P_260M_EA,Canadian_Solar_Inc___CS6P_260M_EA
Canadian_Solar_Inc___CS6P_260P_EA,Canadian_Solar_Inc___CS6P_260P_EA
Canadian_Solar_Inc___CSI_23KTL_CT__480V_,Canadian_Solar_Inc___CSI_23KTL_CT__480V_
Canadian_Solar_Inc___CSI_25KTL_GS_FL__480V_,Canadian_Solar_Inc___CSI_25KTL_GS_FL__480V_
Canadian_Solar_Inc___CSI_28KTL_CT__480V_,Canadian_Solar_Inc___CSI_28KTL_CT__480V_
Canadian_Solar_Inc___CSI_3000TL_CT__208V_,Canadian_Solar_Inc___CSI_3000TL_CT__208V_
Canadian_Solar_Inc___CSI_3000TL_CT__240V_,Canadian_Solar_Inc___CSI_3000TL_CT__240V_
Canadian_Solar_Inc___CSI_30KTL_GS_FL__480V_,Canadian_Solar_Inc___CSI_30KTL_GS_FL__480V_
Canadian_Solar_Inc___CSI_36KTL_CT,Canadian_Solar_Inc___CSI_36KTL_CT
Canadian_Solar_Inc___CSI_36KTL_CT__480V_,Canadian_Solar_Inc___CSI_36KTL_CT__480V_
Canadian_Solar_Inc___CSI_36KTL_GS_FL__480V_,Canadian_Solar_Inc___CSI_36KTL_GS_FL__480V_
Canadian_Solar_Inc___CSI_4000TL_CT__208V_,Canadian_Solar_Inc___CSI_4000TL_CT__208V_
Canadian_Solar_Inc___CSI_4000TL_CT__240V_,Canadian_Solar_Inc___CSI_4000TL_CT__240V_
Canadian_Solar_Inc___CSI_40KTL_GS__480V_,Canadian_Solar_Inc___CSI_40KTL_GS__480V_
Canadian_Solar_Inc___CSI_40KTL_GS_FL__480V_,Canadian_Solar_Inc___CSI_40KTL_GS_FL__480V_
Canadian_Solar_Inc___CSI_5000TL_CT__208V_,Canadian_Solar_Inc___CSI_5000TL_CT__208V_
Canadian_Solar_Inc___CSI_5000TL_CT__240V_,Canadian_Solar_Inc___CSI_5000TL_CT__240V_
Canadian_Solar_Inc___CSI_50KTL_CT__480V_,Canadian_Solar_Inc___CSI_50KTL_CT__480V_
Canadian_Solar_Inc___CSI_6000TL_CT__208V_,Canadian_Solar_Inc___CSI_6000TL_CT__208V_
Canadian_Solar_Inc___CSI_6000TL_CT__240V_,Canadian_Solar_Inc___CSI_6000TL_CT__240V_
Canadian_Solar_Inc___CSI_60KTL_CT__480V_,Canadian_Solar_Inc___CSI_60KTL_CT__480V_
Canadian_Solar_Incorporated___CSI_50KTL_GS__480V_??,Canadian_Solar_Incorporated___CSI_50KTL_GS__480V_??
Canadian_Solar_Incorporated___CSI_50KTL_GS_B__480V_,Canadian_Solar_Incorporated___CSI_50KTL_GS_B__480V_
Canadian_Solar_Incorporated___CSI_50KTL_GS_FL__480V_?,Canadian_Solar_Incorporated___CSI_50KTL_GS_FL__480V_?
Canadian_Solar_Incorporated___CSI_50KTL_GS_FLB__480V_,Canadian_Solar_Incorporated___CSI_50KTL_GS_FLB__480V_
Canadian_Solar_Incorporated___CSI_60KTL_GS__480V_,Canadian_Solar_Incorporated___CSI_60KTL_GS__480V_
Canadian_Solar_Incorporated___CSI_60KTL_GS_B__480V_,Canadian_Solar_Incorporated___CSI_60KTL_GS_B__480V_
Canadian_Solar_Incorporated___CSI_66KTL_GS__480V_,Canadian_Solar_Incorporated___CSI_66KTL_GS__480V_
Canadian_Solar_Incorporated___CSI_66KTL_GS_B__480V_,Canadian_Solar_Incorporated___CSI_66KTL_GS_B__480V_
Carlo_Gavazzi__ISGA_1_22__240V_,Carlo_Gavazzi__ISGA_1_22__240V_
Carlo_Gavazzi__ISGA_1_33__240V_,Carlo_Gavazzi__ISGA_1_33__240V_
Carlo_Gavazzi__ISGA_1_42__240V_,Carlo_Gavazzi__ISGA_1_42__240V_
Carlo_Gavazzi__ISGA_1_53__240V_,Carlo_Gavazzi__ISGA_1_53__240V_
Chiconypower__MU300SAP2__240V_,Chiconypower__MU300SAP2__240V_
Chilicon_Power___LLC__CP_250_60_208_240_MC4__208V_,Chilicon_Power___LLC__CP_250_60_208_240_MC4__208V_
Chilicon_Power___LLC__CP_250_60_208_240_MC4__240V_,Chilicon_Power___LLC__CP_250_60_208_240_MC4__240V_
Chilicon_Power___LLC__CP_250E_60_72_208_240_MC4__208V_,Chilicon_Power___LLC__CP_250E_60_72_208_240_MC4__208V_
Chilicon_Power___LLC__CP_250E_60_72_208_240_MC4__240V_,Chilicon_Power___LLC__CP_250E_60_72_208_240_MC4__240V_
Chilicon_Power___LLC__CP_720_60_72_96_208_240_MC4__208V_,Chilicon_Power___LLC__CP_720_60_72_96_208_240_MC4__208V_
Chilicon_Power___LLC__CP_720_60_72_96_208_240_MC4__240V_,Chilicon_Power___LLC__CP_720_60_72_96_208_240_MC4__240V_
Chint_Power_Systems_America__CPS_SC100KT_O_xx_480__480V_,Chint_Power_Systems_America__CPS_SC100KT_O_xx_480__480V_
Chint_Power_Systems_America__CPS_SC14KTL_DO_xx_208__208V_,Chint_Power_Systems_America__CPS_SC14KTL_DO_xx_208__208V_
Chint_Power_Systems_America__CPS_SC20KTL_DO_xx_480__480V_,Chint_Power_Systems_America__CPS_SC20KTL_DO_xx_480__480V_
Chint_Power_Systems_America__CPS_SCA23KTL_DO_US_480__480V_,Chint_Power_Systems_America__CPS_SCA23KTL_DO_US_480__480V_
Chint_Power_Systems_America__CPS_SCA28KTL_DO_US_480__480V_,Chint_Power_Systems_America__CPS_SCA28KTL_DO_US_480__480V_
Chint_Power_Systems_America__CPS_SCA36KTL_DO_US__480V_,Chint_Power_Systems_America__CPS_SCA36KTL_DO_US__480V_
Chint_Power_Systems_America__CPS_SCA3KTL_O_US__208V_,Chint_Power_Systems_America__CPS_SCA3KTL_O_US__208V_
Chint_Power_Systems_America__CPS_SCA3KTL_O_US__240V_,Chint_Power_Systems_America__CPS_SCA3KTL_O_US__240V_
Chint_Power_Systems_America__CPS_SCA4KTL_O_US__208V_,Chint_Power_Systems_America__CPS_SCA4KTL_O_US__208V_
Chint_Power_Systems_America__CPS_SCA4KTL_O_US__240V_,Chint_Power_Systems_America__CPS_SCA4KTL_O_US__240V_
Chint_Power_Systems_America__CPS_SCA50KTL_DO_US_480__480V_,Chint_Power_Systems_America__CPS_SCA50KTL_DO_US_480__480V_
Chint_Power_Systems_America__CPS_SCA5KTL_O_US__208V_,Chint_Power_Systems_America__CPS_SCA5KTL_O_US__208V_
Chint_Power_Systems_America__CPS_SCA5KTL_O_US__240V_,Chint_Power_Systems_America__CPS_SCA5KTL_O_US__240V_
Chint_Power_Systems_America__CPS_SCA60KTL_DO_US_480__480V_,Chint_Power_Systems_America__CPS_SCA60KTL_DO_US_480__480V_
Chint_Power_Systems_America__CPS_SCA6KTL_O_US__208V_,Chint_Power_Systems_America__CPS_SCA6KTL_O_US__208V_
Chint_Power_Systems_America__CPS_SCA6KTL_O_US__240V_,Chint_Power_Systems_America__CPS_SCA6KTL_O_US__240V_
Chint_Power_Systems_America__CPS_SCE4KTL_O_US__208V_,Chint_Power_Systems_America__CPS_SCE4KTL_O_US__208V_
Chint_Power_Systems_America__CPS_SCE4KTL_O_US__240V_,Chint_Power_Systems_America__CPS_SCE4KTL_O_US__240V_
Chint_Power_Systems_America__CPS_SCE4KTL_O_US__277V_,Chint_Power_Systems_America__CPS_SCE4KTL_O_US__277V_
Chint_Power_Systems_America__CPS_SCE5KTL_O_US__208V_,Chint_Power_Systems_America__CPS_SCE5KTL_O_US__208V_
Chint_Power_Systems_America__CPS_SCE5KTL_O_US__240V_,Chint_Power_Systems_America__CPS_SCE5KTL_O_US__240V_
Chint_Power_Systems_America__CPS_SCE5KTL_O_US__277V_,Chint_Power_Systems_America__CPS_SCE5KTL_O_US__277V_
Chint_Power_Systems_America__CPS_SCE6KTL_O_US__208V_,Chint_Power_Systems_America__CPS_SCE6KTL_O_US__208V_
Chint_Power_Systems_America__CPS_SCE6KTL_O_US__240V_,Chint_Power_Systems_America__CPS_SCE6KTL_O_US__240V_
Chint_Power_Systems_America__CPS_SCE6KTL_O_US__277V_,Chint_Power_Systems_America__CPS_SCE6KTL_O_US__277V_
Chint_Power_Systems_America__CPS_SCE7KTL_O_US__208V_,Chint_Power_Systems_America__CPS_SCE7KTL_O_US__208V_
Chint_Power_Systems_America__CPS_SCE7KTL_O_US__240V_,Chint_Power_Systems_America__CPS_SCE7KTL_O_US__240V_
Chint_Power_Systems_America__CPS_SCE7KTL_O_US__277V_,Chint_Power_Systems_America__CPS_SCE7KTL_O_US__277V_
Chint_Power_Systems_America__CPS_SCH100KTL_DO_US_600__600V_,Chint_Power_Systems_America__CPS_SCH100KTL_DO_US_600__600V_
Chint_Power_Systems_America__CPS_SCH125KTL_DO_US_600__600V_,Chint_Power_Systems_America__CPS_SCH125KTL_DO_US_600__600V_
Chint_Solar_Zhejiang__CHPI_23KTL_US,Chint_Solar_Zhejiang__CHPI_23KTL_US
Chint_Solar_Zhejiang__CHPI_28KTL_US,Chint_Solar_Zhejiang__CHPI_28KTL_US
Chint_Solar_Zhejiang__CHPI_6KTL_US__208V_,Chint_Solar_Zhejiang__CHPI_6KTL_US__208V_
Chint_Solar_Zhejiang__CHPI_6KTL_US__240V_,Chint_Solar_Zhejiang__CHPI_6KTL_US__240V_
Chint_Solar_Zhejiang__CHPI14KTL_US,Chint_Solar_Zhejiang__CHPI14KTL_US
Chint_Solar_Zhejiang__CHPI20KTL_US,Chint_Solar_Zhejiang__CHPI20KTL_US
Chint_Solar_Zhejiang__CHPI3KTL_US__208V_,Chint_Solar_Zhejiang__CHPI3KTL_US__208V_
Chint_Solar_Zhejiang__CHPI3KTL_US__240V_,Chint_Solar_Zhejiang__CHPI3KTL_US__240V_
Chint_Solar_Zhejiang__CHPI4KTL_US__208V_,Chint_Solar_Zhejiang__CHPI4KTL_US__208V_
Chint_Solar_Zhejiang__CHPI4KTL_US__240V_,Chint_Solar_Zhejiang__CHPI4KTL_US__240V_
Chint_Solar_Zhejiang__CHPI5KTL_US__208V_,Chint_Solar_Zhejiang__CHPI5KTL_US__208V_
Chint_Solar_Zhejiang__CHPI5KTL_US__240V_,Chint_Solar_Zhejiang__CHPI5KTL_US__240V_
Concept_by_US__Power_Station_PS247_05_180__120V_,Concept_by_US__Power_Station_PS247_05_180__120V_
Concept_by_US__Power_Station_PS247_10_180__120V_,Concept_by_US__Power_Station_PS247_10_180__120V_
Connect_Renewable_Energy__CE_4000__240V_,Connect_Renewable_Energy__CE_4000__240V_
DASS_tech__DSP_M33250KUS,DASS_tech__DSP_M33250KUS
DYNAPOWER_COMPANY_LLC__MPS_100__480_,DYNAPOWER_COMPANY_LLC__MPS_100__480_
DYNAPOWER_COMPANY_LLC__MPS_250__480V_,DYNAPOWER_COMPANY_LLC__MPS_250__480V_
DYNAPOWER_COMPANY_LLC__MPS_250HV__480V_,DYNAPOWER_COMPANY_LLC__MPS_250HV__480V_
Danfoss_Solar__DLX_2_0_UL__208V_,Danfoss_Solar__DLX_2_0_UL__208V_
Danfoss_Solar__DLX_2_0_UL__240V_,Danfoss_Solar__DLX_2_0_UL__240V_
Danfoss_Solar__DLX_2_9_UL__208V_,Danfoss_Solar__DLX_2_9_UL__208V_
Danfoss_Solar__DLX_2_9_UL__240V_,Danfoss_Solar__DLX_2_9_UL__240V_
Danfoss_Solar__DLX_3_8_UL__208V_,Danfoss_Solar__DLX_3_8_UL__208V_
Danfoss_Solar__DLX_3_8_UL__240V_,Danfoss_Solar__DLX_3_8_UL__240V_
Danfoss_Solar__DLX_4_4_UL__208V_,Danfoss_Solar__DLX_4_4_UL__208V_
Danfoss_Solar__DLX_4_4_UL__240V_,Danfoss_Solar__DLX_4_4_UL__240V_
Danfoss_Solar__MLX_400V__400V_,Danfoss_Solar__MLX_400V__400V_
Danfoss__MLX_480V__480V_,Danfoss__MLX_480V__480V_
Darfon_Electronics_Corp___G32xxxxxx__208V_,Darfon_Electronics_Corp___G32xxxxxx__208V_
Darfon_Electronics_Corp___G32xxxxxx__240V_,Darfon_Electronics_Corp___G32xxxxxx__240V_
Darfon_Electronics_Corp___G32xxxxxx__277V_,Darfon_Electronics_Corp___G32xxxxxx__277V_
Darfon_Electronics_Corp___G64xxxxxx__240V_,Darfon_Electronics_Corp___G64xxxxxx__240V_
Darfon_Electronics_Corp___H5000x__240V_,Darfon_Electronics_Corp___H5000x__240V_
Darfon_Electronics_Corp___MIG240UL00__240V_,Darfon_Electronics_Corp___MIG240UL00__240V_
Darfon_Electronics_Corp___MIG300UL00__240V_,Darfon_Electronics_Corp___MIG300UL00__240V_
Delta_Electronics__DDP_260AB_XX,Delta_Electronics__DDP_260AB_XX
Delta_Electronics__DES10JB125K01__480V_,Delta_Electronics__DES10JB125K01__480V_
Delta_Electronics__Delta_15_TL,Delta_Electronics__Delta_15_TL
Delta_Electronics__Delta_20_TL,Delta_Electronics__Delta_20_TL
Delta_Electronics__E6_TL_US__208V_,Delta_Electronics__E6_TL_US__208V_
Delta_Electronics__E6_TL_US__240V_,Delta_Electronics__E6_TL_US__240V_
Delta_Electronics__E6_TL_US_AC___208V_,Delta_Electronics__E6_TL_US_AC___208V_
Delta_Electronics__E6_TL_US_AC___240V_,Delta_Electronics__E6_TL_US_AC___240V_
Delta_Electronics__E8_TL_US__208V_,Delta_Electronics__E8_TL_US__208V_
Delta_Electronics__E8_TL_US__240V_,Delta_Electronics__E8_TL_US__240V_
Delta_Electronics__E8_TL_US_AC___208V_,Delta_Electronics__E8_TL_US_AC___208V_
Delta_Electronics__E8_TL_US_AC___240V_,Delta_Electronics__E8_TL_US_AC___240V_
Delta_Electronics__M24U_XXX__480V_,Delta_Electronics__M24U_XXX__480V_
Delta_Electronics__M28U_XXX__480V_,Delta_Electronics__M28U_XXX__480V_
Delta_Electronics__M36U_XXX__480V_,Delta_Electronics__M36U_XXX__480V_
Delta_Electronics__M4_TL_US__208V_,Delta_Electronics__M4_TL_US__208V_
Delta_Electronics__M4_TL_US__240V_,Delta_Electronics__M4_TL_US__240V_
Delta_Electronics__M42U_XXX__480V_,Delta_Electronics__M42U_XXX__480V_
Delta_Electronics__M5_TL_US__208V_,Delta_Electronics__M5_TL_US__208V_
Delta_Electronics__M5_TL_US__240V_,Delta_Electronics__M5_TL_US__240V_
Delta_Electronics__M6_TL_US__208V_,Delta_Electronics__M6_TL_US__208V_
Delta_Electronics__M6_TL_US__240V_,Delta_Electronics__M6_TL_US__240V_
Delta_Electronics__M60U_XXX__480V_,Delta_Electronics__M60U_XXX__480V_
Delta_Electronics__M8_TL_US__208V_,Delta_Electronics__M8_TL_US__208V_
Delta_Electronics__M8_TL_US__240V_,Delta_Electronics__M8_TL_US__240V_
Delta_Electronics__M80U_XXX__480V_,Delta_Electronics__M80U_XXX__480V_
Delta_Electronics__RPI_H7U__208V_,Delta_Electronics__RPI_H7U__208V_
Delta_Electronics__RPI_H7U__240V___6kVa_,Delta_Electronics__RPI_H7U__240V___6kVa_
Delta_Electronics__RPI_H7U__240V___7kVa_,Delta_Electronics__RPI_H7U__240V___7kVa_
Delta_Electronics__SOLIVIA_3_8_NA_G4_TL__208V_,Delta_Electronics__SOLIVIA_3_8_NA_G4_TL__208V_
Delta_Electronics__SOLIVIA_3_8_NA_G4_TL__240V_,Delta_Electronics__SOLIVIA_3_8_NA_G4_TL__240V_
Delta_Electronics__SOLIVIA_5_2_NA_G4_TL__208V_,Delta_Electronics__SOLIVIA_5_2_NA_G4_TL__208V_
Delta_Electronics__SOLIVIA_5_2_NA_G4_TL__240V_,Delta_Electronics__SOLIVIA_5_2_NA_G4_TL__240V_
Delta_Electronics__SOLIVIA_6_6_NA_G4_TL__208V_,Delta_Electronics__SOLIVIA_6_6_NA_G4_TL__208V_
Delta_Electronics__SOLIVIA_6_6_NA_G4_TL__240V_,Delta_Electronics__SOLIVIA_6_6_NA_G4_TL__240V_
Delta_Electronics__SOLIVIA_7_6_NA_G4_TL__208V_,Delta_Electronics__SOLIVIA_7_6_NA_G4_TL__208V_
Delta_Electronics__SOLIVIA_7_6_NA_G4_TL__240V_,Delta_Electronics__SOLIVIA_7_6_NA_G4_TL__240V_
Delta_Energy_Systems__SI_1800_US__208V_,Delta_Energy_Systems__SI_1800_US__208V_
Delta_Energy_Systems__SI_1800_US__240V_,Delta_Energy_Systems__SI_1800_US__240V_
Delta_Energy_Systems__SI_2500_US__208V_,Delta_Energy_Systems__SI_2500_US__208V_
Delta_Energy_Systems__SI_2500_US__240V_,Delta_Energy_Systems__SI_2500_US__240V_
Delta_Energy_Systems__SOLIVIA_2_5_NA_G4_TR__208V_,Delta_Energy_Systems__SOLIVIA_2_5_NA_G4_TR__208V_
Delta_Energy_Systems__SOLIVIA_2_5_NA_G4_TR__240V_,Delta_Energy_Systems__SOLIVIA_2_5_NA_G4_TR__240V_
Delta_Energy_Systems__SOLIVIA_3_3_NA_G4_TR__208V_,Delta_Energy_Systems__SOLIVIA_3_3_NA_G4_TR__208V_
Delta_Energy_Systems__SOLIVIA_3_3_NA_G4_TR__240V_,Delta_Energy_Systems__SOLIVIA_3_3_NA_G4_TR__240V_
Delta_Energy_Systems__SOLIVIA_4_4_NA_G4_TR__208V_,Delta_Energy_Systems__SOLIVIA_4_4_NA_G4_TR__208V_
Delta_Energy_Systems__SOLIVIA_4_4_NA_G4_TR__240V_,Delta_Energy_Systems__SOLIVIA_4_4_NA_G4_TR__240V_
Delta_Energy_Systems__SOLIVIA_5_0_NA_G4_TR__208V_,Delta_Energy_Systems__SOLIVIA_5_0_NA_G4_TR__208V_
Delta_Energy_Systems__SOLIVIA_5_0_NA_G4_TR__240V_,Delta_Energy_Systems__SOLIVIA_5_0_NA_G4_TR__240V_
Destin_Power_Inc___SAVEEN1000_ES02H_US__440V_,Destin_Power_Inc___SAVEEN1000_ES02H_US__440V_
Diehl_AKO_Stiftung__4301_S_A__208V_,Diehl_AKO_Stiftung__4301_S_A__208V_
Diehl_AKO_Stiftung__4301_S_A__240V_,Diehl_AKO_Stiftung__4301_S_A__240V_
Diehl_AKO_Stiftung__Platinum_100_CS_A_HE__208V_,Diehl_AKO_Stiftung__Platinum_100_CS_A_HE__208V_
Diehl_AKO_Stiftung__Platinum_100_CS_A_HE__480V_,Diehl_AKO_Stiftung__Platinum_100_CS_A_HE__480V_
Diehl_AKO_Stiftung__Platinum_100_CS_A__208V_,Diehl_AKO_Stiftung__Platinum_100_CS_A__208V_
Diehl_AKO_Stiftung__Platinum_100_CS_A__480V_,Diehl_AKO_Stiftung__Platinum_100_CS_A__480V_
Direct_Grid_Technologies__DGM_460__208V_,Direct_Grid_Technologies__DGM_460__208V_
Direct_Grid_Technologies__DGM_S460__240V_,Direct_Grid_Technologies__DGM_S460__240V_
Dow_Chemical__362589__3_5_kW_2_string___240V_,Dow_Chemical__362589__3_5_kW_2_string___240V_
Dow_Chemical__362590__3_5_kW_3_string___240V_,Dow_Chemical__362590__3_5_kW_3_string___240V_
Dow_Chemical__362591__3_5_kW_4_string___240V_,Dow_Chemical__362591__3_5_kW_4_string___240V_
Dow_Chemical__362592__5_0_kW_2_string___240V_,Dow_Chemical__362592__5_0_kW_2_string___240V_
E_Village_Solar__EVS1100EVR__120V_,E_Village_Solar__EVS1100EVR__120V_
E_Village_Solar__EVS2000EVR__240V_,E_Village_Solar__EVS2000EVR__240V_
E_Village_Solar__EVS2500__240V_,E_Village_Solar__EVS2500__240V_
E_Village_Solar__EVS3000__240V_,E_Village_Solar__EVS3000__240V_
E_Village_Solar__EVS3500__240V_,E_Village_Solar__EVS3500__240V_
E_Village_Solar__EVS4600__208V_,E_Village_Solar__EVS4600__208V_
E_Village_Solar__EVS4800__240V_,E_Village_Solar__EVS4800__240V_
E_Village_Solar__EVS5200__208V_,E_Village_Solar__EVS5200__208V_
EPC_Power_Corp___HY_LC12_6_7__480V_,EPC_Power_Corp___HY_LC12_6_7__480V_
ET_Solar_Industry__ET_P660245BAC__240V_,ET_Solar_Industry__ET_P660245BAC__240V_
ET_Solar_Industry__ET_P660245BBAC__240V_,ET_Solar_Industry__ET_P660245BBAC__240V_
ET_Solar_Industry__ET_P660245BBZAC__240V_,ET_Solar_Industry__ET_P660245BBZAC__240V_
ET_Solar_Industry__ET_P660245WBZAC__240V_,ET_Solar_Industry__ET_P660245WBZAC__240V_
ET_Solar_Industry__ET_P660250_WBAC__240V_,ET_Solar_Industry__ET_P660250_WBAC__240V_
ET_Solar_Industry__ET_P660250_WBZAC__240V_,ET_Solar_Industry__ET_P660250_WBZAC__240V_
ET_Solar_Industry__ET_P660250BAC__240V_,ET_Solar_Industry__ET_P660250BAC__240V_
ET_Solar_Industry__ET_P660250BBAC__240V_,ET_Solar_Industry__ET_P660250BBAC__240V_
ET_Solar_Industry__ET_P660250BBZAC__240V_,ET_Solar_Industry__ET_P660250BBZAC__240V_
ET_Solar_Industry__ET_P660255BBAC,ET_Solar_Industry__ET_P660255BBAC
ET_Solar_Industry__ET_P660255BBZAC,ET_Solar_Industry__ET_P660255BBZAC
ET_Solar_Industry__ET_P660255WBAC,ET_Solar_Industry__ET_P660255WBAC
ET_Solar_Industry__ET_P660255WBZAC,ET_Solar_Industry__ET_P660255WBZAC
ET_Solar_Industry__ET_P660255WWAC,ET_Solar_Industry__ET_P660255WWAC
ET_Solar_Industry__ET_P660255WWZAC,ET_Solar_Industry__ET_P660255WWZAC
ET_Solar_Industry__ET_P660260WBAC,ET_Solar_Industry__ET_P660260WBAC
ET_Solar_Industry__ET_P660260WBZAC,ET_Solar_Industry__ET_P660260WBZAC
ET_Solar_Industry__ET_P660260WWAC,ET_Solar_Industry__ET_P660260WWAC
ET_Solar_Industry__ET_P660260WWZAC,ET_Solar_Industry__ET_P660260WWZAC
Eaton__PV238__208V_,Eaton__PV238__208V_
Eaton__PV238__240V_,Eaton__PV238__240V_
Eaton__PV238__277V_,Eaton__PV238__277V_
Eaton__PV240__208V_,Eaton__PV240__208V_
Eaton__PV240__240V_,Eaton__PV240__240V_
Eaton__PV240__277V_,Eaton__PV240__277V_
Eaton__PV250__208V_,Eaton__PV250__208V_
Eaton__PV250__240V_,Eaton__PV250__240V_
Eaton__PV250__277V_,Eaton__PV250__277V_
Eaton__PV260__208V_,Eaton__PV260__208V_
Eaton__PV260__240V_,Eaton__PV260__240V_
Eaton__PV260__277V_,Eaton__PV260__277V_
Eaton__PV270__208V_,Eaton__PV270__208V_
Eaton__PV270__240V_,Eaton__PV270__240V_
Eaton__PV270__277V_,Eaton__PV270__277V_
Eaton__S_Max_250KW__480V_,Eaton__S_Max_250KW__480V_
Eaton__Xpert1500,Eaton__Xpert1500
Eaton__Xpert1670,Eaton__Xpert1670
Elettronica_Santerno__TG100NA208Y__208V_,Elettronica_Santerno__TG100NA208Y__208V_
Elettronica_Santerno__TG100NA480Y__480V_,Elettronica_Santerno__TG100NA480Y__480V_
Elettronica_Santerno__TG125NA208Y__208V_,Elettronica_Santerno__TG125NA208Y__208V_
Elettronica_Santerno__TG125NA480Y__480V_,Elettronica_Santerno__TG125NA480Y__480V_
Eltek__Theia_2_0He_t_UL__208V_,Eltek__Theia_2_0He_t_UL__208V_
Eltek__Theia_2_0He_t_UL__240V_,Eltek__Theia_2_0He_t_UL__240V_
Eltek__Theia_2_9He_t_UL__208V_,Eltek__Theia_2_9He_t_UL__208V_
Eltek__Theia_2_9He_t_UL__240V_,Eltek__Theia_2_9He_t_UL__240V_
Eltek__Theia_3_8He_t_UL__208V_,Eltek__Theia_3_8He_t_UL__208V_
Eltek__Theia_3_8He_t_UL__240V_,Eltek__Theia_3_8He_t_UL__240V_
Eltek__Theia_4_4He_t_UL__208V_,Eltek__Theia_4_4He_t_UL__208V_
Eltek__Theia_4_4He_t_UL__240V_,Eltek__Theia_4_4He_t_UL__240V_
Emerson_Network_Power__SPV_4_0AIUSO__240V_,Emerson_Network_Power__SPV_4_0AIUSO__240V_
Emerson_Network_Power__SPV_4_5AIUSO__240V_,Emerson_Network_Power__SPV_4_5AIUSO__240V_
Emerson_Network_Power__SPV_5_0AIUSO__240V_,Emerson_Network_Power__SPV_5_0AIUSO__240V_
Enecsys__240_60_xx,Enecsys__240_60_xx
Enecsys__250NL,Enecsys__250NL
Enecsys__260_60_xx,Enecsys__260_60_xx
Enecsys__280_60_xx,Enecsys__280_60_xx
Enecsys__300_60_xx,Enecsys__300_60_xx
Enecsys__SMI_220,Enecsys__SMI_220
Enecsys__SMI_240_60,Enecsys__SMI_240_60
Enecsys__SMI_280_72,Enecsys__SMI_280_72
Enecsys__SMI_360_72,Enecsys__SMI_360_72
Enecsys__SMI_480_60,Enecsys__SMI_480_60
EnluxSolar__EL_300,EnluxSolar__EL_300
Enphase_Energy_Inc___C250_72_2LN_S2,Enphase_Energy_Inc___C250_72_2LN_S2
Enphase_Energy_Inc___D380_72_208_S1x__208V_,Enphase_Energy_Inc___D380_72_208_S1x__208V_
Enphase_Energy_Inc___D380_72_240_S1x__240V_,Enphase_Energy_Inc___D380_72_240_S1x__240V_
Enphase_Energy_Inc___D380_72_2LL_S1x__208V_,Enphase_Energy_Inc___D380_72_2LL_S1x__208V_
Enphase_Energy_Inc___D380_72_2LL_S1x__240V_,Enphase_Energy_Inc___D380_72_2LL_S1x__240V_
Enphase_Energy_Inc___D380_72_2LL_S1x_NA__208V_,Enphase_Energy_Inc___D380_72_2LL_S1x_NA__208V_
Enphase_Energy_Inc___IQ6_60_ACM_US__208V_,Enphase_Energy_Inc___IQ6_60_ACM_US__208V_
Enphase_Energy_Inc___IQ6_60_ACM_US__240V_,Enphase_Energy_Inc___IQ6_60_ACM_US__240V_
Enphase_Energy_Inc___IQ6_60_x_US__208V_,Enphase_Energy_Inc___IQ6_60_x_US__208V_
Enphase_Energy_Inc___IQ6_60_x_US__240V_,Enphase_Energy_Inc___IQ6_60_x_US__240V_
Enphase_Energy_Inc___IQ6PLUS_72_ACM_US__208V_,Enphase_Energy_Inc___IQ6PLUS_72_ACM_US__208V_
Enphase_Energy_Inc___IQ6PLUS_72_ACM_US__240V_,Enphase_Energy_Inc___IQ6PLUS_72_ACM_US__240V_
Enphase_Energy_Inc___IQ6PLUS_72_x_US__208V_,Enphase_Energy_Inc___IQ6PLUS_72_x_US__208V_
Enphase_Energy_Inc___IQ6PLUS_72_x_US__240V_,Enphase_Energy_Inc___IQ6PLUS_72_x_US__240V_
Enphase_Energy_Inc___IQ6PLUS_ACB_LL__240V_,Enphase_Energy_Inc___IQ6PLUS_ACB_LL__240V_
Enphase_Energy_Inc___IQ7_60_x_ACM_US__208V_,Enphase_Energy_Inc___IQ7_60_x_ACM_US__208V_
Enphase_Energy_Inc___IQ7_60_x_ACM_US__240V_,Enphase_Energy_Inc___IQ7_60_x_ACM_US__240V_
Enphase_Energy_Inc___IQ7_60_x_US__208V_,Enphase_Energy_Inc___IQ7_60_x_US__208V_
Enphase_Energy_Inc___IQ7_60_x_US__240V_,Enphase_Energy_Inc___IQ7_60_x_US__240V_
Enphase_Energy_Inc___IQ7PLUS_72_x_ACM_US__208V_,Enphase_Energy_Inc___IQ7PLUS_72_x_ACM_US__208V_
Enphase_Energy_Inc___IQ7PLUS_72_x_ACM_US__240V_,Enphase_Energy_Inc___IQ7PLUS_72_x_ACM_US__240V_
Enphase_Energy_Inc___IQ7PLUS_72_x_US__208V_,Enphase_Energy_Inc___IQ7PLUS_72_x_US__208V_
Enphase_Energy_Inc___IQ7PLUS_72_x_US__240V_,Enphase_Energy_Inc___IQ7PLUS_72_x_US__240V_
Enphase_Energy_Inc___IQ7X_96_x_ACM_US__208V_,Enphase_Energy_Inc___IQ7X_96_x_ACM_US__208V_
Enphase_Energy_Inc___IQ7X_96_x_ACM_US__240V_,Enphase_Energy_Inc___IQ7X_96_x_ACM_US__240V_
Enphase_Energy_Inc___IQ7X_96_x_US__208V_,Enphase_Energy_Inc___IQ7X_96_x_US__208V_
Enphase_Energy_Inc___IQ7X_96_x_US__240V_,Enphase_Energy_Inc___IQ7X_96_x_US__240V_
Enphase_Energy_Inc___IQ7XS_96_y_ACM_z__208V_,Enphase_Energy_Inc___IQ7XS_96_y_ACM_z__208V_
Enphase_Energy_Inc___IQ7XS_96_y_ACM_z__240V_,Enphase_Energy_Inc___IQ7XS_96_y_ACM_z__240V_
Enphase_Energy_Inc___M175_24_208_Sxx__208V_,Enphase_Energy_Inc___M175_24_208_Sxx__208V_
Enphase_Energy_Inc___M175_24_208_Sxx_NA__208V_,Enphase_Energy_Inc___M175_24_208_Sxx_NA__208V_
Enphase_Energy_Inc___M175_24_240_Sxx__240V_,Enphase_Energy_Inc___M175_24_240_Sxx__240V_
Enphase_Energy_Inc___M175_24_240_Sxx_NA__240V_,Enphase_Energy_Inc___M175_24_240_Sxx_NA__240V_
Enphase_Energy_Inc___M190_72_208_Sxx__208V_,Enphase_Energy_Inc___M190_72_208_Sxx__208V_
Enphase_Energy_Inc___M190_72_208_Sxx_NA__208V_,Enphase_Energy_Inc___M190_72_208_Sxx_NA__208V_
Enphase_Energy_Inc___M190_72_240_Sxx__240V_,Enphase_Energy_Inc___M190_72_240_Sxx__240V_
Enphase_Energy_Inc___M190_72_240_Sxx_NA__240V_,Enphase_Energy_Inc___M190_72_240_Sxx_NA__240V_
Enphase_Energy_Inc___M200_32_208_Sxx__240V_,Enphase_Energy_Inc___M200_32_208_Sxx__240V_
Enphase_Energy_Inc___M200_32_208_Sxx_NA__208V_,Enphase_Energy_Inc___M200_32_208_Sxx_NA__208V_
Enphase_Energy_Inc___M200_32_240_Sxx__240V_,Enphase_Energy_Inc___M200_32_240_Sxx__240V_
Enphase_Energy_Inc___M200_32_240_Sxx_NA__240V_,Enphase_Energy_Inc___M200_32_240_Sxx_NA__240V_
Enphase_Energy_Inc___M210_84_208_Sxx__208V_,Enphase_Energy_Inc___M210_84_208_Sxx__208V_
Enphase_Energy_Inc___M210_84_208_Sxx_NA__208V_,Enphase_Energy_Inc___M210_84_208_Sxx_NA__208V_
Enphase_Energy_Inc___M210_84_240_Sxx__240V_,Enphase_Energy_Inc___M210_84_240_Sxx__240V_
Enphase_Energy_Inc___M210_84_240_Sxx_NA__240V_,Enphase_Energy_Inc___M210_84_240_Sxx_NA__240V_
Enphase_Energy_Inc___M215_60_2LL_S2x__208V_,Enphase_Energy_Inc___M215_60_2LL_S2x__208V_
Enphase_Energy_Inc___M215_60_2LL_S2x__240V_,Enphase_Energy_Inc___M215_60_2LL_S2x__240V_
Enphase_Energy_Inc___M215_60_2LL_S2x_IG__208V_,Enphase_Energy_Inc___M215_60_2LL_S2x_IG__208V_
Enphase_Energy_Inc___M215_60_2LL_S2x_IG__240V_,Enphase_Energy_Inc___M215_60_2LL_S2x_IG__240V_
Enphase_Energy_Inc___M215_60_2LL_S2x_IG_NA__208V_,Enphase_Energy_Inc___M215_60_2LL_S2x_IG_NA__208V_
Enphase_Energy_Inc___M215_60_2LL_S2x_IG_NA__240V_,Enphase_Energy_Inc___M215_60_2LL_S2x_IG_NA__240V_
Enphase_Energy_Inc___M215_60_2LL_S2x_IG_ZC__208V_,Enphase_Energy_Inc___M215_60_2LL_S2x_IG_ZC__208V_
Enphase_Energy_Inc___M215_60_2LL_S2x_IG_ZC__240V_,Enphase_Energy_Inc___M215_60_2LL_S2x_IG_ZC__240V_
Enphase_Energy_Inc___M215_60_2LL_S2x_IG_ZC_NA__208V_,Enphase_Energy_Inc___M215_60_2LL_S2x_IG_ZC_NA__208V_
Enphase_Energy_Inc___M215_60_2LL_S2x_IG_ZC_NA__240V_,Enphase_Energy_Inc___M215_60_2LL_S2x_IG_ZC_NA__240V_
Enphase_Energy_Inc___M215_60_2LL_S2x_NA__208V_,Enphase_Energy_Inc___M215_60_2LL_S2x_NA__208V_
Enphase_Energy_Inc___M215_60_2LL_S2x_ZC__240V_,Enphase_Energy_Inc___M215_60_2LL_S2x_ZC__240V_
Enphase_Energy_Inc___M215_60_2LL_S2x_ZC_NA__208V_,Enphase_Energy_Inc___M215_60_2LL_S2x_ZC_NA__208V_
Enphase_Energy_Inc___M215_60_2LL_S2x_ZC_NA__240V_,Enphase_Energy_Inc___M215_60_2LL_S2x_ZC_NA__240V_
Enphase_Energy_Inc___M215_60_SIE_S2x__208V_,Enphase_Energy_Inc___M215_60_SIE_S2x__208V_
Enphase_Energy_Inc___M215_60_SIE_S2x__240V_,Enphase_Energy_Inc___M215_60_SIE_S2x__240V_
Enphase_Energy_Inc___M215_60_SIE_S2x_NA__208V_,Enphase_Energy_Inc___M215_60_SIE_S2x_NA__208V_
Enphase_Energy_Inc___M215_60_SIE_S2x_NA__240V_,Enphase_Energy_Inc___M215_60_SIE_S2x_NA__240V_
Enphase_Energy_Inc___M215_60_SIE_S2x_ZC__208V_,Enphase_Energy_Inc___M215_60_SIE_S2x_ZC__208V_
Enphase_Energy_Inc___M215_60_SIE_S2x_ZC__240V_,Enphase_Energy_Inc___M215_60_SIE_S2x_ZC__240V_
Enphase_Energy_Inc___M215_60_SIE_S2x_ZC_NA__208V_,Enphase_Energy_Inc___M215_60_SIE_S2x_ZC_NA__208V_
Enphase_Energy_Inc___M215_60_SIE_S2x_ZC_NA__240V_,Enphase_Energy_Inc___M215_60_SIE_S2x_ZC_NA__240V_
Enphase_Energy_Inc___M250_60_2LL_S2x___ZC____NA___208V_,Enphase_Energy_Inc___M250_60_2LL_S2x___ZC____NA___208V_
Enphase_Energy_Inc___M250_60_2LL_S2x___ZC____NA___240V_,Enphase_Energy_Inc___M250_60_2LL_S2x___ZC____NA___240V_
Enphase_Energy_Inc___M250_72_2LL_S2x__208V_,Enphase_Energy_Inc___M250_72_2LL_S2x__208V_
Enphase_Energy_Inc___M250_72_2LL_S2x__240V_,Enphase_Energy_Inc___M250_72_2LL_S2x__240V_
Enphase_Energy_Inc___S230_60_LL_x__208V_,Enphase_Energy_Inc___S230_60_LL_x__208V_
Enphase_Energy_Inc___S230_60_LL_x__240V_,Enphase_Energy_Inc___S230_60_LL_x__240V_
Enphase_Energy_Inc___S280_60_LL_x__208V_,Enphase_Energy_Inc___S280_60_LL_x__208V_
Enphase_Energy_Inc___S280_60_LL_x__240V_,Enphase_Energy_Inc___S280_60_LL_x__240V_
Eoplly_New_Energy_Technology__EP156M_60_230S_AC__208V_,Eoplly_New_Energy_Technology__EP156M_60_230S_AC__208V_
Eoplly_New_Energy_Technology__EP156M_60_230S_AC__240V_,Eoplly_New_Energy_Technology__EP156M_60_230S_AC__240V_
Eoplly_New_Energy_Technology__EP156M_60_235S_AC__208V_,Eoplly_New_Energy_Technology__EP156M_60_235S_AC__208V_
Eoplly_New_Energy_Technology__EP156M_60_235S_AC__240V_,Eoplly_New_Energy_Technology__EP156M_60_235S_AC__240V_
Eoplly_New_Energy_Technology__EP156M_60_240S_AC__208V_,Eoplly_New_Energy_Technology__EP156M_60_240S_AC__208V_
Eoplly_New_Energy_Technology__EP156M_60_240S_AC__240V_,Eoplly_New_Energy_Technology__EP156M_60_240S_AC__240V_
Eoplly_New_Energy_Technology__EP156M_60_245S_AC__208V_,Eoplly_New_Energy_Technology__EP156M_60_245S_AC__208V_
Eoplly_New_Energy_Technology__EP156M_60_245S_AC__240V_,Eoplly_New_Energy_Technology__EP156M_60_245S_AC__240V_
Eoplly_New_Energy_Technology__EP156M_60_250_AC__208V_,Eoplly_New_Energy_Technology__EP156M_60_250_AC__208V_
Eoplly_New_Energy_Technology__EP156M_60_250_AC__240V_,Eoplly_New_Energy_Technology__EP156M_60_250_AC__240V_
Eoplly_New_Energy_Technology__EP156M_60_250S_AC__208V_,Eoplly_New_Energy_Technology__EP156M_60_250S_AC__208V_
Eoplly_New_Energy_Technology__EP156M_60_250S_AC__240V_,Eoplly_New_Energy_Technology__EP156M_60_250S_AC__240V_
Eoplly_New_Energy_Technology__EP156M_60_255_AC__208V_,Eoplly_New_Energy_Technology__EP156M_60_255_AC__208V_
Eoplly_New_Energy_Technology__EP156M_60_255_AC__240V_,Eoplly_New_Energy_Technology__EP156M_60_255_AC__240V_
Eoplly_New_Energy_Technology__EP156M_60_255S_AC__208V_,Eoplly_New_Energy_Technology__EP156M_60_255S_AC__208V_
Eoplly_New_Energy_Technology__EP156M_60_255S_AC__240V_,Eoplly_New_Energy_Technology__EP156M_60_255S_AC__240V_
Eoplly_New_Energy_Technology__EP156M_60_260_AC__208V_,Eoplly_New_Energy_Technology__EP156M_60_260_AC__208V_
Eoplly_New_Energy_Technology__EP156M_60_260_AC__240V_,Eoplly_New_Energy_Technology__EP156M_60_260_AC__240V_
Eoplly_New_Energy_Technology__EP156M_60_260S_AC__208V_,Eoplly_New_Energy_Technology__EP156M_60_260S_AC__208V_
Eoplly_New_Energy_Technology__EP156M_60_260S_AC__240V_,Eoplly_New_Energy_Technology__EP156M_60_260S_AC__240V_
Eoplly_New_Energy_Technology__EP156MB_60_230S_AC__208V_,Eoplly_New_Energy_Technology__EP156MB_60_230S_AC__208V_
Eoplly_New_Energy_Technology__EP156MB_60_230S_AC__240V_,Eoplly_New_Energy_Technology__EP156MB_60_230S_AC__240V_
Eoplly_New_Energy_Technology__EP156MB_60_235S_AC__208V_,Eoplly_New_Energy_Technology__EP156MB_60_235S_AC__208V_
Eoplly_New_Energy_Technology__EP156MB_60_235S_AC__240V_,Eoplly_New_Energy_Technology__EP156MB_60_235S_AC__240V_
Eoplly_New_Energy_Technology__EP156MB_60_240_AC__208V_,Eoplly_New_Energy_Technology__EP156MB_60_240_AC__208V_
Eoplly_New_Energy_Technology__EP156MB_60_240_AC__240V_,Eoplly_New_Energy_Technology__EP156MB_60_240_AC__240V_
Eoplly_New_Energy_Technology__EP156MB_60_240S_AC__208V_,Eoplly_New_Energy_Technology__EP156MB_60_240S_AC__208V_
Eoplly_New_Energy_Technology__EP156MB_60_240S_AC__240V_,Eoplly_New_Energy_Technology__EP156MB_60_240S_AC__240V_
Eoplly_New_Energy_Technology__EP156MB_60_245_AC__208V_,Eoplly_New_Energy_Technology__EP156MB_60_245_AC__208V_
Eoplly_New_Energy_Technology__EP156MB_60_245_AC__240V_,Eoplly_New_Energy_Technology__EP156MB_60_245_AC__240V_
Eoplly_New_Energy_Technology__EP156MB_60_245S_AC__208V_,Eoplly_New_Energy_Technology__EP156MB_60_245S_AC__208V_
Eoplly_New_Energy_Technology__EP156MB_60_245S_AC__240V_,Eoplly_New_Energy_Technology__EP156MB_60_245S_AC__240V_
Eoplly_New_Energy_Technology__EP156MB_60_250S_AC__208V_,Eoplly_New_Energy_Technology__EP156MB_60_250S_AC__208V_
Eoplly_New_Energy_Technology__EP156MB_60_250S_AC__240V_,Eoplly_New_Energy_Technology__EP156MB_60_250S_AC__240V_
Eoplly_New_Energy_Technology__EP156P_60_225S_AC__208V_,Eoplly_New_Energy_Technology__EP156P_60_225S_AC__208V_
Eoplly_New_Energy_Technology__EP156P_60_225S_AC__240V_,Eoplly_New_Energy_Technology__EP156P_60_225S_AC__240V_
Eoplly_New_Energy_Technology__EP156P_60_230S_AC__208V_,Eoplly_New_Energy_Technology__EP156P_60_230S_AC__208V_
Eoplly_New_Energy_Technology__EP156P_60_230S_AC__240V_,Eoplly_New_Energy_Technology__EP156P_60_230S_AC__240V_
Eoplly_New_Energy_Technology__EP156P_60_235S_AC__208V_,Eoplly_New_Energy_Technology__EP156P_60_235S_AC__208V_
Eoplly_New_Energy_Technology__EP156P_60_235S_AC__240V_,Eoplly_New_Energy_Technology__EP156P_60_235S_AC__240V_
Eoplly_New_Energy_Technology__EP156P_60_240_AC__208V_,Eoplly_New_Energy_Technology__EP156P_60_240_AC__208V_
Eoplly_New_Energy_Technology__EP156P_60_240_AC__240V_,Eoplly_New_Energy_Technology__EP156P_60_240_AC__240V_
Eoplly_New_Energy_Technology__EP156P_60_240S_AC__208V_,Eoplly_New_Energy_Technology__EP156P_60_240S_AC__208V_
Eoplly_New_Energy_Technology__EP156P_60_240S_AC__240V_,Eoplly_New_Energy_Technology__EP156P_60_240S_AC__240V_
Eoplly_New_Energy_Technology__EP156P_60_245_AC__208V_,Eoplly_New_Energy_Technology__EP156P_60_245_AC__208V_
Eoplly_New_Energy_Technology__EP156P_60_245_AC__240V_,Eoplly_New_Energy_Technology__EP156P_60_245_AC__240V_
Eoplly_New_Energy_Technology__EP156P_60_245S_AC__208V_,Eoplly_New_Energy_Technology__EP156P_60_245S_AC__208V_
Eoplly_New_Energy_Technology__EP156P_60_245S_AC__240V_,Eoplly_New_Energy_Technology__EP156P_60_245S_AC__240V_
Eoplly_New_Energy_Technology__EP156P_60_250S_AC__208V_,Eoplly_New_Energy_Technology__EP156P_60_250S_AC__208V_
Eoplly_New_Energy_Technology__EP156P_60_250S_AC__240V_,Eoplly_New_Energy_Technology__EP156P_60_250S_AC__240V_
Eoplly_New_Energy_Technology__EP156P_60_255S_AC__208V_,Eoplly_New_Energy_Technology__EP156P_60_255S_AC__208V_
Eoplly_New_Energy_Technology__EP156P_60_255S_AC__240V_,Eoplly_New_Energy_Technology__EP156P_60_255S_AC__240V_
Eoplly_New_Energy_Technology__EP156P_60_260S_AC__208V_,Eoplly_New_Energy_Technology__EP156P_60_260S_AC__208V_
Eoplly_New_Energy_Technology__EP156P_60_260S_AC__240V_,Eoplly_New_Energy_Technology__EP156P_60_260S_AC__240V_
Exeltech__AC2_1_2_6_5_XX__120V_,Exeltech__AC2_1_2_6_5_XX__120V_
Exeltech__AC2_1_B_6_5_XX__120V_,Exeltech__AC2_1_B_6_5_XX__120V_
Exeltech__AC2_1_C_6_5_XX__120V_,Exeltech__AC2_1_C_6_5_XX__120V_
Exeltech__AC2_1_L_6_5_XX__120V_,Exeltech__AC2_1_L_6_5_XX__120V_
Exeltech__AM24_1_B_6_0_00__120V_,Exeltech__AM24_1_B_6_0_00__120V_
Exeltech__XLGT18A60__120V_,Exeltech__XLGT18A60__120V_
Exeltech__XLGT18A60_01__120V_,Exeltech__XLGT18A60_01__120V_
FSP_Group__FSP600PV_NA_208__208V_,FSP_Group__FSP600PV_NA_208__208V_
FSP_Group__FSP600PV_NA_240__240V_,FSP_Group__FSP600PV_NA_240__240V_
FSP_Group__FSP600PV_NA_277__277V_,FSP_Group__FSP600PV_NA_277__277V_
Flextronics_Industrial__FLV_IA_10_0S1UA,Flextronics_Industrial__FLV_IA_10_0S1UA
Flextronics_Industrial__FLV_IA_6_0S1UA,Flextronics_Industrial__FLV_IA_6_0S1UA
Flextronics_Industrial__FLV_IA_7_0S1UA,Flextronics_Industrial__FLV_IA_7_0S1UA
Flextronics_Industrial__FLV_IA_7_6S1UA,Flextronics_Industrial__FLV_IA_7_6S1UA
Flextronics_Industrial__FLV_IA_8_0S1UA,Flextronics_Industrial__FLV_IA_8_0S1UA
Flextronics_Industrial__FLV_IA_9_0S1UA,Flextronics_Industrial__FLV_IA_9_0S1UA
Friem__RECon_30H_150_US__300V_,Friem__RECon_30H_150_US__300V_
Friem__RECon_30L_100_US,Friem__RECon_30L_100_US
Fronius_International_GmbH__Fronius_Primo_10_0_1_208_240__208V_,Fronius_International_GmbH__Fronius_Primo_10_0_1_208_240__208V_
Fronius_International_GmbH__Fronius_Primo_10_0_1_208_240__240V_,Fronius_International_GmbH__Fronius_Primo_10_0_1_208_240__240V_
Fronius_International_GmbH__Fronius_Primo_11_4_1_208_240__208V_,Fronius_International_GmbH__Fronius_Primo_11_4_1_208_240__208V_
Fronius_International_GmbH__Fronius_Primo_11_4_1_208_240__240V_,Fronius_International_GmbH__Fronius_Primo_11_4_1_208_240__240V_
Fronius_International_GmbH__Fronius_Primo_12_5_1_208_240__208V_,Fronius_International_GmbH__Fronius_Primo_12_5_1_208_240__208V_
Fronius_International_GmbH__Fronius_Primo_12_5_1_208_240__240V_,Fronius_International_GmbH__Fronius_Primo_12_5_1_208_240__240V_
Fronius_International_GmbH__Fronius_Primo_15_0_1_208_240__208V_,Fronius_International_GmbH__Fronius_Primo_15_0_1_208_240__208V_
Fronius_International_GmbH__Fronius_Primo_15_0_1_208_240__240V_,Fronius_International_GmbH__Fronius_Primo_15_0_1_208_240__240V_
Fronius_International_GmbH__Fronius_Primo_3_8_1_208_240__208V_,Fronius_International_GmbH__Fronius_Primo_3_8_1_208_240__208V_
Fronius_International_GmbH__Fronius_Primo_3_8_1_208_240__240V_,Fronius_International_GmbH__Fronius_Primo_3_8_1_208_240__240V_
Fronius_International_GmbH__Fronius_Primo_5_0_1_208_240__208V_,Fronius_International_GmbH__Fronius_Primo_5_0_1_208_240__208V_
Fronius_International_GmbH__Fronius_Primo_5_0_1_208_240__240V_,Fronius_International_GmbH__Fronius_Primo_5_0_1_208_240__240V_
Fronius_International_GmbH__Fronius_Primo_6_0_1_208_240__208V_,Fronius_International_GmbH__Fronius_Primo_6_0_1_208_240__208V_
Fronius_International_GmbH__Fronius_Primo_6_0_1_208_240__240V_,Fronius_International_GmbH__Fronius_Primo_6_0_1_208_240__240V_
Fronius_International_GmbH__Fronius_Primo_7_6_1_208_240__208V_,Fronius_International_GmbH__Fronius_Primo_7_6_1_208_240__208V_
Fronius_International_GmbH__Fronius_Primo_7_6_1_208_240__240V_,Fronius_International_GmbH__Fronius_Primo_7_6_1_208_240__240V_
Fronius_International_GmbH__Fronius_Primo_8_2_1_208_240__208V_,Fronius_International_GmbH__Fronius_Primo_8_2_1_208_240__208V_
Fronius_International_GmbH__Fronius_Primo_8_2_1_208_240__240V_,Fronius_International_GmbH__Fronius_Primo_8_2_1_208_240__240V_
Fronius_International_GmbH__Fronius_Symo_10_0_3_208_240__208V_,Fronius_International_GmbH__Fronius_Symo_10_0_3_208_240__208V_
Fronius_International_GmbH__Fronius_Symo_10_0_3_208_240__240V_,Fronius_International_GmbH__Fronius_Symo_10_0_3_208_240__240V_
Fronius_International_GmbH__Fronius_Symo_10_0_3_480__480V_,Fronius_International_GmbH__Fronius_Symo_10_0_3_480__480V_
Fronius_International_GmbH__Fronius_Symo_12_0_3_208_240__208V_,Fronius_International_GmbH__Fronius_Symo_12_0_3_208_240__208V_
Fronius_International_GmbH__Fronius_Symo_12_0_3_208_240__240V_,Fronius_International_GmbH__Fronius_Symo_12_0_3_208_240__240V_
Fronius_International_GmbH__Fronius_Symo_12_5_3_480__480V_,Fronius_International_GmbH__Fronius_Symo_12_5_3_480__480V_
Fronius_International_GmbH__Fronius_Symo_15_0_3_208__208V_,Fronius_International_GmbH__Fronius_Symo_15_0_3_208__208V_
Fronius_International_GmbH__Fronius_Symo_15_0_3_480__480V_,Fronius_International_GmbH__Fronius_Symo_15_0_3_480__480V_
Fronius_International_GmbH__Fronius_Symo_17_5_3_480__480V_,Fronius_International_GmbH__Fronius_Symo_17_5_3_480__480V_
Fronius_International_GmbH__Fronius_Symo_20_0_3_480__480V_,Fronius_International_GmbH__Fronius_Symo_20_0_3_480__480V_
Fronius_International_GmbH__Fronius_Symo_22_7_3_480__480V_,Fronius_International_GmbH__Fronius_Symo_22_7_3_480__480V_
Fronius_International_GmbH__Fronius_Symo_24_0_3_480__480V_,Fronius_International_GmbH__Fronius_Symo_24_0_3_480__480V_
Fronius_International_GmbH__Fronius_Symo_Advanced_10_0_3_208_240__208V_,Fronius_International_GmbH__Fronius_Symo_Advanced_10_0_3_208_240__208V_
Fronius_International_GmbH__Fronius_Symo_Advanced_10_0_3_208_240__240V_,Fronius_International_GmbH__Fronius_Symo_Advanced_10_0_3_208_240__240V_
Fronius_International_GmbH__Fronius_Symo_Advanced_12_0_3_208_240__208V_,Fronius_International_GmbH__Fronius_Symo_Advanced_12_0_3_208_240__208V_
Fronius_International_GmbH__Fronius_Symo_Advanced_12_0_3_208_240__240V_,Fronius_International_GmbH__Fronius_Symo_Advanced_12_0_3_208_240__240V_
Fronius_International_GmbH__Fronius_Symo_Advanced_15_0_3_480__480V_,Fronius_International_GmbH__Fronius_Symo_Advanced_15_0_3_480__480V_
Fronius_International_GmbH__Fronius_Symo_Advanced_20_0_3_480__480V_,Fronius_International_GmbH__Fronius_Symo_Advanced_20_0_3_480__480V_
Fronius_International_GmbH__Fronius_Symo_Advanced_22_7_3_480__480V_,Fronius_International_GmbH__Fronius_Symo_Advanced_22_7_3_480__480V_
Fronius_International_GmbH__Fronius_Symo_Advanced_24_0_3_480__480V_,Fronius_International_GmbH__Fronius_Symo_Advanced_24_0_3_480__480V_
Fronius_USA__CL_33_3_Delta__208V_,Fronius_USA__CL_33_3_Delta__208V_
Fronius_USA__CL_33_3_Delta__240V_,Fronius_USA__CL_33_3_Delta__240V_
Fronius_USA__CL_36_0_Wye__277V_,Fronius_USA__CL_36_0_Wye__277V_
Fronius_USA__CL_44_4_Delta__208V_,Fronius_USA__CL_44_4_Delta__208V_
Fronius_USA__CL_44_4_Delta__240V_,Fronius_USA__CL_44_4_Delta__240V_
Fronius_USA__CL_48_0_Wye__277V_,Fronius_USA__CL_48_0_Wye__277V_
Fronius_USA__CL_55_5_Delta__208V_,Fronius_USA__CL_55_5_Delta__208V_
Fronius_USA__CL_55_5_Delta__240V_,Fronius_USA__CL_55_5_Delta__240V_
Fronius_USA__CL_60_0_Wye__277V_,Fronius_USA__CL_60_0_Wye__277V_
Fronius_USA__Fronius_Primo_10_0_1__208V_,Fronius_USA__Fronius_Primo_10_0_1__208V_
Fronius_USA__Fronius_Primo_10_0_1__240V_,Fronius_USA__Fronius_Primo_10_0_1__240V_
Fronius_USA__Fronius_Primo_11_4_1__208V_,Fronius_USA__Fronius_Primo_11_4_1__208V_
Fronius_USA__Fronius_Primo_11_4_1__240V_,Fronius_USA__Fronius_Primo_11_4_1__240V_
Fronius_USA__Fronius_Primo_12_5_1__208V_,Fronius_USA__Fronius_Primo_12_5_1__208V_
Fronius_USA__Fronius_Primo_12_5_1__240V_,Fronius_USA__Fronius_Primo_12_5_1__240V_
Fronius_USA__Fronius_Primo_15_0_1__208V_,Fronius_USA__Fronius_Primo_15_0_1__208V_
Fronius_USA__Fronius_Primo_15_0_1__240V_,Fronius_USA__Fronius_Primo_15_0_1__240V_
Fronius_USA__Fronius_Primo_3_8_1_208_240__208V_,Fronius_USA__Fronius_Primo_3_8_1_208_240__208V_
Fronius_USA__Fronius_Primo_3_8_1_208_240__240V_,Fronius_USA__Fronius_Primo_3_8_1_208_240__240V_
Fronius_USA__Fronius_Primo_5_0_1_208_240__208V_,Fronius_USA__Fronius_Primo_5_0_1_208_240__208V_
Fronius_USA__Fronius_Primo_5_0_1_208_240__240V_,Fronius_USA__Fronius_Primo_5_0_1_208_240__240V_
Fronius_USA__Fronius_Primo_6_0_1_208_240__208V_,Fronius_USA__Fronius_Primo_6_0_1_208_240__208V_
Fronius_USA__Fronius_Primo_6_0_1_208_240__240V_,Fronius_USA__Fronius_Primo_6_0_1_208_240__240V_
Fronius_USA__Fronius_Primo_7_6_1_208_240__208V_,Fronius_USA__Fronius_Primo_7_6_1_208_240__208V_
Fronius_USA__Fronius_Primo_7_6_1_208_240__240V_,Fronius_USA__Fronius_Primo_7_6_1_208_240__240V_
Fronius_USA__Fronius_Primo_8_2_1_208_240__208V_,Fronius_USA__Fronius_Primo_8_2_1_208_240__208V_
Fronius_USA__Fronius_Primo_8_2_1_208_240__240V_,Fronius_USA__Fronius_Primo_8_2_1_208_240__240V_
Fronius_USA__Fronius_Symo_10_0_3_208_240__208V_,Fronius_USA__Fronius_Symo_10_0_3_208_240__208V_
Fronius_USA__Fronius_Symo_10_0_3_208_240__240V_,Fronius_USA__Fronius_Symo_10_0_3_208_240__240V_
Fronius_USA__Fronius_Symo_10_0_3_480__480V_,Fronius_USA__Fronius_Symo_10_0_3_480__480V_
Fronius_USA__Fronius_Symo_12_0_3_208_240__208V_,Fronius_USA__Fronius_Symo_12_0_3_208_240__208V_
Fronius_USA__Fronius_Symo_12_0_3_208_240__240V_,Fronius_USA__Fronius_Symo_12_0_3_208_240__240V_
Fronius_USA__Fronius_Symo_12_5_3_480__480V_,Fronius_USA__Fronius_Symo_12_5_3_480__480V_
Fronius_USA__Fronius_Symo_15_0_3_480__480V_,Fronius_USA__Fronius_Symo_15_0_3_480__480V_
Fronius_USA__Fronius_Symo_15_0_3__208V_,Fronius_USA__Fronius_Symo_15_0_3__208V_
Fronius_USA__Fronius_Symo_17_5_3_480__480V_,Fronius_USA__Fronius_Symo_17_5_3_480__480V_
Fronius_USA__Fronius_Symo_20_0_3_480__480V_,Fronius_USA__Fronius_Symo_20_0_3_480__480V_
Fronius_USA__Fronius_Symo_22_7_3_480__480V_,Fronius_USA__Fronius_Symo_22_7_3_480__480V_
Fronius_USA__Fronius_Symo_24_0_3_480__480V_,Fronius_USA__Fronius_Symo_24_0_3_480__480V_
Fronius_USA__Galvo_1_5_1_208_240__208V_,Fronius_USA__Galvo_1_5_1_208_240__208V_
Fronius_USA__Galvo_1_5_1_208_240__240V_,Fronius_USA__Galvo_1_5_1_208_240__240V_
Fronius_USA__Galvo_2_0_1_208_240__208V_,Fronius_USA__Galvo_2_0_1_208_240__208V_
Fronius_USA__Galvo_2_0_1_208_240__240V_,Fronius_USA__Galvo_2_0_1_208_240__240V_
Fronius_USA__Galvo_2_5_1_208_240__208V_,Fronius_USA__Galvo_2_5_1_208_240__208V_
Fronius_USA__Galvo_2_5_1_208_240__240V_,Fronius_USA__Galvo_2_5_1_208_240__240V_
Fronius_USA__Galvo_3_1_1_208_240__208V_,Fronius_USA__Galvo_3_1_1_208_240__208V_
Fronius_USA__Galvo_3_1_1_208_240__240V_,Fronius_USA__Galvo_3_1_1_208_240__240V_
Fronius_USA__IG_2000_NEG,Fronius_USA__IG_2000_NEG
Fronius_USA__IG_2000_POS,Fronius_USA__IG_2000_POS
Fronius_USA__IG_2500_LV_NEG,Fronius_USA__IG_2500_LV_NEG
Fronius_USA__IG_2500_LV_POS,Fronius_USA__IG_2500_LV_POS
Fronius_USA__IG_3000_NEG,Fronius_USA__IG_3000_NEG
Fronius_USA__IG_3000_POS,Fronius_USA__IG_3000_POS
Fronius_USA__IG_4000_NEG,Fronius_USA__IG_4000_NEG
Fronius_USA__IG_4000_POS,Fronius_USA__IG_4000_POS
Fronius_USA__IG_4500_LV_NEG,Fronius_USA__IG_4500_LV_NEG
Fronius_USA__IG_4500_LV_POS,Fronius_USA__IG_4500_LV_POS
Fronius_USA__IG_5100_NEG,Fronius_USA__IG_5100_NEG
Fronius_USA__IG_5100_POS,Fronius_USA__IG_5100_POS
Fronius_USA__IG_Plus_10_0_1_UNI__208V_,Fronius_USA__IG_Plus_10_0_1_UNI__208V_
Fronius_USA__IG_Plus_10_0_1_UNI__240V_,Fronius_USA__IG_Plus_10_0_1_UNI__240V_
Fronius_USA__IG_Plus_10_0_1_UNI__277V_,Fronius_USA__IG_Plus_10_0_1_UNI__277V_
Fronius_USA__IG_Plus_11_4_1_UNI__208V_,Fronius_USA__IG_Plus_11_4_1_UNI__208V_
Fronius_USA__IG_Plus_11_4_1_UNI__240V_,Fronius_USA__IG_Plus_11_4_1_UNI__240V_
Fronius_USA__IG_Plus_11_4_1_UNI__277V_,Fronius_USA__IG_Plus_11_4_1_UNI__277V_
Fronius_USA__IG_Plus_11_4_3_Delta__208V_,Fronius_USA__IG_Plus_11_4_3_Delta__208V_
Fronius_USA__IG_Plus_11_4_3_Delta__240V_,Fronius_USA__IG_Plus_11_4_3_Delta__240V_
Fronius_USA__IG_Plus_12_0_3_WYE__277V_,Fronius_USA__IG_Plus_12_0_3_WYE__277V_
Fronius_USA__IG_Plus_3_0_1_UNI__208V_,Fronius_USA__IG_Plus_3_0_1_UNI__208V_
Fronius_USA__IG_Plus_3_0_1_UNI__240V_,Fronius_USA__IG_Plus_3_0_1_UNI__240V_
Fronius_USA__IG_Plus_3_0_1_UNI__277V_,Fronius_USA__IG_Plus_3_0_1_UNI__277V_
Fronius_USA__IG_Plus_3_8_1_UNI__208V_,Fronius_USA__IG_Plus_3_8_1_UNI__208V_
Fronius_USA__IG_Plus_3_8_1_UNI__240V_,Fronius_USA__IG_Plus_3_8_1_UNI__240V_
Fronius_USA__IG_Plus_3_8_1_UNI__277V_,Fronius_USA__IG_Plus_3_8_1_UNI__277V_
Fronius_USA__IG_Plus_5_0_1_UNI__208V_,Fronius_USA__IG_Plus_5_0_1_UNI__208V_
Fronius_USA__IG_Plus_5_0_1_UNI__240V_,Fronius_USA__IG_Plus_5_0_1_UNI__240V_
Fronius_USA__IG_Plus_5_0_1_UNI__277V_,Fronius_USA__IG_Plus_5_0_1_UNI__277V_
Fronius_USA__IG_Plus_6_0_1_UNI__208V_,Fronius_USA__IG_Plus_6_0_1_UNI__208V_
Fronius_USA__IG_Plus_6_0_1_UNI__240V_,Fronius_USA__IG_Plus_6_0_1_UNI__240V_
Fronius_USA__IG_Plus_6_0_1_UNI__277V_,Fronius_USA__IG_Plus_6_0_1_UNI__277V_
Fronius_USA__IG_Plus_7_5_1_UNI__208V_,Fronius_USA__IG_Plus_7_5_1_UNI__208V_
Fronius_USA__IG_Plus_7_5_1_UNI__240V_,Fronius_USA__IG_Plus_7_5_1_UNI__240V_
Fronius_USA__IG_Plus_7_5_1_UNI__277V_,Fronius_USA__IG_Plus_7_5_1_UNI__277V_
Fronius_USA__IG_Plus_A_10_0__208V_,Fronius_USA__IG_Plus_A_10_0__208V_
Fronius_USA__IG_Plus_A_10_0__240V_,Fronius_USA__IG_Plus_A_10_0__240V_
Fronius_USA__IG_Plus_A_10_0__277V_,Fronius_USA__IG_Plus_A_10_0__277V_
Fronius_USA__IG_Plus_A_10_0_3_Delta__208V_,Fronius_USA__IG_Plus_A_10_0_3_Delta__208V_
Fronius_USA__IG_Plus_A_10_0_3_Delta__240V_,Fronius_USA__IG_Plus_A_10_0_3_Delta__240V_
Fronius_USA__IG_Plus_A_11_4__208V_,Fronius_USA__IG_Plus_A_11_4__208V_
Fronius_USA__IG_Plus_A_11_4__240V_,Fronius_USA__IG_Plus_A_11_4__240V_
Fronius_USA__IG_Plus_A_11_4__277V_,Fronius_USA__IG_Plus_A_11_4__277V_
Fronius_USA__IG_Plus_A_11_4_3_Delta__208V_,Fronius_USA__IG_Plus_A_11_4_3_Delta__208V_
Fronius_USA__IG_Plus_A_11_4_3_Delta__240V_,Fronius_USA__IG_Plus_A_11_4_3_Delta__240V_
Fronius_USA__IG_Plus_A_12_0_3_WYE__277V_,Fronius_USA__IG_Plus_A_12_0_3_WYE__277V_
Fronius_USA__IG_Plus_A_3_0__208V_,Fronius_USA__IG_Plus_A_3_0__208V_
Fronius_USA__IG_Plus_A_3_0__240V_,Fronius_USA__IG_Plus_A_3_0__240V_
Fronius_USA__IG_Plus_A_3_0__277V_,Fronius_USA__IG_Plus_A_3_0__277V_
Fronius_USA__IG_Plus_A_3_8__208V_,Fronius_USA__IG_Plus_A_3_8__208V_
Fronius_USA__IG_Plus_A_3_8__240V_,Fronius_USA__IG_Plus_A_3_8__240V_
Fronius_USA__IG_Plus_A_3_8__277V_,Fronius_USA__IG_Plus_A_3_8__277V_
Fronius_USA__IG_Plus_A_5_0__208V_,Fronius_USA__IG_Plus_A_5_0__208V_
Fronius_USA__IG_Plus_A_5_0__240V_,Fronius_USA__IG_Plus_A_5_0__240V_
Fronius_USA__IG_Plus_A_5_0__277V_,Fronius_USA__IG_Plus_A_5_0__277V_
Fronius_USA__IG_Plus_A_6_0__208V_,Fronius_USA__IG_Plus_A_6_0__208V_
Fronius_USA__IG_Plus_A_6_0__240V_,Fronius_USA__IG_Plus_A_6_0__240V_
Fronius_USA__IG_Plus_A_6_0__277V_,Fronius_USA__IG_Plus_A_6_0__277V_
Fronius_USA__IG_Plus_A_7_5__208V_,Fronius_USA__IG_Plus_A_7_5__208V_
Fronius_USA__IG_Plus_A_7_5__240V_,Fronius_USA__IG_Plus_A_7_5__240V_
Fronius_USA__IG_Plus_A_7_5__277V_,Fronius_USA__IG_Plus_A_7_5__277V_
Fronius_USA__IG_Plus_V_10_0__208V_,Fronius_USA__IG_Plus_V_10_0__208V_
Fronius_USA__IG_Plus_V_10_0__240V_,Fronius_USA__IG_Plus_V_10_0__240V_
Fronius_USA__IG_Plus_V_10_0__277V_,Fronius_USA__IG_Plus_V_10_0__277V_
Fronius_USA__IG_Plus_V_10_0_3_Delta__208V_,Fronius_USA__IG_Plus_V_10_0_3_Delta__208V_
Fronius_USA__IG_Plus_V_10_0_3_Delta__240V_,Fronius_USA__IG_Plus_V_10_0_3_Delta__240V_
Fronius_USA__IG_Plus_V_11_4__208V_,Fronius_USA__IG_Plus_V_11_4__208V_
Fronius_USA__IG_Plus_V_11_4__240V_,Fronius_USA__IG_Plus_V_11_4__240V_
Fronius_USA__IG_Plus_V_11_4__277V_,Fronius_USA__IG_Plus_V_11_4__277V_
Fronius_USA__IG_Plus_V_11_4_3_Delta__208V_,Fronius_USA__IG_Plus_V_11_4_3_Delta__208V_
Fronius_USA__IG_Plus_V_11_4_3_Delta__240V_,Fronius_USA__IG_Plus_V_11_4_3_Delta__240V_
Fronius_USA__IG_Plus_V_12_0_3_WYE__277V_,Fronius_USA__IG_Plus_V_12_0_3_WYE__277V_
Fronius_USA__IG_Plus_V_3_0__208V_,Fronius_USA__IG_Plus_V_3_0__208V_
Fronius_USA__IG_Plus_V_3_0__240V_,Fronius_USA__IG_Plus_V_3_0__240V_
Fronius_USA__IG_Plus_V_3_0__277V_,Fronius_USA__IG_Plus_V_3_0__277V_
Fronius_USA__IG_Plus_V_3_8__208V_,Fronius_USA__IG_Plus_V_3_8__208V_
Fronius_USA__IG_Plus_V_3_8__240V_,Fronius_USA__IG_Plus_V_3_8__240V_
Fronius_USA__IG_Plus_V_3_8__277V_,Fronius_USA__IG_Plus_V_3_8__277V_
Fronius_USA__IG_Plus_V_5_0__208V_,Fronius_USA__IG_Plus_V_5_0__208V_
Fronius_USA__IG_Plus_V_5_0__240V_,Fronius_USA__IG_Plus_V_5_0__240V_
Fronius_USA__IG_Plus_V_5_0__277V_,Fronius_USA__IG_Plus_V_5_0__277V_
Fronius_USA__IG_Plus_V_6_0__208V_,Fronius_USA__IG_Plus_V_6_0__208V_
Fronius_USA__IG_Plus_V_6_0__240V_,Fronius_USA__IG_Plus_V_6_0__240V_
Fronius_USA__IG_Plus_V_6_0__277V_,Fronius_USA__IG_Plus_V_6_0__277V_
Fronius_USA__IG_Plus_V_7_5__208V_,Fronius_USA__IG_Plus_V_7_5__208V_
Fronius_USA__IG_Plus_V_7_5__240V_,Fronius_USA__IG_Plus_V_7_5__240V_
Fronius_USA__IG_Plus_V_7_5__277V_,Fronius_USA__IG_Plus_V_7_5__277V_
GAF__RIAC_1000__208V_,GAF__RIAC_1000__208V_
GAF__RIAC_1000__240V_,GAF__RIAC_1000__240V_
GE_Energy__GEPVb_2500_NA_240__240V_,GE_Energy__GEPVb_2500_NA_240__240V_
GE_Energy__GEPVb_2800_NA_240_208_02__208V_,GE_Energy__GEPVb_2800_NA_240_208_02__208V_
GE_Energy__GEPVb_2800_NA_240_208_02__240V_,GE_Energy__GEPVb_2800_NA_240_208_02__240V_
GE_Energy__GEPVb_3000_NA_240__240V_,GE_Energy__GEPVb_3000_NA_240__240V_
GE_Energy__GEPVb_3300_NA_208__208V_,GE_Energy__GEPVb_3300_NA_208__208V_
GE_Energy__GEPVb_3300_NA_240__240V_,GE_Energy__GEPVb_3300_NA_240__240V_
GE_Energy__GEPVb_3300_NA_240_208_02__208V_,GE_Energy__GEPVb_3300_NA_240_208_02__208V_
GE_Energy__GEPVb_3300_NA_240_208_02__240V_,GE_Energy__GEPVb_3300_NA_240_208_02__240V_
GE_Energy__GEPVb_3800_NA_240__240V_,GE_Energy__GEPVb_3800_NA_240__240V_
GE_Energy__GEPVb_4000_NA_240_208_02__208V_,GE_Energy__GEPVb_4000_NA_240_208_02__208V_
GE_Energy__GEPVb_4000_NA_240_208_02__240V_,GE_Energy__GEPVb_4000_NA_240_208_02__240V_
GE_Energy__GEPVb_5000_NA_240_01__240V_,GE_Energy__GEPVb_5000_NA_240_01__240V_
GE_Energy__GEPVb_5000_NA_240_208_02__208V_,GE_Energy__GEPVb_5000_NA_240_208_02__208V_
GE_Energy__GEPVb_5000_NA_240_208_02__240V_,GE_Energy__GEPVb_5000_NA_240_208_02__240V_
GE_Energy__GEPVe_1100_NA_120__120V_,GE_Energy__GEPVe_1100_NA_120__120V_
GE_Energy__GEPVe_2000_NA_240__240V_,GE_Energy__GEPVe_2000_NA_240__240V_
GE_Energy__GEPVe_2500_NA_240__240V_,GE_Energy__GEPVe_2500_NA_240__240V_
GE_Energy__GEPVe_2800_NA_208__208V_,GE_Energy__GEPVe_2800_NA_208__208V_
GE_Energy__GEPVe_3000_NA_240__240V_,GE_Energy__GEPVe_3000_NA_240__240V_
GE_Energy__GEPVe_3500_NA_240__240V_,GE_Energy__GEPVe_3500_NA_240__240V_
GE_Energy__GEPVe_4600_NA_208__208V_,GE_Energy__GEPVe_4600_NA_208__208V_
GE_Energy__GEPVe_4800_NA_240__240V_,GE_Energy__GEPVe_4800_NA_240__240V_
GE_Energy__GEPVe_5200_NA_240__240V_,GE_Energy__GEPVe_5200_NA_240__240V_
Gefran__APV_1700_2M_TL_US__208V_,Gefran__APV_1700_2M_TL_US__208V_
Gefran__APV_1700_2M_TL_US__240V_,Gefran__APV_1700_2M_TL_US__240V_
Gefran__APV_1700_2M_TL_US__277V_,Gefran__APV_1700_2M_TL_US__277V_
Gefran__APV_2300_2M_TL_US__208V_,Gefran__APV_2300_2M_TL_US__208V_
Gefran__APV_2300_2M_TL_US__240V_,Gefran__APV_2300_2M_TL_US__240V_
Gefran__APV_2300_2M_TL_US__277V_,Gefran__APV_2300_2M_TL_US__277V_
Gefran__APV_3100_2M_TL_US__208V_,Gefran__APV_3100_2M_TL_US__208V_
Gefran__APV_3100_2M_TL_US__240V_,Gefran__APV_3100_2M_TL_US__240V_
Gefran__APV_3100_2M_TL_US__277V_,Gefran__APV_3100_2M_TL_US__277V_
Gefran__APV_3800_2M_TL_US__208V_,Gefran__APV_3800_2M_TL_US__208V_
Gefran__APV_3800_2M_TL_US__240V_,Gefran__APV_3800_2M_TL_US__240V_
Gefran__APV_3800_2M_TL_US__277V_,Gefran__APV_3800_2M_TL_US__277V_
Gefran__APV_4400_2M_TL_US__208V_,Gefran__APV_4400_2M_TL_US__208V_
Gefran__APV_4400_2M_TL_US__240V_,Gefran__APV_4400_2M_TL_US__240V_
Gefran__APV_4400_2M_TL_US__277V_,Gefran__APV_4400_2M_TL_US__277V_
Gefran__APV_5200_2M_TL_US__208V_,Gefran__APV_5200_2M_TL_US__208V_
Gefran__APV_5200_2M_TL_US__240V_,Gefran__APV_5200_2M_TL_US__240V_
Gefran__APV_5200_2M_TL_US__277V_,Gefran__APV_5200_2M_TL_US__277V_
General_Electric__PVIA2000NA1240__240V_,General_Electric__PVIA2000NA1240__240V_
General_Electric__PVIA3000NA1240__240V_,General_Electric__PVIA3000NA1240__240V_
General_Electric__PVIA4000NA1240__240V_,General_Electric__PVIA4000NA1240__240V_
General_Electric__PVIA5000NA1240__240V_,General_Electric__PVIA5000NA1240__240V_
Geoprotek_Technology__GS_1000__208V_,Geoprotek_Technology__GS_1000__208V_
Geoprotek_Technology__GS_1000__240V_,Geoprotek_Technology__GS_1000__240V_
Geoprotek_Technology__GS_1500__208V_,Geoprotek_Technology__GS_1500__208V_
Geoprotek_Technology__GS_1500__240V_,Geoprotek_Technology__GS_1500__240V_
Geoprotek_Technology__GS_2000__208V_,Geoprotek_Technology__GS_2000__208V_
Geoprotek_Technology__GS_2000__240V_,Geoprotek_Technology__GS_2000__240V_
Geoprotek_Technology__GS_3000__208V_,Geoprotek_Technology__GS_3000__208V_
Geoprotek_Technology__GS_3000__240V_,Geoprotek_Technology__GS_3000__240V_
Green_Power_Technologies__1140WD3_HV560__560V_,Green_Power_Technologies__1140WD3_HV560__560V_
Green_Power_Technologies__1170WD3_LV500__500V_,Green_Power_Technologies__1170WD3_LV500__500V_
Green_Power_Technologies__1260WD3_HV620__620V_,Green_Power_Technologies__1260WD3_HV620__620V_
Green_Power_Technologies__1400WD3_HV690__690V_,Green_Power_Technologies__1400WD3_HV690__690V_
Green_Power_Technologies__940WD3_LV400__400V_,Green_Power_Technologies__940WD3_LV400__400V_
Green_Power_Technologies__PV500U___MVT,Green_Power_Technologies__PV500U___MVT
Green_Power_Technologies__PV500WD,Green_Power_Technologies__PV500WD
Green_Power_Technologies__PV630WD,Green_Power_Technologies__PV630WD
Green_Power_Technologies__PV750WD,Green_Power_Technologies__PV750WD
Green_Power_Technologies__PV900WD,Green_Power_Technologies__PV900WD
GreenVolts__GV_SCP001__480V_,GreenVolts__GV_SCP001__480V_
GridPoint__Connect_C36,GridPoint__Connect_C36
HYOSUNG__HS_P1000GLO_U,HYOSUNG__HS_P1000GLO_U
Hansol_Technics__HSPV_A250,Hansol_Technics__HSPV_A250
Heart_Transverter__HT2000,Heart_Transverter__HT2000
Helios_USA__6TA__120V_,Helios_USA__6TA__120V_
HiQ_Solar__Mini3500_US,HiQ_Solar__Mini3500_US
HiQ_Solar__TS208_5k75__208V_,HiQ_Solar__TS208_5k75__208V_
HiQ_Solar__TS480_8k__480V_,HiQ_Solar__TS480_8k__480V_
HiQ_Solar__TSXL480_10k__480V_,HiQ_Solar__TSXL480_10k__480V_
HiSEL_Power__HiSEL_K_1500__208V_,HiSEL_Power__HiSEL_K_1500__208V_
HiSEL_Power__HiSEL_K_1500__240V_,HiSEL_Power__HiSEL_K_1500__240V_
HiSEL_Power__HiSEL_K_2000__208V_,HiSEL_Power__HiSEL_K_2000__208V_
HiSEL_Power__HiSEL_K_2000__240V_,HiSEL_Power__HiSEL_K_2000__240V_
HiSEL_Power__HiSEL_K_3000__208V_,HiSEL_Power__HiSEL_K_3000__208V_
HiSEL_Power__HiSEL_K_3000__240V_,HiSEL_Power__HiSEL_K_3000__240V_
HiSEL_Power__HiSEL_K_4000__208V_,HiSEL_Power__HiSEL_K_4000__208V_
HiSEL_Power__HiSEL_K_4000__240V_,HiSEL_Power__HiSEL_K_4000__240V_
HiSEL_Power__HiSEL_K_5000__208V_,HiSEL_Power__HiSEL_K_5000__208V_
HiSEL_Power__HiSEL_K_5000__240V_,HiSEL_Power__HiSEL_K_5000__240V_
Home_Director__HD_SUN_INV1100_EVR__120V_,Home_Director__HD_SUN_INV1100_EVR__120V_
Home_Director__HD_SUN_INV2000_EVR__240V_,Home_Director__HD_SUN_INV2000_EVR__240V_
Home_Director__HD_SUN_INV2500__240V_,Home_Director__HD_SUN_INV2500__240V_
Home_Director__HD_SUN_INV3000__240V_,Home_Director__HD_SUN_INV3000__240V_
Home_Director__HD_SUN_INV3500__240V_,Home_Director__HD_SUN_INV3500__240V_
Home_Director__HD_SUN_INV4600__208V_,Home_Director__HD_SUN_INV4600__208V_
Home_Director__HD_SUN_INV4800__240V_,Home_Director__HD_SUN_INV4800__240V_
Home_Director__HD_SUN_INV5200__240V_,Home_Director__HD_SUN_INV5200__240V_
Hoymiles_Converter_Technology_Co___Ltd___MI_1200__240V_,Hoymiles_Converter_Technology_Co___Ltd___MI_1200__240V_
Hoymiles_Converter_Technology_Co___Ltd___MI_1200T__240V_,Hoymiles_Converter_Technology_Co___Ltd___MI_1200T__240V_
Hoymiles_Converter_Technology__MI_250__240V_,Hoymiles_Converter_Technology__MI_250__240V_
Huawei_Technologies_Co___Ltd___SUN2000_100KTL_USH0__800V_,Huawei_Technologies_Co___Ltd___SUN2000_100KTL_USH0__800V_
Huawei_Technologies_Co___Ltd___SUN2000_10KTL_USL0__240V_,Huawei_Technologies_Co___Ltd___SUN2000_10KTL_USL0__240V_
Huawei_Technologies_Co___Ltd___SUN2000_11_4KTL_USL0__240V_,Huawei_Technologies_Co___Ltd___SUN2000_11_4KTL_USL0__240V_
Huawei_Technologies_Co___Ltd___SUN2000_22KTL_US,Huawei_Technologies_Co___Ltd___SUN2000_22KTL_US
Huawei_Technologies_Co___Ltd___SUN2000_25KTL_US,Huawei_Technologies_Co___Ltd___SUN2000_25KTL_US
Huawei_Technologies_Co___Ltd___SUN2000_3_8KTL_USL0__240V_,Huawei_Technologies_Co___Ltd___SUN2000_3_8KTL_USL0__240V_
Huawei_Technologies_Co___Ltd___SUN2000_30KTL_US,Huawei_Technologies_Co___Ltd___SUN2000_30KTL_US
Huawei_Technologies_Co___Ltd___SUN2000_33KTL_US,Huawei_Technologies_Co___Ltd___SUN2000_33KTL_US
Huawei_Technologies_Co___Ltd___SUN2000_33KTL_US__480V_,Huawei_Technologies_Co___Ltd___SUN2000_33KTL_US__480V_
Huawei_Technologies_Co___Ltd___SUN2000_36KTL_US,Huawei_Technologies_Co___Ltd___SUN2000_36KTL_US
Huawei_Technologies_Co___Ltd___SUN2000_36KTL_US__480V_,Huawei_Technologies_Co___Ltd___SUN2000_36KTL_US__480V_
Huawei_Technologies_Co___Ltd___SUN2000_40KTL_US,Huawei_Technologies_Co___Ltd___SUN2000_40KTL_US
Huawei_Technologies_Co___Ltd___SUN2000_40KTL_US__480V_,Huawei_Technologies_Co___Ltd___SUN2000_40KTL_US__480V_
Huawei_Technologies_Co___Ltd___SUN2000_5KTL_USL0__240V_,Huawei_Technologies_Co___Ltd___SUN2000_5KTL_USL0__240V_
Huawei_Technologies_Co___Ltd___SUN2000_7_6KTL_USL0__240V_,Huawei_Technologies_Co___Ltd___SUN2000_7_6KTL_USL0__240V_
Huawei_Technologies_Co___Ltd___SUN2000_9KTL_USL0__240V_,Huawei_Technologies_Co___Ltd___SUN2000_9KTL_USL0__240V_
INGETEAM_POWER_TECHNOLOGY_S_A___INGECON_SUN_10TL_U__277V_,INGETEAM_POWER_TECHNOLOGY_S_A___INGECON_SUN_10TL_U__277V_
INGETEAM_POWER_TECHNOLOGY_S_A___INGECON_SUN_125_TL_U_208_Outdoor__208V_,INGETEAM_POWER_TECHNOLOGY_S_A___INGECON_SUN_125_TL_U_208_Outdoor__208V_
INGETEAM_POWER_TECHNOLOGY_S_A___INGECON_SUN_125_U_208_Outdoor__208V_,INGETEAM_POWER_TECHNOLOGY_S_A___INGECON_SUN_125_U_208_Outdoor__208V_
INGETEAM_POWER_TECHNOLOGY_S_A___INGECON_SUN_125_U_480_Outdoor__480V_,INGETEAM_POWER_TECHNOLOGY_S_A___INGECON_SUN_125_U_480_Outdoor__480V_
INGETEAM_POWER_TECHNOLOGY_S_A___INGECON_SUN_165_TL_U_275_Outdoor__275V_,INGETEAM_POWER_TECHNOLOGY_S_A___INGECON_SUN_165_TL_U_275_Outdoor__275V_
INGETEAM_POWER_TECHNOLOGY_S_A___INGECON_SUN_200_TL_U_330_Outdoor__330V_,INGETEAM_POWER_TECHNOLOGY_S_A___INGECON_SUN_200_TL_U_330_Outdoor__330V_
INGETEAM_POWER_TECHNOLOGY_S_A___INGECON_SUN_220_TL_U_360_Outdoor__360V_,INGETEAM_POWER_TECHNOLOGY_S_A___INGECON_SUN_220_TL_U_360_Outdoor__360V_
INGETEAM_POWER_TECHNOLOGY_S_A___INGECON_SUN_3_6TL_U_208V__208V_,INGETEAM_POWER_TECHNOLOGY_S_A___INGECON_SUN_3_6TL_U_208V__208V_
INGETEAM_POWER_TECHNOLOGY_S_A___INGECON_SUN_3_6TL_U_240V__240V_,INGETEAM_POWER_TECHNOLOGY_S_A___INGECON_SUN_3_6TL_U_240V__240V_
INGETEAM_POWER_TECHNOLOGY_S_A___INGECON_SUN_3_6TL_U_277__277V_,INGETEAM_POWER_TECHNOLOGY_S_A___INGECON_SUN_3_6TL_U_277__277V_
INGETEAM_POWER_TECHNOLOGY_S_A___INGECON_SUN_375TL_X208_Indoor__208V_,INGETEAM_POWER_TECHNOLOGY_S_A___INGECON_SUN_375TL_X208_Indoor__208V_
INGETEAM_POWER_TECHNOLOGY_S_A___INGECON_SUN_375TL_X208_Outdoor__208V_,INGETEAM_POWER_TECHNOLOGY_S_A___INGECON_SUN_375TL_X208_Outdoor__208V_
INGETEAM_POWER_TECHNOLOGY_S_A___INGECON_SUN_500T_U_X480_Indoor__208V_,INGETEAM_POWER_TECHNOLOGY_S_A___INGECON_SUN_500T_U_X480_Indoor__208V_
INGETEAM_POWER_TECHNOLOGY_S_A___INGECON_SUN_500T_U_X480_Outdoor__208V_,INGETEAM_POWER_TECHNOLOGY_S_A___INGECON_SUN_500T_U_X480_Outdoor__208V_
INGETEAM_POWER_TECHNOLOGY_S_A___INGECON_SUN_500TL_U_X208_Indoor__208V_,INGETEAM_POWER_TECHNOLOGY_S_A___INGECON_SUN_500TL_U_X208_Indoor__208V_
INGETEAM_POWER_TECHNOLOGY_S_A___INGECON_SUN_500TL_U_X208_Outdoor__208V_,INGETEAM_POWER_TECHNOLOGY_S_A___INGECON_SUN_500TL_U_X208_Outdoor__208V_
INGETEAM_POWER_TECHNOLOGY_S_A___INGECON_SUN_500TL_U_X275_Indoor__275V_,INGETEAM_POWER_TECHNOLOGY_S_A___INGECON_SUN_500TL_U_X275_Indoor__275V_
INGETEAM_POWER_TECHNOLOGY_S_A___INGECON_SUN_600TL_U_X330_Indoor__330V_,INGETEAM_POWER_TECHNOLOGY_S_A___INGECON_SUN_600TL_U_X330_Indoor__330V_
INGETEAM_POWER_TECHNOLOGY_S_A___INGECON_SUN_600TL_U_X330_Outdoor__330V_,INGETEAM_POWER_TECHNOLOGY_S_A___INGECON_SUN_600TL_U_X330_Outdoor__330V_
INGETEAM_POWER_TECHNOLOGY_S_A___INGECON_SUN_600TL_X330_Outdoor__330V_,INGETEAM_POWER_TECHNOLOGY_S_A___INGECON_SUN_600TL_X330_Outdoor__330V_
INGETEAM_POWER_TECHNOLOGY_S_A___INGECON_SUN_660TL_U_X275_Indoor__275V_,INGETEAM_POWER_TECHNOLOGY_S_A___INGECON_SUN_660TL_U_X275_Indoor__275V_
INGETEAM_POWER_TECHNOLOGY_S_A___INGECON_SUN_660TL_U_X275_Outdoor__275V_,INGETEAM_POWER_TECHNOLOGY_S_A___INGECON_SUN_660TL_U_X275_Outdoor__275V_
INGETEAM_POWER_TECHNOLOGY_S_A___INGECON_SUN_660TL_X360_Indoor__360V_,INGETEAM_POWER_TECHNOLOGY_S_A___INGECON_SUN_660TL_X360_Indoor__360V_
INGETEAM_POWER_TECHNOLOGY_S_A___INGECON_SUN_660TL_X360_Outdoor__360V_,INGETEAM_POWER_TECHNOLOGY_S_A___INGECON_SUN_660TL_X360_Outdoor__360V_
INGETEAM_POWER_TECHNOLOGY_S_A___INGECON_SUN_6TL_U_240__240V_,INGETEAM_POWER_TECHNOLOGY_S_A___INGECON_SUN_6TL_U_240__240V_
INGETEAM_POWER_TECHNOLOGY_S_A___INGECON_SUN_6TL_U_277V__277V_,INGETEAM_POWER_TECHNOLOGY_S_A___INGECON_SUN_6TL_U_277V__277V_
INGETEAM_POWER_TECHNOLOGY_S_A___INGECON_SUN_7_5TL_U_208__208V_,INGETEAM_POWER_TECHNOLOGY_S_A___INGECON_SUN_7_5TL_U_208__208V_
INGETEAM_POWER_TECHNOLOGY_S_A___INGECON_SUN_7_5TL_U_240__240V_,INGETEAM_POWER_TECHNOLOGY_S_A___INGECON_SUN_7_5TL_U_240__240V_
INGETEAM_POWER_TECHNOLOGY_S_A___INGECON_SUN_7_5TL_U_277__277V_,INGETEAM_POWER_TECHNOLOGY_S_A___INGECON_SUN_7_5TL_U_277__277V_
INGETEAM_POWER_TECHNOLOGY_S_A___INGECON_SUN_8_6TL_U_240__240V_,INGETEAM_POWER_TECHNOLOGY_S_A___INGECON_SUN_8_6TL_U_240__240V_
INGETEAM_POWER_TECHNOLOGY_S_A___INGECON_SUN_8_6TL_U_277__277V_,INGETEAM_POWER_TECHNOLOGY_S_A___INGECON_SUN_8_6TL_U_277__277V_
INGETEAM_POWER_TECHNOLOGY_S_A___INGECON_SUN_800TL_U_X330_Indoor__330V_,INGETEAM_POWER_TECHNOLOGY_S_A___INGECON_SUN_800TL_U_X330_Indoor__330V_
INGETEAM_POWER_TECHNOLOGY_S_A___INGECON_SUN_800TL_U_X330_Outdoor__330V_,INGETEAM_POWER_TECHNOLOGY_S_A___INGECON_SUN_800TL_U_X330_Outdoor__330V_
INGETEAM_POWER_TECHNOLOGY_S_A___INGECON_SUN_880TL_X360_Indoor__360V_,INGETEAM_POWER_TECHNOLOGY_S_A___INGECON_SUN_880TL_X360_Indoor__360V_
INGETEAM_POWER_TECHNOLOGY_S_A___INGECON_SUN_880TL_X360_Outdoor__360V_,INGETEAM_POWER_TECHNOLOGY_S_A___INGECON_SUN_880TL_X360_Outdoor__360V_
INGETEAM_POWER_TECHNOLOGY_S_A___Ingecon_Sun_1000TL_U_B360_Indoor__360V_,INGETEAM_POWER_TECHNOLOGY_S_A___Ingecon_Sun_1000TL_U_B360_Indoor__360V_
INGETEAM_POWER_TECHNOLOGY_S_A___Ingecon_Sun_1000TL_U_B360_Outdoor__360V_,INGETEAM_POWER_TECHNOLOGY_S_A___Ingecon_Sun_1000TL_U_B360_Outdoor__360V_
INGETEAM_POWER_TECHNOLOGY_S_A___Ingecon_Sun_100U__208V_,INGETEAM_POWER_TECHNOLOGY_S_A___Ingecon_Sun_100U__208V_
INGETEAM_POWER_TECHNOLOGY_S_A___Ingecon_Sun_100U__240V_,INGETEAM_POWER_TECHNOLOGY_S_A___Ingecon_Sun_100U__240V_
INGETEAM_POWER_TECHNOLOGY_S_A___Ingecon_Sun_100UP__208V_,INGETEAM_POWER_TECHNOLOGY_S_A___Ingecon_Sun_100UP__208V_
INGETEAM_POWER_TECHNOLOGY_S_A___Ingecon_Sun_100UP__480V_,INGETEAM_POWER_TECHNOLOGY_S_A___Ingecon_Sun_100UP__480V_
INGETEAM_POWER_TECHNOLOGY_S_A___Ingecon_Sun_1110TL_U_B400_Indoor__400V_,INGETEAM_POWER_TECHNOLOGY_S_A___Ingecon_Sun_1110TL_U_B400_Indoor__400V_
INGETEAM_POWER_TECHNOLOGY_S_A___Ingecon_Sun_1110TL_U_B400_Outdoor__400V_,INGETEAM_POWER_TECHNOLOGY_S_A___Ingecon_Sun_1110TL_U_B400_Outdoor__400V_
INGETEAM_POWER_TECHNOLOGY_S_A___Ingecon_Sun_1165TL_U_B420_Indoor__420V_,INGETEAM_POWER_TECHNOLOGY_S_A___Ingecon_Sun_1165TL_U_B420_Indoor__420V_
INGETEAM_POWER_TECHNOLOGY_S_A___Ingecon_Sun_1165TL_U_B420_Outdoor__420V_,INGETEAM_POWER_TECHNOLOGY_S_A___Ingecon_Sun_1165TL_U_B420_Outdoor__420V_
INGETEAM_POWER_TECHNOLOGY_S_A___Ingecon_Sun_1170TL_U_B450_Indoor__450V_,INGETEAM_POWER_TECHNOLOGY_S_A___Ingecon_Sun_1170TL_U_B450_Indoor__450V_
INGETEAM_POWER_TECHNOLOGY_S_A___Ingecon_Sun_1170TL_U_B450_Outdoor__450V_,INGETEAM_POWER_TECHNOLOGY_S_A___Ingecon_Sun_1170TL_U_B450_Outdoor__450V_
INGETEAM_POWER_TECHNOLOGY_S_A___Ingecon_Sun_1400TL_U_B540_Indoor__450V_,INGETEAM_POWER_TECHNOLOGY_S_A___Ingecon_Sun_1400TL_U_B540_Indoor__450V_
INGETEAM_POWER_TECHNOLOGY_S_A___Ingecon_Sun_1400TL_U_B540_Outdoor__450V_,INGETEAM_POWER_TECHNOLOGY_S_A___Ingecon_Sun_1400TL_U_B540_Outdoor__450V_
INGETEAM_POWER_TECHNOLOGY_S_A___Ingecon_Sun_1500TL_U_B578_Indoor__450V_,INGETEAM_POWER_TECHNOLOGY_S_A___Ingecon_Sun_1500TL_U_B578_Indoor__450V_
INGETEAM_POWER_TECHNOLOGY_S_A___Ingecon_Sun_1500TL_U_B578_Outdoor__450V_,INGETEAM_POWER_TECHNOLOGY_S_A___Ingecon_Sun_1500TL_U_B578_Outdoor__450V_
INGETEAM_POWER_TECHNOLOGY_S_A___Ingecon_Sun_1560TL_U_B600_Indoor__450V_,INGETEAM_POWER_TECHNOLOGY_S_A___Ingecon_Sun_1560TL_U_B600_Indoor__450V_
INGETEAM_POWER_TECHNOLOGY_S_A___Ingecon_Sun_1560TL_U_B600_Outdoor__450V_,INGETEAM_POWER_TECHNOLOGY_S_A___Ingecon_Sun_1560TL_U_B600_Outdoor__450V_
INGETEAM_POWER_TECHNOLOGY_S_A___Ingecon_Sun_15U__208V_,INGETEAM_POWER_TECHNOLOGY_S_A___Ingecon_Sun_15U__208V_
INGETEAM_POWER_TECHNOLOGY_S_A___Ingecon_Sun_15U__480V_,INGETEAM_POWER_TECHNOLOGY_S_A___Ingecon_Sun_15U__480V_
INGETEAM_POWER_TECHNOLOGY_S_A___Ingecon_Sun_1600TL_U_B615_Indoor__450V_,INGETEAM_POWER_TECHNOLOGY_S_A___Ingecon_Sun_1600TL_U_B615_Indoor__450V_
INGETEAM_POWER_TECHNOLOGY_S_A___Ingecon_Sun_1600TL_U_B615_Outdoor__450V_,INGETEAM_POWER_TECHNOLOGY_S_A___Ingecon_Sun_1600TL_U_B615_Outdoor__450V_
INGETEAM_POWER_TECHNOLOGY_S_A___Ingecon_Sun_1640TL_U_B630_Indoor__450V_,INGETEAM_POWER_TECHNOLOGY_S_A___Ingecon_Sun_1640TL_U_B630_Indoor__450V_
INGETEAM_POWER_TECHNOLOGY_S_A___Ingecon_Sun_1640TL_U_B630_Outdoor__450V_,INGETEAM_POWER_TECHNOLOGY_S_A___Ingecon_Sun_1640TL_U_B630_Outdoor__450V_
INGETEAM_POWER_TECHNOLOGY_S_A___Ingecon_Sun_18_TL_U_M__480V_,INGETEAM_POWER_TECHNOLOGY_S_A___Ingecon_Sun_18_TL_U_M__480V_
INGETEAM_POWER_TECHNOLOGY_S_A___Ingecon_Sun_2_8_HF_U_208_Vac__208V_,INGETEAM_POWER_TECHNOLOGY_S_A___Ingecon_Sun_2_8_HF_U_208_Vac__208V_
INGETEAM_POWER_TECHNOLOGY_S_A___Ingecon_Sun_2_8_HF_U_240_Vac__240V_,INGETEAM_POWER_TECHNOLOGY_S_A___Ingecon_Sun_2_8_HF_U_240_Vac__240V_
INGETEAM_POWER_TECHNOLOGY_S_A___Ingecon_Sun_2_8_HF_U_277Vac__277V_,INGETEAM_POWER_TECHNOLOGY_S_A___Ingecon_Sun_2_8_HF_U_277Vac__277V_
INGETEAM_POWER_TECHNOLOGY_S_A___Ingecon_Sun_2_8_TL_U_M_208_Vac__208V_,INGETEAM_POWER_TECHNOLOGY_S_A___Ingecon_Sun_2_8_TL_U_M_208_Vac__208V_
INGETEAM_POWER_TECHNOLOGY_S_A___Ingecon_Sun_2_8_TL_U_M_240_Vac__240V_,INGETEAM_POWER_TECHNOLOGY_S_A___Ingecon_Sun_2_8_TL_U_M_240_Vac__240V_
INGETEAM_POWER_TECHNOLOGY_S_A___Ingecon_Sun_24_TL_U_M__480V_,INGETEAM_POWER_TECHNOLOGY_S_A___Ingecon_Sun_24_TL_U_M__480V_
INGETEAM_POWER_TECHNOLOGY_S_A___Ingecon_Sun_25U__208V_,INGETEAM_POWER_TECHNOLOGY_S_A___Ingecon_Sun_25U__208V_
INGETEAM_POWER_TECHNOLOGY_S_A___Ingecon_Sun_25U__480V_,INGETEAM_POWER_TECHNOLOGY_S_A___Ingecon_Sun_25U__480V_
INGETEAM_POWER_TECHNOLOGY_S_A___Ingecon_Sun_3_3_HF_U_208_Vac__208V_,INGETEAM_POWER_TECHNOLOGY_S_A___Ingecon_Sun_3_3_HF_U_208_Vac__208V_
INGETEAM_POWER_TECHNOLOGY_S_A___Ingecon_Sun_3_3_HF_U_240_Vac__240V_,INGETEAM_POWER_TECHNOLOGY_S_A___Ingecon_Sun_3_3_HF_U_240_Vac__240V_
INGETEAM_POWER_TECHNOLOGY_S_A___Ingecon_Sun_3_3_HF_U_277Vac__277V_,INGETEAM_POWER_TECHNOLOGY_S_A___Ingecon_Sun_3_3_HF_U_277Vac__277V_
INGETEAM_POWER_TECHNOLOGY_S_A___Ingecon_Sun_3_3_TL_U_M_208_Vac__208V_,INGETEAM_POWER_TECHNOLOGY_S_A___Ingecon_Sun_3_3_TL_U_M_208_Vac__208V_
INGETEAM_POWER_TECHNOLOGY_S_A___Ingecon_Sun_3_3_TL_U_M_240_Vac__240V_,INGETEAM_POWER_TECHNOLOGY_S_A___Ingecon_Sun_3_3_TL_U_M_240_Vac__240V_
INGETEAM_POWER_TECHNOLOGY_S_A___Ingecon_Sun_40TL_U_M__480V_,INGETEAM_POWER_TECHNOLOGY_S_A___Ingecon_Sun_40TL_U_M__480V_
INGETEAM_POWER_TECHNOLOGY_S_A___Ingecon_Sun_5_HF_U_208_Vac__208V_,INGETEAM_POWER_TECHNOLOGY_S_A___Ingecon_Sun_5_HF_U_208_Vac__208V_
INGETEAM_POWER_TECHNOLOGY_S_A___Ingecon_Sun_5_HF_U_240_Vac__240V_,INGETEAM_POWER_TECHNOLOGY_S_A___Ingecon_Sun_5_HF_U_240_Vac__240V_
INGETEAM_POWER_TECHNOLOGY_S_A___Ingecon_Sun_5_HF_U_277Vac__277V_,INGETEAM_POWER_TECHNOLOGY_S_A___Ingecon_Sun_5_HF_U_277Vac__277V_
INGETEAM_POWER_TECHNOLOGY_S_A___Ingecon_Sun_5_TL_U_M_208_Vac__208V_,INGETEAM_POWER_TECHNOLOGY_S_A___Ingecon_Sun_5_TL_U_M_208_Vac__208V_
INGETEAM_POWER_TECHNOLOGY_S_A___Ingecon_Sun_5_TL_U_M_240_Vac__240V_,INGETEAM_POWER_TECHNOLOGY_S_A___Ingecon_Sun_5_TL_U_M_240_Vac__240V_
INGETEAM_POWER_TECHNOLOGY_S_A___Ingecon_Sun_5TL_U__208V_,INGETEAM_POWER_TECHNOLOGY_S_A___Ingecon_Sun_5TL_U__208V_
INGETEAM_POWER_TECHNOLOGY_S_A___Ingecon_Sun_5TL_U__240V_,INGETEAM_POWER_TECHNOLOGY_S_A___Ingecon_Sun_5TL_U__240V_
INGETEAM_POWER_TECHNOLOGY_S_A___Ingecon_Sun_5TL_U__277V_,INGETEAM_POWER_TECHNOLOGY_S_A___Ingecon_Sun_5TL_U__277V_
INGETEAM_POWER_TECHNOLOGY_S_A___Ingecon_Sun_5U__208V_,INGETEAM_POWER_TECHNOLOGY_S_A___Ingecon_Sun_5U__208V_
INGETEAM_POWER_TECHNOLOGY_S_A___Ingecon_Sun_5U__240V_,INGETEAM_POWER_TECHNOLOGY_S_A___Ingecon_Sun_5U__240V_
INGETEAM_POWER_TECHNOLOGY_S_A___Ingecon_Sun_5U__277V_,INGETEAM_POWER_TECHNOLOGY_S_A___Ingecon_Sun_5U__277V_
INGETEAM_POWER_TECHNOLOGY_S_A___Ingecon_Sun_6_HF_U_240_Vac__240V_,INGETEAM_POWER_TECHNOLOGY_S_A___Ingecon_Sun_6_HF_U_240_Vac__240V_
INGETEAM_POWER_TECHNOLOGY_S_A___Ingecon_Sun_6_HF_U_277Vac__277V_,INGETEAM_POWER_TECHNOLOGY_S_A___Ingecon_Sun_6_HF_U_277Vac__277V_
INGETEAM_POWER_TECHNOLOGY_S_A___Ingecon_Sun_6_TL_U_M_240_Vac__240V_,INGETEAM_POWER_TECHNOLOGY_S_A___Ingecon_Sun_6_TL_U_M_240_Vac__240V_
INGETEAM_POWER_TECHNOLOGY_S_A___Ingecon_Sun_610TL_U_B220_Indoor__220V_,INGETEAM_POWER_TECHNOLOGY_S_A___Ingecon_Sun_610TL_U_B220_Indoor__220V_
INGETEAM_POWER_TECHNOLOGY_S_A___Ingecon_Sun_610TL_U_B220_Outdoor__300V_,INGETEAM_POWER_TECHNOLOGY_S_A___Ingecon_Sun_610TL_U_B220_Outdoor__300V_
INGETEAM_POWER_TECHNOLOGY_S_A___Ingecon_Sun_830TL_U_B300_Indoor__300V_,INGETEAM_POWER_TECHNOLOGY_S_A___Ingecon_Sun_830TL_U_B300_Indoor__300V_
INGETEAM_POWER_TECHNOLOGY_S_A___Ingecon_Sun_830TL_U_B300_Outdoor__300V_,INGETEAM_POWER_TECHNOLOGY_S_A___Ingecon_Sun_830TL_U_B300_Outdoor__300V_
INGETEAM_POWER_TECHNOLOGY_S_A___Ingecon_Sun_915TL_U_B330_Indoor__330V_,INGETEAM_POWER_TECHNOLOGY_S_A___Ingecon_Sun_915TL_U_B330_Indoor__330V_
INGETEAM_POWER_TECHNOLOGY_S_A___Ingecon_Sun_915TL_U_B330_Outdoor__330V_,INGETEAM_POWER_TECHNOLOGY_S_A___Ingecon_Sun_915TL_U_B330_Outdoor__330V_
Ideal_Power_Inc___30C__480V_,Ideal_Power_Inc___30C__480V_
Ideal_Power_Inc___30C3__480V_,Ideal_Power_Inc___30C3__480V_
Ideal_Power_Inc___30PV,Ideal_Power_Inc___30PV
Ideal_Power_Inc___30PV_S__480V_,Ideal_Power_Inc___30PV_S__480V_
Ideal_Power_Inc___30PVF,Ideal_Power_Inc___30PVF
Ideal_Power_Inc___30PVF_S__480V_,Ideal_Power_Inc___30PVF_S__480V_
Ideal_Power_Inc___IPV_30_kW_480__480V_,Ideal_Power_Inc___IPV_30_kW_480__480V_
Involar__MAC250A_240_NA,Involar__MAC250A_240_NA
Involar__MAC500_XX,Involar__MAC500_XX
Jema_Energy__IF500TL_UL_OUTDOOR,Jema_Energy__IF500TL_UL_OUTDOOR
Jema_Energy__IF600TL_UL_OUTDOOR,Jema_Energy__IF600TL_UL_OUTDOOR
Jema_Energy__JAE7140,Jema_Energy__JAE7140
Jema_Energy__JAE7141,Jema_Energy__JAE7141
Jiangsu_Zeversolar_New_Energy__Evershine_TL3000_US_208,Jiangsu_Zeversolar_New_Energy__Evershine_TL3000_US_208
Jiangsu_Zeversolar_New_Energy__Evershine_TL3000_US_240,Jiangsu_Zeversolar_New_Energy__Evershine_TL3000_US_240
Jiangsu_Zeversolar_New_Energy__Evershine_TL4000_US_208,Jiangsu_Zeversolar_New_Energy__Evershine_TL4000_US_208
Jiangsu_Zeversolar_New_Energy__Evershine_TL4000_US_240,Jiangsu_Zeversolar_New_Energy__Evershine_TL4000_US_240
Jiangsu_Zeversolar_New_Energy__Evershine_TL5000_US_208,Jiangsu_Zeversolar_New_Energy__Evershine_TL5000_US_208
Jiangsu_Zeversolar_New_Energy__Evershine_TL5000_US_240,Jiangsu_Zeversolar_New_Energy__Evershine_TL5000_US_240
Jiangsu_Zeversolar_New_Energy__Evershine_TL6000_US_208,Jiangsu_Zeversolar_New_Energy__Evershine_TL6000_US_208
Jiangsu_Zeversolar_New_Energy__Evershine_TL6000_US_240,Jiangsu_Zeversolar_New_Energy__Evershine_TL6000_US_240
Jiangyin_Hareon_Power__HR_240P_AC_Bb__208V_,Jiangyin_Hareon_Power__HR_240P_AC_Bb__208V_
Jiangyin_Hareon_Power__HR_240P_AC_Bb__240V_,Jiangyin_Hareon_Power__HR_240P_AC_Bb__240V_
Jiangyin_Hareon_Power__HR_240P_AC_BbP__208V_,Jiangyin_Hareon_Power__HR_240P_AC_BbP__208V_
Jiangyin_Hareon_Power__HR_240P_AC_BbP__240V_,Jiangyin_Hareon_Power__HR_240P_AC_BbP__240V_
Jiangyin_Hareon_Power__HR_245P_AC_Bb__208V_,Jiangyin_Hareon_Power__HR_245P_AC_Bb__208V_
Jiangyin_Hareon_Power__HR_245P_AC_Bb__240V_,Jiangyin_Hareon_Power__HR_245P_AC_Bb__240V_
Jiangyin_Hareon_Power__HR_245P_AC_BbP__208V_,Jiangyin_Hareon_Power__HR_245P_AC_BbP__208V_
Jiangyin_Hareon_Power__HR_245P_AC_BbP__240V_,Jiangyin_Hareon_Power__HR_245P_AC_BbP__240V_
Jiangyin_Hareon_Power__HR_250_AC_Cb__208V_,Jiangyin_Hareon_Power__HR_250_AC_Cb__208V_
Jiangyin_Hareon_Power__HR_250_AC_Cb__240V_,Jiangyin_Hareon_Power__HR_250_AC_Cb__240V_
Jiangyin_Hareon_Power__HR_250P_AC_Bb__208V_,Jiangyin_Hareon_Power__HR_250P_AC_Bb__208V_
Jiangyin_Hareon_Power__HR_250P_AC_Bb__240V_,Jiangyin_Hareon_Power__HR_250P_AC_Bb__240V_
Jiangyin_Hareon_Power__HR_250P_AC_BbP__208V_,Jiangyin_Hareon_Power__HR_250P_AC_BbP__208V_
Jiangyin_Hareon_Power__HR_250P_AC_BbP__240V_,Jiangyin_Hareon_Power__HR_250P_AC_BbP__240V_
Jiangyin_Hareon_Power__HR_255_AC_Cb__208V_,Jiangyin_Hareon_Power__HR_255_AC_Cb__208V_
Jiangyin_Hareon_Power__HR_255_AC_Cb__240V_,Jiangyin_Hareon_Power__HR_255_AC_Cb__240V_
Jiangyin_Hareon_Power__HR_255P_AC_Bb__208V_,Jiangyin_Hareon_Power__HR_255P_AC_Bb__208V_
Jiangyin_Hareon_Power__HR_255P_AC_Bb__240V_,Jiangyin_Hareon_Power__HR_255P_AC_Bb__240V_
Jiangyin_Hareon_Power__HR_255P_AC_BbP__208V_,Jiangyin_Hareon_Power__HR_255P_AC_BbP__208V_
Jiangyin_Hareon_Power__HR_255P_AC_BbP__240V_,Jiangyin_Hareon_Power__HR_255P_AC_BbP__240V_
Jiangyin_Hareon_Power__HR_260_AC_Cb__208V_,Jiangyin_Hareon_Power__HR_260_AC_Cb__208V_
Jiangyin_Hareon_Power__HR_260_AC_Cb__240V_,Jiangyin_Hareon_Power__HR_260_AC_Cb__240V_
Jiangyin_Hareon_Power__HR_260P_AC_Bb__208V_,Jiangyin_Hareon_Power__HR_260P_AC_Bb__208V_
Jiangyin_Hareon_Power__HR_260P_AC_Bb__240V_,Jiangyin_Hareon_Power__HR_260P_AC_Bb__240V_
Jiangyin_Hareon_Power__HR_260P_AC_BbP__208V_,Jiangyin_Hareon_Power__HR_260P_AC_BbP__208V_
Jiangyin_Hareon_Power__HR_260P_AC_BbP__240V_,Jiangyin_Hareon_Power__HR_260P_AC_BbP__240V_
Jiangyin_Hareon_Power__HR_265_AC_Cb__208V_,Jiangyin_Hareon_Power__HR_265_AC_Cb__208V_
Jiangyin_Hareon_Power__HR_265_AC_Cb__240V_,Jiangyin_Hareon_Power__HR_265_AC_Cb__240V_
Jiangyin_Hareon_Power__HR_270_AC_Cb__208V_,Jiangyin_Hareon_Power__HR_270_AC_Cb__208V_
Jiangyin_Hareon_Power__HR_270_AC_Cb__240V_,Jiangyin_Hareon_Power__HR_270_AC_Cb__240V_
Jinko_Solar_Co___Ltd___JKMS260M_60B_EP__240V_,Jinko_Solar_Co___Ltd___JKMS260M_60B_EP__240V_
Jinko_Solar_Co___Ltd___JKMS265M_60B_EP__240V_,Jinko_Solar_Co___Ltd___JKMS265M_60B_EP__240V_
Jinko_Solar_Co___Ltd___JKMS270M_60B_EP__240V_,Jinko_Solar_Co___Ltd___JKMS270M_60B_EP__240V_
Jinko_Solar_Co___Ltd___JKMS275M_60_EP__240V_,Jinko_Solar_Co___Ltd___JKMS275M_60_EP__240V_
Jinko_Solar_Co___Ltd___JKMS275M_60B_EP__240V_,Jinko_Solar_Co___Ltd___JKMS275M_60B_EP__240V_
Jinko_Solar_Co___Ltd___JKMS280M_60_EP__240V_,Jinko_Solar_Co___Ltd___JKMS280M_60_EP__240V_
Jinko_Solar_Co___Ltd___JKMS280M_60B_EP__240V_,Jinko_Solar_Co___Ltd___JKMS280M_60B_EP__240V_
Jinko_Solar_Co___Ltd___JKMS285M_60_EP__240V_,Jinko_Solar_Co___Ltd___JKMS285M_60_EP__240V_
Jinko_Solar_Co___Ltd___JKMS285M_60B_EP__240V_,Jinko_Solar_Co___Ltd___JKMS285M_60B_EP__240V_
Jinko_Solar_Co___Ltd___JKMS290M_60_EP__240V_,Jinko_Solar_Co___Ltd___JKMS290M_60_EP__240V_
Jinko_Solar_Co___Ltd___JKMS290M_60B_EP__240V_,Jinko_Solar_Co___Ltd___JKMS290M_60B_EP__240V_
Jinko_Solar_Co___Ltd___JKMS295M_60_EP__240V_,Jinko_Solar_Co___Ltd___JKMS295M_60_EP__240V_
Jinko_Solar_Co___Ltd___JKMS295M_60B_EP__240V_,Jinko_Solar_Co___Ltd___JKMS295M_60B_EP__240V_
Jinko_Solar_Co___Ltd___JKMS300M_60_EP__240V_,Jinko_Solar_Co___Ltd___JKMS300M_60_EP__240V_
KACO__KACO_blueplanet_1000_TL3_1000_TL3_M1_GM_OD_USX0,KACO__KACO_blueplanet_1000_TL3_1000_TL3_M1_GM_OD_USX0
KACO__KACO_blueplanet_1500_TL3_M1_GM_OD_USX0,KACO__KACO_blueplanet_1500_TL3_M1_GM_OD_USX0
KACO__KACO_blueplanet_2200_TL3_M1_GM_OD_USX0,KACO__KACO_blueplanet_2200_TL3_M1_GM_OD_USX0
KACO__KACO_blueplanet_750_TL3_750_TL3_M1_GM_OD_USX0,KACO__KACO_blueplanet_750_TL3_750_TL3_M1_GM_OD_USX0
KACO__KACO_blueplanet_875_TL3_875_TL3_M1_GM_OD_USX0,KACO__KACO_blueplanet_875_TL3_875_TL3_M1_GM_OD_USX0
KACO__XP100U_H2__480V_,KACO__XP100U_H2__480V_
KACO__XP100U_H4__480V_,KACO__XP100U_H4__480V_
KACO__XP10U_H4___PSD___480V_,KACO__XP10U_H4___PSD___480V_
KACO__XP42U_H2__208V_,KACO__XP42U_H2__208V_
KACO__XP500U_TL,KACO__XP500U_TL
KACO__XP50U_H4__480V_,KACO__XP50U_H4__480V_
KACO__XP550U_TL,KACO__XP550U_TL
KACO__blueplanet_10_0_TL3__480V_,KACO__blueplanet_10_0_TL3__480V_
KACO__blueplanet_1501xi__240V_,KACO__blueplanet_1501xi__240V_
KACO__blueplanet_1502x__208V_,KACO__blueplanet_1502x__208V_
KACO__blueplanet_1502x__240V_,KACO__blueplanet_1502x__240V_
KACO__blueplanet_1502xi__208V_,KACO__blueplanet_1502xi__208V_
KACO__blueplanet_1502xi__240V_,KACO__blueplanet_1502xi__240V_
KACO__blueplanet_2_0_TL1_M1_WM_OD_US3x__208V_,KACO__blueplanet_2_0_TL1_M1_WM_OD_US3x__208V_
KACO__blueplanet_2_0_TL1_M1_WM_OD_US3x__240V_,KACO__blueplanet_2_0_TL1_M1_WM_OD_US3x__240V_
KACO__blueplanet_2502x__208V_,KACO__blueplanet_2502x__208V_
KACO__blueplanet_2502x__240V_,KACO__blueplanet_2502x__240V_
KACO__blueplanet_2502xi__208V_,KACO__blueplanet_2502xi__208V_
KACO__blueplanet_2502xi__240V_,KACO__blueplanet_2502xi__240V_
KACO__blueplanet_2901xi__240V_,KACO__blueplanet_2901xi__240V_
KACO__blueplanet_3_0_TL1_M1_WM_OD_US3x__208V_,KACO__blueplanet_3_0_TL1_M1_WM_OD_US3x__208V_
KACO__blueplanet_3_0_TL1_M1_WM_OD_US3x__240V_,KACO__blueplanet_3_0_TL1_M1_WM_OD_US3x__240V_
KACO__blueplanet_32_0_TL3_M1__480V_,KACO__blueplanet_32_0_TL3_M1__480V_
KACO__blueplanet_32_0_TL3_M3__480V_,KACO__blueplanet_32_0_TL3_M3__480V_
KACO__blueplanet_3502x__208V_,KACO__blueplanet_3502x__208V_
KACO__blueplanet_3502x__240V_,KACO__blueplanet_3502x__240V_
KACO__blueplanet_3502xi__208V_,KACO__blueplanet_3502xi__208V_
KACO__blueplanet_3502xi__240V_,KACO__blueplanet_3502xi__240V_
KACO__blueplanet_3601xi__240V_,KACO__blueplanet_3601xi__240V_
KACO__blueplanet_4_0_TL1_M1_WM_OD_US3x__208V_,KACO__blueplanet_4_0_TL1_M1_WM_OD_US3x__208V_
KACO__blueplanet_4_0_TL1_M1_WM_OD_US3x__240V_,KACO__blueplanet_4_0_TL1_M1_WM_OD_US3x__240V_
KACO__blueplanet_40_0_TL3_M1__480V_,KACO__blueplanet_40_0_TL3_M1__480V_
KACO__blueplanet_40_0_TL3_M3__480V_,KACO__blueplanet_40_0_TL3_M3__480V_
KACO__blueplanet_5_0_TL1_M1_WM_OD_US3x__208V_,KACO__blueplanet_5_0_TL1_M1_WM_OD_US3x__208V_
KACO__blueplanet_5_0_TL1_M1_WM_OD_US3x__240V_,KACO__blueplanet_5_0_TL1_M1_WM_OD_US3x__240V_
KACO__blueplanet_50_0_TL3_M1__480V_,KACO__blueplanet_50_0_TL3_M1__480V_
KACO__blueplanet_50_0_TL3_M3__480V_,KACO__blueplanet_50_0_TL3_M3__480V_
KACO__blueplanet_5002x__208V_,KACO__blueplanet_5002x__208V_
KACO__blueplanet_5002x__240V_,KACO__blueplanet_5002x__240V_
KACO__blueplanet_5002xi__208V_,KACO__blueplanet_5002xi__208V_
KACO__blueplanet_5002xi__240V_,KACO__blueplanet_5002xi__240V_
KACO__blueplanet_6400M__208V_,KACO__blueplanet_6400M__208V_
KACO__blueplanet_6400M__240V_,KACO__blueplanet_6400M__240V_
KACO__blueplanet_6400x__208V_,KACO__blueplanet_6400x__208V_
KACO__blueplanet_6400x__240V_,KACO__blueplanet_6400x__240V_
KACO__blueplanet_6400xi__208V_,KACO__blueplanet_6400xi__208V_
KACO__blueplanet_6400xi__240V_,KACO__blueplanet_6400xi__240V_
KACO__blueplanet_7600M__208V_,KACO__blueplanet_7600M__208V_
KACO__blueplanet_7600M__240V_,KACO__blueplanet_7600M__240V_
KACO__blueplanet_7600x__208V_,KACO__blueplanet_7600x__208V_
KACO__blueplanet_7600x__240V_,KACO__blueplanet_7600x__240V_
KACO__blueplanet_7600xi__208V_,KACO__blueplanet_7600xi__208V_
KACO__blueplanet_7600xi__240V_,KACO__blueplanet_7600xi__240V_
KACO__blueplanet_Ultraverter_250,KACO__blueplanet_Ultraverter_250
Kostal_Solar_Electric__Piko_5_3_US,Kostal_Solar_Electric__Piko_5_3_US
LG_Electronics_Inc___A005KEEN261__208V_,LG_Electronics_Inc___A005KEEN261__208V_
LG_Electronics_Inc___A005KEEN261__240V_,LG_Electronics_Inc___A005KEEN261__240V_
LG_Electronics_Inc___D007KEEN261__208V_,LG_Electronics_Inc___D007KEEN261__208V_
LG_Electronics_Inc___D007KEEN261__240V_,LG_Electronics_Inc___D007KEEN261__240V_
LG_Electronics_Inc___LG295A1C_B3__208V_,LG_Electronics_Inc___LG295A1C_B3__208V_
LG_Electronics_Inc___LG295A1C_B3__240V_,LG_Electronics_Inc___LG295A1C_B3__240V_
LG_Electronics_Inc___LG295A1W_B3__208V_,LG_Electronics_Inc___LG295A1W_B3__208V_
LG_Electronics_Inc___LG295A1W_B3__240V_,LG_Electronics_Inc___LG295A1W_B3__240V_
LG_Electronics_Inc___LG300A1C_B3__208V_,LG_Electronics_Inc___LG300A1C_B3__208V_
LG_Electronics_Inc___LG300A1C_B3__240V_,LG_Electronics_Inc___LG300A1C_B3__240V_
LG_Electronics_Inc___LG300A1W_B3__208V_,LG_Electronics_Inc___LG300A1W_B3__208V_
LG_Electronics_Inc___LG300A1W_B3__240V_,LG_Electronics_Inc___LG300A1W_B3__240V_
LG_Electronics_Inc___LG305A1C_B3__208V_,LG_Electronics_Inc___LG305A1C_B3__208V_
LG_Electronics_Inc___LG305A1C_B3__240V_,LG_Electronics_Inc___LG305A1C_B3__240V_
LG_Electronics_Inc___LG305A1W_B3__208V_,LG_Electronics_Inc___LG305A1W_B3__208V_
LG_Electronics_Inc___LG305A1W_B3__240V_,LG_Electronics_Inc___LG305A1W_B3__240V_
LG_Electronics_Inc___LG355A1C_A5__208V_,LG_Electronics_Inc___LG355A1C_A5__208V_
LG_Electronics_Inc___LG355A1C_A5__240V_,LG_Electronics_Inc___LG355A1C_A5__240V_
LG_Electronics_Inc___LG360A1C_A5__208V_,LG_Electronics_Inc___LG360A1C_A5__208V_
LG_Electronics_Inc___LG360A1C_A5__240V_,LG_Electronics_Inc___LG360A1C_A5__240V_
LG_Electronics_Inc___LG365A1C_A5__208V_,LG_Electronics_Inc___LG365A1C_A5__208V_
LG_Electronics_Inc___LG365A1C_A5__240V_,LG_Electronics_Inc___LG365A1C_A5__240V_
LG_Electronics_Inc___LG370A1C_A5__208V_,LG_Electronics_Inc___LG370A1C_A5__208V_
LG_Electronics_Inc___LG370A1C_A5__240V_,LG_Electronics_Inc___LG370A1C_A5__240V_
LG_Electronics_Inc___LM305UE_G1__208V_,LG_Electronics_Inc___LM305UE_G1__208V_
LG_Electronics_Inc___LM305UE_G1__240V_,LG_Electronics_Inc___LM305UE_G1__240V_
LG_Electronics_Inc___LM320UE_A2__208V_,LG_Electronics_Inc___LM320UE_A2__208V_
LG_Electronics_Inc___LM320UE_A2__240V_,LG_Electronics_Inc___LM320UE_A2__240V_
LeadSolar_Energy_Co___Ltd__LS1400_240V__240V_,LeadSolar_Energy_Co___Ltd__LS1400_240V__240V_
LeadSolar_Energy_Co___Ltd__LS560__240V_,LeadSolar_Energy_Co___Ltd__LS560__240V_
LeadSolar_Energy_Co___Ltd__LS600__240V_,LeadSolar_Energy_Co___Ltd__LS600__240V_
LeadSolar_Energy_Co___Ltd__LS600ES__277V_,LeadSolar_Energy_Co___Ltd__LS600ES__277V_
LeadSolar_Energy_Co___Ltd__LS600X__240V_,LeadSolar_Energy_Co___Ltd__LS600X__240V_
LeadSolar_Energy_Co___Ltd__LS650S__277V_,LeadSolar_Energy_Co___Ltd__LS650S__277V_
LeadSolar_Energy_Co___Ltd__LS700S__277V_,LeadSolar_Energy_Co___Ltd__LS700S__277V_
LeadSolar_Energy_Co___Ltd__LS700TS_208__208V_,LeadSolar_Energy_Co___Ltd__LS700TS_208__208V_
LeadSolar_Energy_Co___Ltd__LS700TS_240__240V_,LeadSolar_Energy_Co___Ltd__LS700TS_240__240V_
Leatec_Fine_Ceramics__CM21_0113__240V_,Leatec_Fine_Ceramics__CM21_0113__240V_
Lixma_Tech__LSI4000__240V_,Lixma_Tech__LSI4000__240V_
Mage_Solar_USA__POWERTEC_Plus_250___6_PL_US_AC__208V_,Mage_Solar_USA__POWERTEC_Plus_250___6_PL_US_AC__208V_
Mage_Solar_USA__POWERTEC_Plus_250___6_PL_US_AC__240V_,Mage_Solar_USA__POWERTEC_Plus_250___6_PL_US_AC__240V_
Mage_Solar__POWERTEC_Plus_240___6_PL_US_AC__240V_,Mage_Solar__POWERTEC_Plus_240___6_PL_US_AC__240V_
Mage_Solar__POWERTEC_Plus_245___6_PL_US_AC__240V_,Mage_Solar__POWERTEC_Plus_245___6_PL_US_AC__240V_
Ming_Shen_Energy_Technology__EnerBridge_Emi_301RD__240V_,Ming_Shen_Energy_Technology__EnerBridge_Emi_301RD__240V_
Mohr_Power__MPS1100EVR__120V_,Mohr_Power__MPS1100EVR__120V_
Mohr_Power__MPS2000EVR__240V_,Mohr_Power__MPS2000EVR__240V_
Mohr_Power__MPS2500__240V_,Mohr_Power__MPS2500__240V_
Mohr_Power__MPS3000__240V_,Mohr_Power__MPS3000__240V_
Mohr_Power__MPS3500__240V_,Mohr_Power__MPS3500__240V_
Mohr_Power__MPS4600__208V_,Mohr_Power__MPS4600__208V_
Mohr_Power__MPS4800__240V_,Mohr_Power__MPS4800__240V_
Mohr_Power__MPS5200__240V_,Mohr_Power__MPS5200__240V_
Motech_Industries__PVMate_2900U__208V_,Motech_Industries__PVMate_2900U__208V_
Motech_Industries__PVMate_2900U__240V_,Motech_Industries__PVMate_2900U__240V_
Motech_Industries__PVMate_2900U_POS__208V_,Motech_Industries__PVMate_2900U_POS__208V_
Motech_Industries__PVMate_2900U_POS__240V_,Motech_Industries__PVMate_2900U_POS__240V_
Motech_Industries__PVMate_3000U__208V_,Motech_Industries__PVMate_3000U__208V_
Motech_Industries__PVMate_3000U__240V_,Motech_Industries__PVMate_3000U__240V_
Motech_Industries__PVMate_3000U_PG__208V_,Motech_Industries__PVMate_3000U_PG__208V_
Motech_Industries__PVMate_3000U_PG__240V_,Motech_Industries__PVMate_3000U_PG__240V_
Motech_Industries__PVMate_3840U__208V_,Motech_Industries__PVMate_3840U__208V_
Motech_Industries__PVMate_3840U__240V_,Motech_Industries__PVMate_3840U__240V_
Motech_Industries__PVMate_3840U_POS__208V_,Motech_Industries__PVMate_3840U_POS__208V_
Motech_Industries__PVMate_3840U_POS__240V_,Motech_Industries__PVMate_3840U_POS__240V_
Motech_Industries__PVMate_3900U__208V_,Motech_Industries__PVMate_3900U__208V_
Motech_Industries__PVMate_3900U__240V_,Motech_Industries__PVMate_3900U__240V_
Motech_Industries__PVMate_3900U_POS__208V_,Motech_Industries__PVMate_3900U_POS__208V_
Motech_Industries__PVMate_3900U_POS__240V_,Motech_Industries__PVMate_3900U_POS__240V_
Motech_Industries__PVMate_4000U__208V_,Motech_Industries__PVMate_4000U__208V_
Motech_Industries__PVMate_4000U__240V_,Motech_Industries__PVMate_4000U__240V_
Motech_Industries__PVMate_4000U_PG__208V_,Motech_Industries__PVMate_4000U_PG__208V_
Motech_Industries__PVMate_4000U_PG__240V_,Motech_Industries__PVMate_4000U_PG__240V_
Motech_Industries__PVMate_4900U__208V_,Motech_Industries__PVMate_4900U__208V_
Motech_Industries__PVMate_4900U__240V_,Motech_Industries__PVMate_4900U__240V_
Motech_Industries__PVMate_4900U_POS__208V_,Motech_Industries__PVMate_4900U_POS__208V_
Motech_Industries__PVMate_4900U_POS__240V_,Motech_Industries__PVMate_4900U_POS__240V_
Motech_Industries__PVMate_5000U__208V_,Motech_Industries__PVMate_5000U__208V_
Motech_Industries__PVMate_5000U__240V_,Motech_Industries__PVMate_5000U__240V_
Motech_Industries__PVMate_5000U_PG__208V_,Motech_Industries__PVMate_5000U_PG__208V_
Motech_Industries__PVMate_5000U_PG__240V_,Motech_Industries__PVMate_5000U_PG__240V_
Motech_Industries__PVMate_5300U__208V_,Motech_Industries__PVMate_5300U__208V_
Motech_Industries__PVMate_5300U__240V_,Motech_Industries__PVMate_5300U__240V_
Motech_Industries__PVMate_5300U_POS__208V_,Motech_Industries__PVMate_5300U_POS__208V_
Motech_Industries__PVMate_5300U_POS__240V_,Motech_Industries__PVMate_5300U_POS__240V_
Motech_Industries__PVMate_6500U__208V_,Motech_Industries__PVMate_6500U__208V_
Motech_Industries__PVMate_6500U__240V_,Motech_Industries__PVMate_6500U__240V_
Motech_Industries__PVMate_6500U__277V_,Motech_Industries__PVMate_6500U__277V_
Motech_Industries__PVMate_7500U__208V_,Motech_Industries__PVMate_7500U__208V_
Motech_Industries__PVMate_7500U__240V_,Motech_Industries__PVMate_7500U__240V_
Motech_Industries__PVMate_7500U__277V_,Motech_Industries__PVMate_7500U__277V_
NeoVolta_Inc___NV7600__208V_,NeoVolta_Inc___NV7600__208V_
NeoVolta_Inc___NV7600__240V_,NeoVolta_Inc___NV7600__240V_
Nextronex_Energy_Systems__Ray_Max_150,Nextronex_Energy_Systems__Ray_Max_150
Nidec_ASI__PV800A60UNO04LNU0NN__600V_,Nidec_ASI__PV800A60UNO04LNU0NN__600V_
Ningbo_Ginlong_Technologies_Co___Ltd___GCI_1_5K_2G_H_US__208V_,Ningbo_Ginlong_Technologies_Co___Ltd___GCI_1_5K_2G_H_US__208V_
Ningbo_Ginlong_Technologies_Co___Ltd___GCI_1_5K_2G_H_US__240V_,Ningbo_Ginlong_Technologies_Co___Ltd___GCI_1_5K_2G_H_US__240V_
Ningbo_Ginlong_Technologies_Co___Ltd___GCI_1_5K_2G_W_US__208V_,Ningbo_Ginlong_Technologies_Co___Ltd___GCI_1_5K_2G_W_US__208V_
Ningbo_Ginlong_Technologies_Co___Ltd___GCI_1_5K_2G_W_US__240V_,Ningbo_Ginlong_Technologies_Co___Ltd___GCI_1_5K_2G_W_US__240V_
Ningbo_Ginlong_Technologies_Co___Ltd___GCI_1K_2G_H_US__208V_,Ningbo_Ginlong_Technologies_Co___Ltd___GCI_1K_2G_H_US__208V_
Ningbo_Ginlong_Technologies_Co___Ltd___GCI_1K_2G_H_US__240V_,Ningbo_Ginlong_Technologies_Co___Ltd___GCI_1K_2G_H_US__240V_
Ningbo_Ginlong_Technologies_Co___Ltd___GCI_1K_2G_W_US__208V_,Ningbo_Ginlong_Technologies_Co___Ltd___GCI_1K_2G_W_US__208V_
Ningbo_Ginlong_Technologies_Co___Ltd___GCI_1K_2G_W_US__240V_,Ningbo_Ginlong_Technologies_Co___Ltd___GCI_1K_2G_W_US__240V_
Ningbo_Ginlong_Technologies_Co___Ltd___GCI_2_5K_2G_H_US__208V_,Ningbo_Ginlong_Technologies_Co___Ltd___GCI_2_5K_2G_H_US__208V_
Ningbo_Ginlong_Technologies_Co___Ltd___GCI_2_5K_2G_H_US__240V_,Ningbo_Ginlong_Technologies_Co___Ltd___GCI_2_5K_2G_H_US__240V_
Ningbo_Ginlong_Technologies_Co___Ltd___GCI_2_5K_2G_W_US__208V_,Ningbo_Ginlong_Technologies_Co___Ltd___GCI_2_5K_2G_W_US__208V_
Ningbo_Ginlong_Technologies_Co___Ltd___GCI_2_5K_2G_W_US__240V_,Ningbo_Ginlong_Technologies_Co___Ltd___GCI_2_5K_2G_W_US__240V_
Ningbo_Ginlong_Technologies_Co___Ltd___GCI_2K__240V_,Ningbo_Ginlong_Technologies_Co___Ltd___GCI_2K__240V_
Ningbo_Ginlong_Technologies_Co___Ltd___GCI_2K_2G_H_US__208V_,Ningbo_Ginlong_Technologies_Co___Ltd___GCI_2K_2G_H_US__208V_
Ningbo_Ginlong_Technologies_Co___Ltd___GCI_2K_2G_H_US__240V_,Ningbo_Ginlong_Technologies_Co___Ltd___GCI_2K_2G_H_US__240V_
Ningbo_Ginlong_Technologies_Co___Ltd___GCI_2K_2G_W_US__208V_,Ningbo_Ginlong_Technologies_Co___Ltd___GCI_2K_2G_W_US__208V_
Ningbo_Ginlong_Technologies_Co___Ltd___GCI_2K_2G_W_US__240V_,Ningbo_Ginlong_Technologies_Co___Ltd___GCI_2K_2G_W_US__240V_
Ningbo_Ginlong_Technologies_Co___Ltd___GCI_3_6K_2G_H_US__208V_,Ningbo_Ginlong_Technologies_Co___Ltd___GCI_3_6K_2G_H_US__208V_
Ningbo_Ginlong_Technologies_Co___Ltd___GCI_3_6K_2G_H_US__240V_,Ningbo_Ginlong_Technologies_Co___Ltd___GCI_3_6K_2G_H_US__240V_
Ningbo_Ginlong_Technologies_Co___Ltd___GCI_3_6K_2G_W_US__208V_,Ningbo_Ginlong_Technologies_Co___Ltd___GCI_3_6K_2G_W_US__208V_
Ningbo_Ginlong_Technologies_Co___Ltd___GCI_3_6K_2G_W_US__240V_,Ningbo_Ginlong_Technologies_Co___Ltd___GCI_3_6K_2G_W_US__240V_
Ningbo_Ginlong_Technologies_Co___Ltd___GCI_3K_2G_H_US__208V_,Ningbo_Ginlong_Technologies_Co___Ltd___GCI_3K_2G_H_US__208V_
Ningbo_Ginlong_Technologies_Co___Ltd___GCI_3K_2G_H_US__240V_,Ningbo_Ginlong_Technologies_Co___Ltd___GCI_3K_2G_H_US__240V_
Ningbo_Ginlong_Technologies_Co___Ltd___GCI_3K_2G_W_US__208V_,Ningbo_Ginlong_Technologies_Co___Ltd___GCI_3K_2G_W_US__208V_
Ningbo_Ginlong_Technologies_Co___Ltd___GCI_3K_2G_W_US__240V_,Ningbo_Ginlong_Technologies_Co___Ltd___GCI_3K_2G_W_US__240V_
Ningbo_Ginlong_Technologies_Co___Ltd___GCI_4_6K_2G_H_US__208V_,Ningbo_Ginlong_Technologies_Co___Ltd___GCI_4_6K_2G_H_US__208V_
Ningbo_Ginlong_Technologies_Co___Ltd___GCI_4_6K_2G_H_US__240V_,Ningbo_Ginlong_Technologies_Co___Ltd___GCI_4_6K_2G_H_US__240V_
Ningbo_Ginlong_Technologies_Co___Ltd___GCI_4_6K_2G_W_US__208V_,Ningbo_Ginlong_Technologies_Co___Ltd___GCI_4_6K_2G_W_US__208V_
Ningbo_Ginlong_Technologies_Co___Ltd___GCI_4_6K_2G_W_US__240V_,Ningbo_Ginlong_Technologies_Co___Ltd___GCI_4_6K_2G_W_US__240V_
Ningbo_Ginlong_Technologies_Co___Ltd___GCI_4K_2G_H_US__208V_,Ningbo_Ginlong_Technologies_Co___Ltd___GCI_4K_2G_H_US__208V_
Ningbo_Ginlong_Technologies_Co___Ltd___GCI_4K_2G_H_US__240V_,Ningbo_Ginlong_Technologies_Co___Ltd___GCI_4K_2G_H_US__240V_
Ningbo_Ginlong_Technologies_Co___Ltd___GCI_4K_2G_W_US__208V_,Ningbo_Ginlong_Technologies_Co___Ltd___GCI_4K_2G_W_US__208V_
Ningbo_Ginlong_Technologies_Co___Ltd___GCI_4K_2G_W_US__240V_,Ningbo_Ginlong_Technologies_Co___Ltd___GCI_4K_2G_W_US__240V_
Ningbo_Ginlong_Technologies_Co___Ltd___GCI_5K_2G_H_US__208V_,Ningbo_Ginlong_Technologies_Co___Ltd___GCI_5K_2G_H_US__208V_
Ningbo_Ginlong_Technologies_Co___Ltd___GCI_5K_2G_H_US__240V_,Ningbo_Ginlong_Technologies_Co___Ltd___GCI_5K_2G_H_US__240V_
Ningbo_Ginlong_Technologies_Co___Ltd___GCI_5K_2G_W_US__208V_,Ningbo_Ginlong_Technologies_Co___Ltd___GCI_5K_2G_W_US__208V_
Ningbo_Ginlong_Technologies_Co___Ltd___GCI_5K_2G_W_US__240V_,Ningbo_Ginlong_Technologies_Co___Ltd___GCI_5K_2G_W_US__240V_
Ningbo_Ginlong_Technologies_Co___Ltd___GCI_5K_DB__240V_,Ningbo_Ginlong_Technologies_Co___Ltd___GCI_5K_DB__240V_
Ningbo_Ginlong_Technologies_Co___Ltd___GCI_5K_W__240V_,Ningbo_Ginlong_Technologies_Co___Ltd___GCI_5K_W__240V_
Ningbo_Ginlong_Technologies_Co___Ltd___Solis_5000_DB__240V_,Ningbo_Ginlong_Technologies_Co___Ltd___Solis_5000_DB__240V_
Ningbo_Ginlong_Technologies_Co___Ltd___Solis_1_5K_2G_US__208V_,Ningbo_Ginlong_Technologies_Co___Ltd___Solis_1_5K_2G_US__208V_
Ningbo_Ginlong_Technologies_Co___Ltd___Solis_1_5K_2G_US__240V_,Ningbo_Ginlong_Technologies_Co___Ltd___Solis_1_5K_2G_US__240V_
Ningbo_Ginlong_Technologies_Co___Ltd___Solis_10K_US__480V_,Ningbo_Ginlong_Technologies_Co___Ltd___Solis_10K_US__480V_
Ningbo_Ginlong_Technologies_Co___Ltd___Solis_15K_US__480V_,Ningbo_Ginlong_Technologies_Co___Ltd___Solis_15K_US__480V_
Ningbo_Ginlong_Technologies_Co___Ltd___Solis_1K_2G_US__208V_,Ningbo_Ginlong_Technologies_Co___Ltd___Solis_1K_2G_US__208V_
Ningbo_Ginlong_Technologies_Co___Ltd___Solis_1K_2G_US__240V_,Ningbo_Ginlong_Technologies_Co___Ltd___Solis_1K_2G_US__240V_
Ningbo_Ginlong_Technologies_Co___Ltd___Solis_1P10K_4G_US,Ningbo_Ginlong_Technologies_Co___Ltd___Solis_1P10K_4G_US
Ningbo_Ginlong_Technologies_Co___Ltd___Solis_1P10K_4G_US__240V_,Ningbo_Ginlong_Technologies_Co___Ltd___Solis_1P10K_4G_US__240V_
Ningbo_Ginlong_Technologies_Co___Ltd___Solis_1P2_5K_4G_US__240V_,Ningbo_Ginlong_Technologies_Co___Ltd___Solis_1P2_5K_4G_US__240V_
Ningbo_Ginlong_Technologies_Co___Ltd___Solis_1P3_6K_4G_US__240V_,Ningbo_Ginlong_Technologies_Co___Ltd___Solis_1P3_6K_4G_US__240V_
Ningbo_Ginlong_Technologies_Co___Ltd___Solis_1P3K_4G_US__240V_,Ningbo_Ginlong_Technologies_Co___Ltd___Solis_1P3K_4G_US__240V_
Ningbo_Ginlong_Technologies_Co___Ltd___Solis_1P4_6K_4G_US__240V_,Ningbo_Ginlong_Technologies_Co___Ltd___Solis_1P4_6K_4G_US__240V_
Ningbo_Ginlong_Technologies_Co___Ltd___Solis_1P4K_4G_US__240V_,Ningbo_Ginlong_Technologies_Co___Ltd___Solis_1P4K_4G_US__240V_
Ningbo_Ginlong_Technologies_Co___Ltd___Solis_1P5K_4G_US__240V_,Ningbo_Ginlong_Technologies_Co___Ltd___Solis_1P5K_4G_US__240V_
Ningbo_Ginlong_Technologies_Co___Ltd___Solis_1P6K_4G_US,Ningbo_Ginlong_Technologies_Co___Ltd___Solis_1P6K_4G_US
Ningbo_Ginlong_Technologies_Co___Ltd___Solis_1P6K_4G_US__240V_,Ningbo_Ginlong_Technologies_Co___Ltd___Solis_1P6K_4G_US__240V_
Ningbo_Ginlong_Technologies_Co___Ltd___Solis_1P6K2_4G_US__240V_,Ningbo_Ginlong_Technologies_Co___Ltd___Solis_1P6K2_4G_US__240V_
Ningbo_Ginlong_Technologies_Co___Ltd___Solis_1P7_6K_4G_US,Ningbo_Ginlong_Technologies_Co___Ltd___Solis_1P7_6K_4G_US
Ningbo_Ginlong_Technologies_Co___Ltd___Solis_1P7_6K_4G_US__240V_,Ningbo_Ginlong_Technologies_Co___Ltd___Solis_1P7_6K_4G_US__240V_
Ningbo_Ginlong_Technologies_Co___Ltd___Solis_1P7K_4G_US__240V_,Ningbo_Ginlong_Technologies_Co___Ltd___Solis_1P7K_4G_US__240V_
Ningbo_Ginlong_Technologies_Co___Ltd___Solis_1P8K_4G_US,Ningbo_Ginlong_Technologies_Co___Ltd___Solis_1P8K_4G_US
Ningbo_Ginlong_Technologies_Co___Ltd___Solis_1P8K_4G_US__240V_,Ningbo_Ginlong_Technologies_Co___Ltd___Solis_1P8K_4G_US__240V_
Ningbo_Ginlong_Technologies_Co___Ltd___Solis_1P9K_4G_US,Ningbo_Ginlong_Technologies_Co___Ltd___Solis_1P9K_4G_US
Ningbo_Ginlong_Technologies_Co___Ltd___Solis_1P9K_4G_US__240V_,Ningbo_Ginlong_Technologies_Co___Ltd___Solis_1P9K_4G_US__240V_
Ningbo_Ginlong_Technologies_Co___Ltd___Solis_2_5K_2G_US__208V_,Ningbo_Ginlong_Technologies_Co___Ltd___Solis_2_5K_2G_US__208V_
Ningbo_Ginlong_Technologies_Co___Ltd___Solis_2_5K_2G_US__240V_,Ningbo_Ginlong_Technologies_Co___Ltd___Solis_2_5K_2G_US__240V_
Ningbo_Ginlong_Technologies_Co___Ltd___Solis_20K_US__480V_,Ningbo_Ginlong_Technologies_Co___Ltd___Solis_20K_US__480V_
Ningbo_Ginlong_Technologies_Co___Ltd___Solis_25K_US__480V_,Ningbo_Ginlong_Technologies_Co___Ltd___Solis_25K_US__480V_
Ningbo_Ginlong_Technologies_Co___Ltd___Solis_25K_US_SW__480V_,Ningbo_Ginlong_Technologies_Co___Ltd___Solis_25K_US_SW__480V_
Ningbo_Ginlong_Technologies_Co___Ltd___Solis_2K_2G_US__208V_,Ningbo_Ginlong_Technologies_Co___Ltd___Solis_2K_2G_US__208V_
Ningbo_Ginlong_Technologies_Co___Ltd___Solis_2K_2G_US__240V_,Ningbo_Ginlong_Technologies_Co___Ltd___Solis_2K_2G_US__240V_
Ningbo_Ginlong_Technologies_Co___Ltd___Solis_3_6K_2G_US__208V_,Ningbo_Ginlong_Technologies_Co___Ltd___Solis_3_6K_2G_US__208V_
Ningbo_Ginlong_Technologies_Co___Ltd___Solis_3_6K_2G_US__240V_,Ningbo_Ginlong_Technologies_Co___Ltd___Solis_3_6K_2G_US__240V_
Ningbo_Ginlong_Technologies_Co___Ltd___Solis_30K_US__480V_,Ningbo_Ginlong_Technologies_Co___Ltd___Solis_30K_US__480V_
Ningbo_Ginlong_Technologies_Co___Ltd___Solis_30K_US_SW__480V_,Ningbo_Ginlong_Technologies_Co___Ltd___Solis_30K_US_SW__480V_
Ningbo_Ginlong_Technologies_Co___Ltd___Solis_36K_US__480V_,Ningbo_Ginlong_Technologies_Co___Ltd___Solis_36K_US__480V_
Ningbo_Ginlong_Technologies_Co___Ltd___Solis_36K_US_F_SW__480V_,Ningbo_Ginlong_Technologies_Co___Ltd___Solis_36K_US_F_SW__480V_
Ningbo_Ginlong_Technologies_Co___Ltd___Solis_36K_US_SW__480V_,Ningbo_Ginlong_Technologies_Co___Ltd___Solis_36K_US_SW__480V_
Ningbo_Ginlong_Technologies_Co___Ltd___Solis_3K_2G_US__208V_,Ningbo_Ginlong_Technologies_Co___Ltd___Solis_3K_2G_US__208V_
Ningbo_Ginlong_Technologies_Co___Ltd___Solis_3K_2G_US__240V_,Ningbo_Ginlong_Technologies_Co___Ltd___Solis_3K_2G_US__240V_
Ningbo_Ginlong_Technologies_Co___Ltd___Solis_4_6K_2G_US__208V_,Ningbo_Ginlong_Technologies_Co___Ltd___Solis_4_6K_2G_US__208V_
Ningbo_Ginlong_Technologies_Co___Ltd___Solis_4_6K_2G_US__240V_,Ningbo_Ginlong_Technologies_Co___Ltd___Solis_4_6K_2G_US__240V_
Ningbo_Ginlong_Technologies_Co___Ltd___Solis_40K_US__480V_,Ningbo_Ginlong_Technologies_Co___Ltd___Solis_40K_US__480V_
Ningbo_Ginlong_Technologies_Co___Ltd___Solis_40K_US_F__480V_,Ningbo_Ginlong_Technologies_Co___Ltd___Solis_40K_US_F__480V_
Ningbo_Ginlong_Technologies_Co___Ltd___Solis_40K_US_F_SW__480V_,Ningbo_Ginlong_Technologies_Co___Ltd___Solis_40K_US_F_SW__480V_
Ningbo_Ginlong_Technologies_Co___Ltd___Solis_40K_US_SW__480V_,Ningbo_Ginlong_Technologies_Co___Ltd___Solis_40K_US_SW__480V_
Ningbo_Ginlong_Technologies_Co___Ltd___Solis_4K_2G_US__208V_,Ningbo_Ginlong_Technologies_Co___Ltd___Solis_4K_2G_US__208V_
Ningbo_Ginlong_Technologies_Co___Ltd___Solis_4K_2G_US__240V_,Ningbo_Ginlong_Technologies_Co___Ltd___Solis_4K_2G_US__240V_
Ningbo_Ginlong_Technologies_Co___Ltd___Solis_50K_US__480V_,Ningbo_Ginlong_Technologies_Co___Ltd___Solis_50K_US__480V_
Ningbo_Ginlong_Technologies_Co___Ltd___Solis_50K_US_F__480V_,Ningbo_Ginlong_Technologies_Co___Ltd___Solis_50K_US_F__480V_
Ningbo_Ginlong_Technologies_Co___Ltd___Solis_50K_US_F_SW__480V_,Ningbo_Ginlong_Technologies_Co___Ltd___Solis_50K_US_F_SW__480V_
Ningbo_Ginlong_Technologies_Co___Ltd___Solis_50K_US_SW__480V_,Ningbo_Ginlong_Technologies_Co___Ltd___Solis_50K_US_SW__480V_
Ningbo_Ginlong_Technologies_Co___Ltd___Solis_5K_2G_US__208V_,Ningbo_Ginlong_Technologies_Co___Ltd___Solis_5K_2G_US__208V_
Ningbo_Ginlong_Technologies_Co___Ltd___Solis_5K_2G_US__240V_,Ningbo_Ginlong_Technologies_Co___Ltd___Solis_5K_2G_US__240V_
Ningbo_Ginlong_Technologies_Co___Ltd___Solis_60K_US_F__480V_,Ningbo_Ginlong_Technologies_Co___Ltd___Solis_60K_US_F__480V_
Ningbo_Ginlong_Technologies_Co___Ltd___Solis_60K_US_F_SW__480V_,Ningbo_Ginlong_Technologies_Co___Ltd___Solis_60K_US_F_SW__480V_
Ningbo_Ginlong_Technologies_Co___Ltd___Solis_66K_US_F__480V_,Ningbo_Ginlong_Technologies_Co___Ltd___Solis_66K_US_F__480V_
Ningbo_Ginlong_Technologies_Co___Ltd___Solis_66K_US_F_SW__480V_,Ningbo_Ginlong_Technologies_Co___Ltd___Solis_66K_US_F_SW__480V_
Ningbo_Ginlong_Technologies_Co___Ltd___Solis_6K_US_480_Vac__480V_,Ningbo_Ginlong_Technologies_Co___Ltd___Solis_6K_US_480_Vac__480V_
Northern_Electric_&_Power_Co___Ltd__BDM_300_208A__208V_,Northern_Electric_&_Power_Co___Ltd__BDM_300_208A__208V_
Northern_Electric_&_Power_Co___Ltd__BDM_300_240A__240V_,Northern_Electric_&_Power_Co___Ltd__BDM_300_240A__240V_
Northern_Electric_&_Power__BDM_250_208A__208V_,Northern_Electric_&_Power__BDM_250_208A__208V_
Northern_Electric_&_Power__BDM_250_240A__240V_,Northern_Electric_&_Power__BDM_250_240A__240V_
Northern_Electric__BDM_300X2_208A__208V_,Northern_Electric__BDM_300X2_208A__208V_
Northern_Electric__BDM_300X2_240A__240V_,Northern_Electric__BDM_300X2_240A__240V_
ONE_SUN___MEXICO_S_A_DE_C_V___1S480_10k__480V_,ONE_SUN___MEXICO_S_A_DE_C_V___1S480_10k__480V_
OPTI_International__GT_1500__208V_,OPTI_International__GT_1500__208V_
OPTI_International__GT_1500__240V_,OPTI_International__GT_1500__240V_
OPTI_International__GT_2000__208V_,OPTI_International__GT_2000__208V_
OPTI_International__GT_2000__240V_,OPTI_International__GT_2000__240V_
OPTI_International__GT_3000__208V_,OPTI_International__GT_3000__208V_
OPTI_International__GT_3000__240V_,OPTI_International__GT_3000__240V_
OPTI_Solar__GT_4000__208V_,OPTI_Solar__GT_4000__208V_
OPTI_Solar__GT_4000__240V_,OPTI_Solar__GT_4000__240V_
Open_Energy__Solar_Save_1100__240V_,Open_Energy__Solar_Save_1100__240V_
Open_Energy__Solar_Save_2000__240V_,Open_Energy__Solar_Save_2000__240V_
Open_Energy__Solar_Save_2500__240V_,Open_Energy__Solar_Save_2500__240V_
Open_Energy__Solar_Save_3500__240V_,Open_Energy__Solar_Save_3500__240V_
Open_Energy__Solar_Save_4600__208V_,Open_Energy__Solar_Save_4600__208V_
Open_Energy__Solar_Save_4800__240V_,Open_Energy__Solar_Save_4800__240V_
Open_Energy__Solar_Save_5200__240V_,Open_Energy__Solar_Save_5200__240V_
OutBack_Power_Technologies___Inc___FXR3048A,OutBack_Power_Technologies___Inc___FXR3048A
OutBack_Power_Technologies___Inc___FXR3048A__120V_,OutBack_Power_Technologies___Inc___FXR3048A__120V_
OutBack_Power_Technologies___Inc___GS4048A,OutBack_Power_Technologies___Inc___GS4048A
OutBack_Power_Technologies___Inc___GS4048A__240V_,OutBack_Power_Technologies___Inc___GS4048A__240V_
OutBack_Power_Technologies___Inc___GS8048,OutBack_Power_Technologies___Inc___GS8048
OutBack_Power_Technologies___Inc___GS8048A,OutBack_Power_Technologies___Inc___GS8048A
OutBack_Power_Technologies___Inc___GS8048A__240V_,OutBack_Power_Technologies___Inc___GS8048A__240V_
OutBack_Power_Technologies___Inc___GTFX3048,OutBack_Power_Technologies___Inc___GTFX3048
OutBack_Power_Technologies___Inc___GVFX3524,OutBack_Power_Technologies___Inc___GVFX3524
OutBack_Power_Technologies___Inc___GVFX3648,OutBack_Power_Technologies___Inc___GVFX3648
OutBack_Power_Technologies___Inc___PHXL480_10k__480V_,OutBack_Power_Technologies___Inc___PHXL480_10k__480V_
OutBack_Power_Technologies___Inc___SBX5048_120_240__240V_,OutBack_Power_Technologies___Inc___SBX5048_120_240__240V_
OutBack_Power_Technologies___Inc___VFXR3524A,OutBack_Power_Technologies___Inc___VFXR3524A
OutBack_Power_Technologies___Inc___VFXR3524A__120V_,OutBack_Power_Technologies___Inc___VFXR3524A__120V_
OutBack_Power_Technologies___Inc___VFXR3648A,OutBack_Power_Technologies___Inc___VFXR3648A
OutBack_Power_Technologies___Inc___VFXR3648A__120V_,OutBack_Power_Technologies___Inc___VFXR3648A__120V_
PV_Powered__PVP100_kW_208__208V_,PV_Powered__PVP100_kW_208__208V_
PV_Powered__PVP100_kW_480__480V_,PV_Powered__PVP100_kW_480__480V_
PV_Powered__PVP100KW_600__600V_,PV_Powered__PVP100KW_600__600V_
PV_Powered__PVP1100,PV_Powered__PVP1100
PV_Powered__PVP1100EVR__120V_,PV_Powered__PVP1100EVR__120V_
PV_Powered__PVP2000__120V_,PV_Powered__PVP2000__120V_
PV_Powered__PVP2000EVR__240V_,PV_Powered__PVP2000EVR__240V_
PV_Powered__PVP2500__240V_,PV_Powered__PVP2500__240V_
PV_Powered__PVP250KW_480__480V_,PV_Powered__PVP250KW_480__480V_
PV_Powered__PVP250KW_600__600V_,PV_Powered__PVP250KW_600__600V_
PV_Powered__PVP260KW__480V_,PV_Powered__PVP260KW__480V_
PV_Powered__PVP260KW_LV__480V_,PV_Powered__PVP260KW_LV__480V_
PV_Powered__PVP2800_208__208V_,PV_Powered__PVP2800_208__208V_
PV_Powered__PVP3000__240V_,PV_Powered__PVP3000__240V_
PV_Powered__PVP30KW_208__208V_,PV_Powered__PVP30KW_208__208V_
PV_Powered__PVP30KW_480__480V_,PV_Powered__PVP30KW_480__480V_
PV_Powered__PVP30KW_LV_208__208V_,PV_Powered__PVP30KW_LV_208__208V_
PV_Powered__PVP30KW_LV_480__480V_,PV_Powered__PVP30KW_LV_480__480V_
PV_Powered__PVP35_kW_208__208V_,PV_Powered__PVP35_kW_208__208V_
PV_Powered__PVP35_kW_480__480V_,PV_Powered__PVP35_kW_480__480V_
PV_Powered__PVP35_kW_600__600V_,PV_Powered__PVP35_kW_600__600V_
PV_Powered__PVP3500__240V_,PV_Powered__PVP3500__240V_
PV_Powered__PVP4600__240V_,PV_Powered__PVP4600__240V_
PV_Powered__PVP4800__240V_,PV_Powered__PVP4800__240V_
PV_Powered__PVP50KW_208__208V_,PV_Powered__PVP50KW_208__208V_
PV_Powered__PVP50KW_480__480V_,PV_Powered__PVP50KW_480__480V_
PV_Powered__PVP50KW_600__600V_,PV_Powered__PVP50KW_600__600V_
PV_Powered__PVP5200__240V_,PV_Powered__PVP5200__240V_
PV_Powered__PVP75KW_208__208V_,PV_Powered__PVP75KW_208__208V_
PV_Powered__PVP75KW_480__480V_,PV_Powered__PVP75KW_480__480V_
PV_Powered__PVP75KW_600__600V_,PV_Powered__PVP75KW_600__600V_
Perfect_Galaxy_International_Ltd___EQX0500UV320XP_N_,Perfect_Galaxy_International_Ltd___EQX0500UV320XP_N_
Perfect_Galaxy_International_Ltd__EQMX0500UV320XN__320V_,Perfect_Galaxy_International_Ltd__EQMX0500UV320XN__320V_
Perfect_Galaxy_International_Ltd__EQMX0500UV320XP__320V_,Perfect_Galaxy_International_Ltd__EQMX0500UV320XP__320V_
Perfect_Galaxy_International_Ltd__EQMX0630UV400XN__400V_,Perfect_Galaxy_International_Ltd__EQMX0630UV400XN__400V_
Perfect_Galaxy_International_Ltd__EQMX0630UV400XP__400V_,Perfect_Galaxy_International_Ltd__EQMX0630UV400XP__400V_
Perfect_Galaxy__AE_100_60_PV_A__480V_,Perfect_Galaxy__AE_100_60_PV_A__480V_
Perfect_Galaxy__AE_100_60_PV_A_HE__480V_,Perfect_Galaxy__AE_100_60_PV_A_HE__480V_
Perfect_Galaxy__AE_100_60_PV_D__208V_,Perfect_Galaxy__AE_100_60_PV_D__208V_
Perfect_Galaxy__AE_100_60_PV_F__240V_,Perfect_Galaxy__AE_100_60_PV_F__240V_
Perfect_Galaxy__AE_135_60_PV_A__480V_,Perfect_Galaxy__AE_135_60_PV_A__480V_
Perfect_Galaxy__AE_135_60_PV_D__208V_,Perfect_Galaxy__AE_135_60_PV_D__208V_
Perfect_Galaxy__AE_225_60_PV_A__480V_,Perfect_Galaxy__AE_225_60_PV_A__480V_
Perfect_Galaxy__AE_225_60_PV_D__208V_,Perfect_Galaxy__AE_225_60_PV_D__208V_
Perfect_Galaxy__AE_30_60_PV_A__480V_,Perfect_Galaxy__AE_30_60_PV_A__480V_
Perfect_Galaxy__AE_30_60_PV_D__208V_,Perfect_Galaxy__AE_30_60_PV_D__208V_
Perfect_Galaxy__AE_30_60_PV_E__240V_,Perfect_Galaxy__AE_30_60_PV_E__240V_
Perfect_Galaxy__AE_30_60_PV_F__240V_,Perfect_Galaxy__AE_30_60_PV_F__240V_
Perfect_Galaxy__AE_50_60_PV_A__480V_,Perfect_Galaxy__AE_50_60_PV_A__480V_
Perfect_Galaxy__AE_50_60_PV_D__208V_,Perfect_Galaxy__AE_50_60_PV_D__208V_
Perfect_Galaxy__AE_50_60_PV_F__240V_,Perfect_Galaxy__AE_50_60_PV_F__240V_
Perfect_Galaxy__AE_500_60_PV_A__480V_,Perfect_Galaxy__AE_500_60_PV_A__480V_
Perfect_Galaxy__AE_75_60_PV_A__480V_,Perfect_Galaxy__AE_75_60_PV_A__480V_
Perfect_Galaxy__AE_75_60_PV_D__208V_,Perfect_Galaxy__AE_75_60_PV_D__208V_
Perfect_Galaxy__EPP_1000_0600_32060_200X_U_N,Perfect_Galaxy__EPP_1000_0600_32060_200X_U_N
Perfect_Galaxy__EPP_1000_0600_32060_200X_U_P,Perfect_Galaxy__EPP_1000_0600_32060_200X_U_P
Perfect_Galaxy__EPP_1250_1000_52085_320X_U_N,Perfect_Galaxy__EPP_1250_1000_52085_320X_U_N
Perfect_Galaxy__EPP_1250_1000_52085_320X_U_P,Perfect_Galaxy__EPP_1250_1000_52085_320X_U_P
Perfect_Galaxy__EQX0250UV480TN__P_,Perfect_Galaxy__EQX0250UV480TN__P_
Perfect_Galaxy__EQX0500US200X_N,Perfect_Galaxy__EQX0500US200X_N
Perfect_Galaxy__EQX0500US200X_P,Perfect_Galaxy__EQX0500US200X_P
Perfect_Galaxy__EQX0500US480T_N,Perfect_Galaxy__EQX0500US480T_N
Perfect_Galaxy__EQX0500US480T_P,Perfect_Galaxy__EQX0500US480T_P
Perfect_Galaxy__EQX0500UV320XP_N_,Perfect_Galaxy__EQX0500UV320XP_N_
Perfect_Galaxy__EQX0630UV360XP_N_,Perfect_Galaxy__EQX0630UV360XP_N_
Perfect_Galaxy__EQX0750UV320XP_N_,Perfect_Galaxy__EQX0750UV320XP_N_
Perfect_Galaxy__EQX1000UV400XP_N_,Perfect_Galaxy__EQX1000UV400XP_N_
Perfect_Galaxy__PV_625_XRLS_VV_RVG,Perfect_Galaxy__PV_625_XRLS_VV_RVG
Perfect_Galaxy__PV_625_XRLS_VV_STG,Perfect_Galaxy__PV_625_XRLS_VV_STG
Perfect_Galaxy__PV_680_XRLS_VV_RVG,Perfect_Galaxy__PV_680_XRLS_VV_RVG
Perfect_Galaxy__PV_680_XRLS_VV_STG,Perfect_Galaxy__PV_680_XRLS_VV_STG
Perfect_Galaxy__PVS_100__208V_,Perfect_Galaxy__PVS_100__208V_
Perfect_Galaxy__PVS_100__240V_,Perfect_Galaxy__PVS_100__240V_
Perfect_Galaxy__PVS_100__480V_,Perfect_Galaxy__PVS_100__480V_
Perfect_Galaxy__PVS_1000,Perfect_Galaxy__PVS_1000
Perfect_Galaxy__PVS_110_S_MT__208V_,Perfect_Galaxy__PVS_110_S_MT__208V_
Perfect_Galaxy__PVS_110_S_MT__240V_,Perfect_Galaxy__PVS_110_S_MT__240V_
Perfect_Galaxy__PVS_110_S_MT__480V_,Perfect_Galaxy__PVS_110_S_MT__480V_
Perfect_Galaxy__PVS_135__208V_,Perfect_Galaxy__PVS_135__208V_
Perfect_Galaxy__PVS_135__240V_,Perfect_Galaxy__PVS_135__240V_
Perfect_Galaxy__PVS_135__480V_,Perfect_Galaxy__PVS_135__480V_
Perfect_Galaxy__PVS_210_S__208V_,Perfect_Galaxy__PVS_210_S__208V_
Perfect_Galaxy__PVS_210_S__240V_,Perfect_Galaxy__PVS_210_S__240V_
Perfect_Galaxy__PVS_210_S__480V_,Perfect_Galaxy__PVS_210_S__480V_
Perfect_Galaxy__PVS_250,Perfect_Galaxy__PVS_250
Perfect_Galaxy__PVS_250__208V_,Perfect_Galaxy__PVS_250__208V_
Perfect_Galaxy__PVS_250__240V_,Perfect_Galaxy__PVS_250__240V_
Perfect_Galaxy__PVS_250__480V_,Perfect_Galaxy__PVS_250__480V_
Perfect_Galaxy__PVS_30__208V_,Perfect_Galaxy__PVS_30__208V_
Perfect_Galaxy__PVS_30__240V_,Perfect_Galaxy__PVS_30__240V_
Perfect_Galaxy__PVS_30__480V_,Perfect_Galaxy__PVS_30__480V_
Perfect_Galaxy__PVS_375__480V_,Perfect_Galaxy__PVS_375__480V_
Perfect_Galaxy__PVS_50__208V_,Perfect_Galaxy__PVS_50__208V_
Perfect_Galaxy__PVS_50__240V_,Perfect_Galaxy__PVS_50__240V_
Perfect_Galaxy__PVS_50__480V_,Perfect_Galaxy__PVS_50__480V_
Perfect_Galaxy__PVS_50_S_MT__208V_,Perfect_Galaxy__PVS_50_S_MT__208V_
Perfect_Galaxy__PVS_50_S_MT__240V_,Perfect_Galaxy__PVS_50_S_MT__240V_
Perfect_Galaxy__PVS_50_S_MT__480V_,Perfect_Galaxy__PVS_50_S_MT__480V_
Perfect_Galaxy__PVS_500,Perfect_Galaxy__PVS_500
Perfect_Galaxy__PVS_500__480V_,Perfect_Galaxy__PVS_500__480V_
Perfect_Galaxy__PVS_75__208V_,Perfect_Galaxy__PVS_75__208V_
Perfect_Galaxy__PVS_75__240V_,Perfect_Galaxy__PVS_75__240V_
Perfect_Galaxy__PVS_75__480V_,Perfect_Galaxy__PVS_75__480V_
Perfect_Galaxy__SDMS0100208LNIU__208V_,Perfect_Galaxy__SDMS0100208LNIU__208V_
Perfect_Galaxy__SDMS0100240LNIU__240V_,Perfect_Galaxy__SDMS0100240LNIU__240V_
Perfect_Galaxy__SDMS0100480LNIU__480V_,Perfect_Galaxy__SDMS0100480LNIU__480V_
Perfect_Galaxy__SDMS0500UL320XN,Perfect_Galaxy__SDMS0500UL320XN
Perfect_Galaxy__SDMS0500UL320XP,Perfect_Galaxy__SDMS0500UL320XP
Perfect_Galaxy__SDMS0500UL480TN,Perfect_Galaxy__SDMS0500UL480TN
Perfect_Galaxy__SDMS0500UL480TP,Perfect_Galaxy__SDMS0500UL480TP
Petra_Solar__103_10866_500x__120V_,Petra_Solar__103_10866_500x__120V_
Petra_Systems__103_10400_0001__120V_,Petra_Systems__103_10400_0001__120V_
Petra_Systems__103_10400_0002__240V_,Petra_Systems__103_10400_0002__240V_
Phoenixtec_Power__PS240US3R__208V_,Phoenixtec_Power__PS240US3R__208V_
Phoenixtec_Power__PS240US3R__240V_,Phoenixtec_Power__PS240US3R__240V_
Phono_Solar_Technology__PS240M_20_U_AC,Phono_Solar_Technology__PS240M_20_U_AC
Phono_Solar_Technology__PS240P_20_U_AC,Phono_Solar_Technology__PS240P_20_U_AC
Phono_Solar_Technology__PS245M_20_U_AC,Phono_Solar_Technology__PS245M_20_U_AC
Phono_Solar_Technology__PS245P_20_U_AC,Phono_Solar_Technology__PS245P_20_U_AC
Phono_Solar_Technology__PS250M_20_U_AC,Phono_Solar_Technology__PS250M_20_U_AC
Phono_Solar_Technology__PS250P_20_U_AC,Phono_Solar_Technology__PS250P_20_U_AC
Phono_Solar_Technology__PS255M_20_U_AC,Phono_Solar_Technology__PS255M_20_U_AC
Phono_Solar_Technology__PS255P_20_U_AC,Phono_Solar_Technology__PS255P_20_U_AC
Phono_Solar_Technology__PS260M_20_U_AC,Phono_Solar_Technology__PS260M_20_U_AC
Phono_Solar_Technology__PS260P_20_U_AC,Phono_Solar_Technology__PS260P_20_U_AC
Pika_Energy__X11402__208V_,Pika_Energy__X11402__208V_
Pika_Energy__X11403__208V_,Pika_Energy__X11403__208V_
Pika_Energy__X3001_NA,Pika_Energy__X3001_NA
Pika_Energy__X7601__240V_,Pika_Energy__X7601__240V_
Pika_Energy__X7602__240V_,Pika_Energy__X7602__240V_
Pika_Energy__X7603__240V_,Pika_Energy__X7603__240V_
Power_Electronics__FS01110CU,Power_Electronics__FS01110CU
Power_Electronics__FS01110PU,Power_Electronics__FS01110PU
Power_Electronics__FS0300CU,Power_Electronics__FS0300CU
Power_Electronics__FS0300PU,Power_Electronics__FS0300PU
Power_Electronics__FS0450CU,Power_Electronics__FS0450CU
Power_Electronics__FS0450PU,Power_Electronics__FS0450PU
Power_Electronics__FS0501CU,Power_Electronics__FS0501CU
Power_Electronics__FS0560CU,Power_Electronics__FS0560CU
Power_Electronics__FS0560PU,Power_Electronics__FS0560PU
Power_Electronics__FS0600CU,Power_Electronics__FS0600CU
Power_Electronics__FS0600PU,Power_Electronics__FS0600PU
Power_Electronics__FS0640CU,Power_Electronics__FS0640CU
Power_Electronics__FS0640PU,Power_Electronics__FS0640PU
Power_Electronics__FS0701CU__360V_,Power_Electronics__FS0701CU__360V_
Power_Electronics__FS0750CU,Power_Electronics__FS0750CU
Power_Electronics__FS0751CU,Power_Electronics__FS0751CU
Power_Electronics__FS0751PU,Power_Electronics__FS0751PU
Power_Electronics__FS0830CU,Power_Electronics__FS0830CU
Power_Electronics__FS0830PU,Power_Electronics__FS0830PU
Power_Electronics__FS0900CU,Power_Electronics__FS0900CU
Power_Electronics__FS0901CU,Power_Electronics__FS0901CU
Power_Electronics__FS0940CU,Power_Electronics__FS0940CU
Power_Electronics__FS0970CU,Power_Electronics__FS0970CU
Power_Electronics__FS0970PU,Power_Electronics__FS0970PU
Power_Electronics__FS1000CU__440V_,Power_Electronics__FS1000CU__440V_
Power_Electronics__FS1001CU,Power_Electronics__FS1001CU
Power_Electronics__FS1003CU,Power_Electronics__FS1003CU
Power_Electronics__FS1004CU,Power_Electronics__FS1004CU
Power_Electronics__FS1050CU,Power_Electronics__FS1050CU
Power_Electronics__FS1050CU15__565V_,Power_Electronics__FS1050CU15__565V_
Power_Electronics__FS1050PU,Power_Electronics__FS1050PU
Power_Electronics__FS1051CU,Power_Electronics__FS1051CU
Power_Electronics__FS1080CU__400V_,Power_Electronics__FS1080CU__400V_
Power_Electronics__FS1100CU15__600V_,Power_Electronics__FS1100CU15__600V_
Power_Electronics__FS1100CU15O3__600V_,Power_Electronics__FS1100CU15O3__600V_
Power_Electronics__FS1112CU__440V_,Power_Electronics__FS1112CU__440V_
Power_Electronics__FS1140CU__420V_,Power_Electronics__FS1140CU__420V_
Power_Electronics__FS1190CU__440V_,Power_Electronics__FS1190CU__440V_
Power_Electronics__FS1200CU,Power_Electronics__FS1200CU
Power_Electronics__FS1200CU15__645V_,Power_Electronics__FS1200CU15__645V_
Power_Electronics__FS1200PU,Power_Electronics__FS1200PU
Power_Electronics__FS1201CU__400V_,Power_Electronics__FS1201CU__400V_
Power_Electronics__FS1250CU,Power_Electronics__FS1250CU
Power_Electronics__FS1250PU,Power_Electronics__FS1250PU
Power_Electronics__FS1260CU__400V_,Power_Electronics__FS1260CU__400V_
Power_Electronics__FS1271CU__420V_,Power_Electronics__FS1271CU__420V_
Power_Electronics__FS1275CU15__690V_,Power_Electronics__FS1275CU15__690V_
Power_Electronics__FS1290CU__330V_,Power_Electronics__FS1290CU__330V_
Power_Electronics__FS1330CU__420V_,Power_Electronics__FS1330CU__420V_
Power_Electronics__FS1331CU__440V_,Power_Electronics__FS1331CU__440V_
Power_Electronics__FS1390CU__440V_,Power_Electronics__FS1390CU__440V_
Power_Electronics__FS1400CU15__565V_,Power_Electronics__FS1400CU15__565V_
Power_Electronics__FS1401CU__400V_,Power_Electronics__FS1401CU__400V_
Power_Electronics__FS1430CU__330V_,Power_Electronics__FS1430CU__330V_
Power_Electronics__FS1440CU__400V_,Power_Electronics__FS1440CU__400V_
Power_Electronics__FS1475CU15__600V_,Power_Electronics__FS1475CU15__600V_
Power_Electronics__FS1480CU__420V_,Power_Electronics__FS1480CU__420V_
Power_Electronics__FS1500CU15O3__600V_,Power_Electronics__FS1500CU15O3__600V_
Power_Electronics__FS1520CU__420V_,Power_Electronics__FS1520CU__420V_
Power_Electronics__FS1530CU__390V_,Power_Electronics__FS1530CU__390V_
Power_Electronics__FS1550CU__440V_,Power_Electronics__FS1550CU__440V_
Power_Electronics__FS1590CU__440V_,Power_Electronics__FS1590CU__440V_
Power_Electronics__FS1600CU__400V_,Power_Electronics__FS1600CU__400V_
Power_Electronics__FS1600CU15__645V_,Power_Electronics__FS1600CU15__645V_
Power_Electronics__FS1620CU__400V_,Power_Electronics__FS1620CU__400V_
Power_Electronics__FS1690CU__420V_,Power_Electronics__FS1690CU__420V_
Power_Electronics__FS1700CU__390V_,Power_Electronics__FS1700CU__390V_
Power_Electronics__FS1700CU15__690V_,Power_Electronics__FS1700CU15__690V_
Power_Electronics__FS1710CU__420V_,Power_Electronics__FS1710CU__420V_
Power_Electronics__FS1750CU15__565V_,Power_Electronics__FS1750CU15__565V_
Power_Electronics__FS1770CU__440V_,Power_Electronics__FS1770CU__440V_
Power_Electronics__FS1790CU__440V_,Power_Electronics__FS1790CU__440V_
Power_Electronics__FS1800CU__400V_,Power_Electronics__FS1800CU__400V_
Power_Electronics__FS1801CU__400V_,Power_Electronics__FS1801CU__400V_
Power_Electronics__FS1850CU15__600V_,Power_Electronics__FS1850CU15__600V_
Power_Electronics__FS1850CU15O3__600V_,Power_Electronics__FS1850CU15O3__600V_
Power_Electronics__FS1900CU__420V_,Power_Electronics__FS1900CU__420V_
Power_Electronics__FS1901CU__420V_,Power_Electronics__FS1901CU__420V_
Power_Electronics__FS1980CU__440V_,Power_Electronics__FS1980CU__440V_
Power_Electronics__FS1991CU__440V_,Power_Electronics__FS1991CU__440V_
Power_Electronics__FS2000CU__400V_,Power_Electronics__FS2000CU__400V_
Power_Electronics__FS2000CU15__645V_,Power_Electronics__FS2000CU15__645V_
Power_Electronics__FS2100CU15__565V_,Power_Electronics__FS2100CU15__565V_
Power_Electronics__FS2110CU__420V_,Power_Electronics__FS2110CU__420V_
Power_Electronics__FS2125CU15__690V_,Power_Electronics__FS2125CU15__690V_
Power_Electronics__FS2150CU15__645V_,Power_Electronics__FS2150CU15__645V_
Power_Electronics__FS2200CU__440V_,Power_Electronics__FS2200CU__440V_
Power_Electronics__FS2225CU15__600V_,Power_Electronics__FS2225CU15__600V_
Power_Electronics__FS2250CU15O3__600V_,Power_Electronics__FS2250CU15O3__600V_
Power_Electronics__FS2300CU15__690V_,Power_Electronics__FS2300CU15__690V_
Power_Electronics__FS2400CU15__645V_,Power_Electronics__FS2400CU15__645V_
Power_Electronics__FS2450CU15__565V_,Power_Electronics__FS2450CU15__565V_
Power_Electronics__FS2550CU15__690V_,Power_Electronics__FS2550CU15__690V_
Power_Electronics__FS2600CU15__600V_,Power_Electronics__FS2600CU15__600V_
Power_Electronics__FS2600CU15O3__600V_,Power_Electronics__FS2600CU15O3__600V_
Power_Electronics__FS2800CU15__645V_,Power_Electronics__FS2800CU15__645V_
Power_Electronics__FS3000CU15__690V_,Power_Electronics__FS3000CU15__690V_
Power_One__MICRO_0_25_I_OUTD_US_208__208V_,Power_One__MICRO_0_25_I_OUTD_US_208__208V_
Power_One__MICRO_0_25_I_OUTD_US_240__240V_,Power_One__MICRO_0_25_I_OUTD_US_240__240V_
Power_One__MICRO_0_3_I_OUTD_US_208__208V_,Power_One__MICRO_0_3_I_OUTD_US_208__208V_
Power_One__MICRO_0_3_I_OUTD_US_240__240V_,Power_One__MICRO_0_3_I_OUTD_US_240__240V_
Power_One__MICRO_0_3HV_I_OUTD_US_208__208V_,Power_One__MICRO_0_3HV_I_OUTD_US_208__208V_
Power_One__MICRO_0_3HV_I_OUTD_US_240__240V_,Power_One__MICRO_0_3HV_I_OUTD_US_240__240V_
Power_One__PVI_10_0_I_OUTD_x_US_208_y__208V_,Power_One__PVI_10_0_I_OUTD_x_US_208_y__208V_
Power_One__PVI_10_0_I_OUTD_x_US_480_y_z__480V_,Power_One__PVI_10_0_I_OUTD_x_US_480_y_z__480V_
Power_One__PVI_12_0_I_OUTD_x_US_480_y__480V_,Power_One__PVI_12_0_I_OUTD_x_US_480_y__480V_
Power_One__PVI_3_0_OUTD_S_US__208V_,Power_One__PVI_3_0_OUTD_S_US__208V_
Power_One__PVI_3_0_OUTD_S_US__240V_,Power_One__PVI_3_0_OUTD_S_US__240V_
Power_One__PVI_3_0_OUTD_S_US__277V_,Power_One__PVI_3_0_OUTD_S_US__277V_
Power_One__PVI_3_0_OUTD_S_US_A__208V_,Power_One__PVI_3_0_OUTD_S_US_A__208V_
Power_One__PVI_3_0_OUTD_S_US_A__240V_,Power_One__PVI_3_0_OUTD_S_US_A__240V_
Power_One__PVI_3_0_OUTD_S_US_A__277V_,Power_One__PVI_3_0_OUTD_S_US_A__277V_
Power_One__PVI_3_0_OUTD_S_US_Z__208V_,Power_One__PVI_3_0_OUTD_S_US_Z__208V_
Power_One__PVI_3_0_OUTD_S_US_Z__240V_,Power_One__PVI_3_0_OUTD_S_US_Z__240V_
Power_One__PVI_3_0_OUTD_S_US_Z__277V_,Power_One__PVI_3_0_OUTD_S_US_Z__277V_
Power_One__PVI_3_0_OUTD_S_US_Z_A__208V_,Power_One__PVI_3_0_OUTD_S_US_Z_A__208V_
Power_One__PVI_3_0_OUTD_S_US_Z_A__240V_,Power_One__PVI_3_0_OUTD_S_US_Z_A__240V_
Power_One__PVI_3_0_OUTD_S_US_Z_A__277V_,Power_One__PVI_3_0_OUTD_S_US_Z_A__277V_
Power_One__PVI_3_0_OUTD_US__208V_,Power_One__PVI_3_0_OUTD_US__208V_
Power_One__PVI_3_0_OUTD_US__240V_,Power_One__PVI_3_0_OUTD_US__240V_
Power_One__PVI_3_0_OUTD_US__277V_,Power_One__PVI_3_0_OUTD_US__277V_
Power_One__PVI_3_6_OUTD_S_US__208V_,Power_One__PVI_3_6_OUTD_S_US__208V_
Power_One__PVI_3_6_OUTD_S_US__240V_,Power_One__PVI_3_6_OUTD_S_US__240V_
Power_One__PVI_3_6_OUTD_S_US__277V_,Power_One__PVI_3_6_OUTD_S_US__277V_
Power_One__PVI_3_6_OUTD_S_US_A__208V_,Power_One__PVI_3_6_OUTD_S_US_A__208V_
Power_One__PVI_3_6_OUTD_S_US_A__240V_,Power_One__PVI_3_6_OUTD_S_US_A__240V_
Power_One__PVI_3_6_OUTD_S_US_A__277V_,Power_One__PVI_3_6_OUTD_S_US_A__277V_
Power_One__PVI_3_6_OUTD_S_US_Z__208V_,Power_One__PVI_3_6_OUTD_S_US_Z__208V_
Power_One__PVI_3_6_OUTD_S_US_Z__240V_,Power_One__PVI_3_6_OUTD_S_US_Z__240V_
Power_One__PVI_3_6_OUTD_S_US_Z__277V_,Power_One__PVI_3_6_OUTD_S_US_Z__277V_
Power_One__PVI_3_6_OUTD_S_US_Z_A__208V_,Power_One__PVI_3_6_OUTD_S_US_Z_A__208V_
Power_One__PVI_3_6_OUTD_S_US_Z_A__240V_,Power_One__PVI_3_6_OUTD_S_US_Z_A__240V_
Power_One__PVI_3_6_OUTD_S_US_Z_A__277V_,Power_One__PVI_3_6_OUTD_S_US_Z_A__277V_
Power_One__PVI_3_6_OUTD_US__208V_,Power_One__PVI_3_6_OUTD_US__208V_
Power_One__PVI_3_6_OUTD_US__240V_,Power_One__PVI_3_6_OUTD_US__240V_
Power_One__PVI_3_6_OUTD_US__277V_,Power_One__PVI_3_6_OUTD_US__277V_
Power_One__PVI_3_8_1_OUTD_x_US_y__208V_,Power_One__PVI_3_8_1_OUTD_x_US_y__208V_
Power_One__PVI_3_8_1_OUTD_x_US_y__240V_,Power_One__PVI_3_8_1_OUTD_x_US_y__240V_
Power_One__PVI_3_8_1_OUTD_x_US_y__277V_,Power_One__PVI_3_8_1_OUTD_x_US_y__277V_
Power_One__PVI_3_8_OUTD_S_US__208V_,Power_One__PVI_3_8_OUTD_S_US__208V_
Power_One__PVI_3_8_OUTD_S_US__240V_,Power_One__PVI_3_8_OUTD_S_US__240V_
Power_One__PVI_3_8_OUTD_S_US__277V_,Power_One__PVI_3_8_OUTD_S_US__277V_
Power_One__PVI_3_8_OUTD_S_US_A__208V_,Power_One__PVI_3_8_OUTD_S_US_A__208V_
Power_One__PVI_3_8_OUTD_S_US_A__240V_,Power_One__PVI_3_8_OUTD_S_US_A__240V_
Power_One__PVI_3_8_OUTD_S_US_A__277V_,Power_One__PVI_3_8_OUTD_S_US_A__277V_
Power_One__PVI_3_8_OUTD_S_US_Z__208V_,Power_One__PVI_3_8_OUTD_S_US_Z__208V_
Power_One__PVI_3_8_OUTD_S_US_Z__240V_,Power_One__PVI_3_8_OUTD_S_US_Z__240V_
Power_One__PVI_3_8_OUTD_S_US_Z__277V_,Power_One__PVI_3_8_OUTD_S_US_Z__277V_
Power_One__PVI_3_8_OUTD_S_US_Z_A__208V_,Power_One__PVI_3_8_OUTD_S_US_Z_A__208V_
Power_One__PVI_3_8_OUTD_S_US_Z_A__240V_,Power_One__PVI_3_8_OUTD_S_US_Z_A__240V_
Power_One__PVI_3_8_OUTD_S_US_Z_A__277V_,Power_One__PVI_3_8_OUTD_S_US_Z_A__277V_
Power_One__PVI_3_8_OUTD_US__208V_,Power_One__PVI_3_8_OUTD_US__208V_
Power_One__PVI_3_8_OUTD_US__240V_,Power_One__PVI_3_8_OUTD_US__240V_
Power_One__PVI_3_8_OUTD_US__277V_,Power_One__PVI_3_8_OUTD_US__277V_
Power_One__PVI_3000_I_OUTD_US__208V_,Power_One__PVI_3000_I_OUTD_US__208V_
Power_One__PVI_3000_I_OUTD_US__240V_,Power_One__PVI_3000_I_OUTD_US__240V_
Power_One__PVI_3000_I_OUTD_US_F__208V_,Power_One__PVI_3000_I_OUTD_US_F__208V_
Power_One__PVI_3000_I_OUTD_US_F__240V_,Power_One__PVI_3000_I_OUTD_US_F__240V_
Power_One__PVI_3600_OUTD_US_F__208V_,Power_One__PVI_3600_OUTD_US_F__208V_
Power_One__PVI_3600_OUTD_US_F__240V_,Power_One__PVI_3600_OUTD_US_F__240V_
Power_One__PVI_3600_US__208V_,Power_One__PVI_3600_US__208V_
Power_One__PVI_3600_US__240V_,Power_One__PVI_3600_US__240V_
Power_One__PVI_4_2_OUTD_S_US__208V_,Power_One__PVI_4_2_OUTD_S_US__208V_
Power_One__PVI_4_2_OUTD_S_US__240V_,Power_One__PVI_4_2_OUTD_S_US__240V_
Power_One__PVI_4_2_OUTD_S_US__277V_,Power_One__PVI_4_2_OUTD_S_US__277V_
Power_One__PVI_4_2_OUTD_S_US_A__208V_,Power_One__PVI_4_2_OUTD_S_US_A__208V_
Power_One__PVI_4_2_OUTD_S_US_A__240V_,Power_One__PVI_4_2_OUTD_S_US_A__240V_
Power_One__PVI_4_2_OUTD_S_US_A__277V_,Power_One__PVI_4_2_OUTD_S_US_A__277V_
Power_One__PVI_4_2_OUTD_S_US_Z__208V_,Power_One__PVI_4_2_OUTD_S_US_Z__208V_
Power_One__PVI_4_2_OUTD_S_US_Z__240V_,Power_One__PVI_4_2_OUTD_S_US_Z__240V_
Power_One__PVI_4_2_OUTD_S_US_Z__277V_,Power_One__PVI_4_2_OUTD_S_US_Z__277V_
Power_One__PVI_4_2_OUTD_S_US_Z_A__208V_,Power_One__PVI_4_2_OUTD_S_US_Z_A__208V_
Power_One__PVI_4_2_OUTD_S_US_Z_A__240V_,Power_One__PVI_4_2_OUTD_S_US_Z_A__240V_
Power_One__PVI_4_2_OUTD_S_US_Z_A__277V_,Power_One__PVI_4_2_OUTD_S_US_Z_A__277V_
Power_One__PVI_4_2_OUTD_US__208V_,Power_One__PVI_4_2_OUTD_US__208V_
Power_One__PVI_4_2_OUTD_US__240V_,Power_One__PVI_4_2_OUTD_US__240V_
Power_One__PVI_4_2_OUTD_US__277V_,Power_One__PVI_4_2_OUTD_US__277V_
Power_One__PVI_4_6_1_OUTD_x_US_y__208V_,Power_One__PVI_4_6_1_OUTD_x_US_y__208V_
Power_One__PVI_4_6_1_OUTD_x_US_y__240V_,Power_One__PVI_4_6_1_OUTD_x_US_y__240V_
Power_One__PVI_4_6_1_OUTD_x_US_y__277V_,Power_One__PVI_4_6_1_OUTD_x_US_y__277V_
Power_One__PVI_5000_OUTD_S_US_Z__208V_,Power_One__PVI_5000_OUTD_S_US_Z__208V_
Power_One__PVI_5000_OUTD_S_US_Z__240V_,Power_One__PVI_5000_OUTD_S_US_Z__240V_
Power_One__PVI_5000_OUTD_S_US_Z__277V_,Power_One__PVI_5000_OUTD_S_US_Z__277V_
Power_One__PVI_5000_OUTD_S_US_Z_A__208V_,Power_One__PVI_5000_OUTD_S_US_Z_A__208V_
Power_One__PVI_5000_OUTD_S_US_Z_A__240V_,Power_One__PVI_5000_OUTD_S_US_Z_A__240V_
Power_One__PVI_5000_OUTD_S_US_Z_A__277V_,Power_One__PVI_5000_OUTD_S_US_Z_A__277V_
Power_One__PVI_5000_OUTD_US__208V_,Power_One__PVI_5000_OUTD_US__208V_
Power_One__PVI_5000_OUTD_US__240V_,Power_One__PVI_5000_OUTD_US__240V_
Power_One__PVI_5000_OUTD_US__277V_,Power_One__PVI_5000_OUTD_US__277V_
Power_One__PVI_5000_OUTD_US_A__208V_,Power_One__PVI_5000_OUTD_US_A__208V_
Power_One__PVI_5000_OUTD_US_A__240V_,Power_One__PVI_5000_OUTD_US_A__240V_
Power_One__PVI_5000_OUTD_US_A__277V_,Power_One__PVI_5000_OUTD_US_A__277V_
Power_One__PVI_5000_OUTD_US_Z__208V_,Power_One__PVI_5000_OUTD_US_Z__208V_
Power_One__PVI_5000_OUTD_US_Z__240V_,Power_One__PVI_5000_OUTD_US_Z__240V_
Power_One__PVI_5000_OUTD_US_Z__277V_,Power_One__PVI_5000_OUTD_US_Z__277V_
Power_One__PVI_5000_OUTD_US_Z_A__208V_,Power_One__PVI_5000_OUTD_US_Z_A__208V_
Power_One__PVI_5000_OUTD_US_Z_A__240V_,Power_One__PVI_5000_OUTD_US_Z_A__240V_
Power_One__PVI_5000_OUTD_US_Z_A__277V_,Power_One__PVI_5000_OUTD_US_Z_A__277V_
Power_One__PVI_6000_OUTD_S_US_A__208V_,Power_One__PVI_6000_OUTD_S_US_A__208V_
Power_One__PVI_6000_OUTD_S_US_A__240V_,Power_One__PVI_6000_OUTD_S_US_A__240V_
Power_One__PVI_6000_OUTD_S_US_A__277V_,Power_One__PVI_6000_OUTD_S_US_A__277V_
Power_One__PVI_6000_OUTD_S_US_Z__208V_,Power_One__PVI_6000_OUTD_S_US_Z__208V_
Power_One__PVI_6000_OUTD_S_US_Z__240V_,Power_One__PVI_6000_OUTD_S_US_Z__240V_
Power_One__PVI_6000_OUTD_S_US_Z__277V_,Power_One__PVI_6000_OUTD_S_US_Z__277V_
Power_One__PVI_6000_OUTD_S_US_Z_A__208V_,Power_One__PVI_6000_OUTD_S_US_Z_A__208V_
Power_One__PVI_6000_OUTD_S_US_Z_A__240V_,Power_One__PVI_6000_OUTD_S_US_Z_A__240V_
Power_One__PVI_6000_OUTD_S_US_Z_A__277V_,Power_One__PVI_6000_OUTD_S_US_Z_A__277V_
Power_One__PVI_6000_OUTD_US__208V_,Power_One__PVI_6000_OUTD_US__208V_
Power_One__PVI_6000_OUTD_US__240V_,Power_One__PVI_6000_OUTD_US__240V_
Power_One__PVI_6000_OUTD_US__277V_,Power_One__PVI_6000_OUTD_US__277V_
Power_One__PVI_6000_OUTD_US_A__208V_,Power_One__PVI_6000_OUTD_US_A__208V_
Power_One__PVI_6000_OUTD_US_A__240V_,Power_One__PVI_6000_OUTD_US_A__240V_
Power_One__PVI_6000_OUTD_US_A__277V_,Power_One__PVI_6000_OUTD_US_A__277V_
Power_One__PVI_6000_OUTD_US_Z__208V_,Power_One__PVI_6000_OUTD_US_Z__208V_
Power_One__PVI_6000_OUTD_US_Z__240V_,Power_One__PVI_6000_OUTD_US_Z__240V_
Power_One__PVI_6000_OUTD_US_Z__277V_,Power_One__PVI_6000_OUTD_US_Z__277V_
Power_One__PVI_6000_OUTD_US_Z_A__208V_,Power_One__PVI_6000_OUTD_US_Z_A__208V_
Power_One__PVI_6000_OUTD_US_Z_A__240V_,Power_One__PVI_6000_OUTD_US_Z_A__240V_
Power_One__PVI_6000_OUTD_US_Z_A__277V_,Power_One__PVI_6000_OUTD_US_Z_A__277V_
Power_One__PVI_CENTRAL_100_US__208V_,Power_One__PVI_CENTRAL_100_US__208V_
Power_One__PVI_CENTRAL_100_US__480V_,Power_One__PVI_CENTRAL_100_US__480V_
Power_One__PVI_CENTRAL_250_US__480V_,Power_One__PVI_CENTRAL_250_US__480V_
Power_One__PVI_CENTRAL_300_US__480V_,Power_One__PVI_CENTRAL_300_US__480V_
Power_One__PVI_CENTRAL_50_US__208V_,Power_One__PVI_CENTRAL_50_US__208V_
Power_One__PVI_CENTRAL_50_US__480V_,Power_One__PVI_CENTRAL_50_US__480V_
Power_One__TRIO_20_0_TL_OUTD_S_480_A__480V_,Power_One__TRIO_20_0_TL_OUTD_S_480_A__480V_
Power_One__TRIO_20_0_TL_OUTD_S_US_480__480V_,Power_One__TRIO_20_0_TL_OUTD_S_US_480__480V_
Power_One__TRIO_20_0_TL_OUTD_S1_480_A__480V_,Power_One__TRIO_20_0_TL_OUTD_S1_480_A__480V_
Power_One__TRIO_20_0_TL_OUTD_S1_US_480__480V_,Power_One__TRIO_20_0_TL_OUTD_S1_US_480__480V_
Power_One__TRIO_20_0_TL_OUTD_S1A_480_A__480V_,Power_One__TRIO_20_0_TL_OUTD_S1A_480_A__480V_
Power_One__TRIO_20_0_TL_OUTD_S1A_US_480__480V_,Power_One__TRIO_20_0_TL_OUTD_S1A_US_480__480V_
Power_One__TRIO_20_0_TL_OUTD_S1B_480_A__480V_,Power_One__TRIO_20_0_TL_OUTD_S1B_480_A__480V_
Power_One__TRIO_20_0_TL_OUTD_S1B_US_480__480V_,Power_One__TRIO_20_0_TL_OUTD_S1B_US_480__480V_
Power_One__TRIO_27_6_TL_OUTD_S_480_A__480V_,Power_One__TRIO_27_6_TL_OUTD_S_480_A__480V_
Power_One__TRIO_27_6_TL_OUTD_S_US_480__480V_,Power_One__TRIO_27_6_TL_OUTD_S_US_480__480V_
Power_One__TRIO_27_6_TL_OUTD_S1_480_A__480V_,Power_One__TRIO_27_6_TL_OUTD_S1_480_A__480V_
Power_One__TRIO_27_6_TL_OUTD_S1_US_480__480V_,Power_One__TRIO_27_6_TL_OUTD_S1_US_480__480V_
Power_One__TRIO_27_6_TL_OUTD_S1A_480_A__480V_,Power_One__TRIO_27_6_TL_OUTD_S1A_480_A__480V_
Power_One__TRIO_27_6_TL_OUTD_S1A_US_480__480V_,Power_One__TRIO_27_6_TL_OUTD_S1A_US_480__480V_
Power_One__TRIO_27_6_TL_OUTD_S1B_480_A__480V_,Power_One__TRIO_27_6_TL_OUTD_S1B_480_A__480V_
Power_One__TRIO_27_6_TL_OUTD_S1B_US_480__480V_,Power_One__TRIO_27_6_TL_OUTD_S1B_US_480__480V_
Power_One__ULTRA_1100_TL_OUTD_1_US_690_x_y_z__690V_,Power_One__ULTRA_1100_TL_OUTD_1_US_690_x_y_z__690V_
Power_One__ULTRA_1100_TL_OUTD_2_US_690_x_y_z__690V_,Power_One__ULTRA_1100_TL_OUTD_2_US_690_x_y_z__690V_
Power_One__ULTRA_1100_TL_OUTD_3_US_690_x_y_z__690V_,Power_One__ULTRA_1100_TL_OUTD_3_US_690_x_y_z__690V_
Power_One__ULTRA_1100_TL_OUTD_4_US_690_x_y_z__690V_,Power_One__ULTRA_1100_TL_OUTD_4_US_690_x_y_z__690V_
Power_One__ULTRA_1500_TL_OUTD_1_US_690_x_y_z__690V_,Power_One__ULTRA_1500_TL_OUTD_1_US_690_x_y_z__690V_
Power_One__ULTRA_1500_TL_OUTD_2_US_690_x_y_z__690V_,Power_One__ULTRA_1500_TL_OUTD_2_US_690_x_y_z__690V_
Power_One__ULTRA_1500_TL_OUTD_3_US_690_x_y_z__690V_,Power_One__ULTRA_1500_TL_OUTD_3_US_690_x_y_z__690V_
Power_One__ULTRA_1500_TL_OUTD_4_US_690_x_y_z__690V_,Power_One__ULTRA_1500_TL_OUTD_4_US_690_x_y_z__690V_
Power_One__ULTRA_750_TL_OUTD_1_US_690_x_y_z__690V_,Power_One__ULTRA_750_TL_OUTD_1_US_690_x_y_z__690V_
Power_One__ULTRA_750_TL_OUTD_2_US_690_x_y_z__690V_,Power_One__ULTRA_750_TL_OUTD_2_US_690_x_y_z__690V_
Power_One__ULTRA_750_TL_OUTD_3_US_690_x_y_z__690V_,Power_One__ULTRA_750_TL_OUTD_3_US_690_x_y_z__690V_
Power_One__ULTRA_750_TL_OUTD_4_US_690_x_y_z__690V_,Power_One__ULTRA_750_TL_OUTD_4_US_690_x_y_z__690V_
Power_One__UNO_2_0_I_OUTD_S_US__208V_,Power_One__UNO_2_0_I_OUTD_S_US__208V_
Power_One__UNO_2_0_I_OUTD_S_US__240V_,Power_One__UNO_2_0_I_OUTD_S_US__240V_
Power_One__UNO_2_0_I_OUTD_S_US__277V_,Power_One__UNO_2_0_I_OUTD_S_US__277V_
Power_One__UNO_2_5_I_OUTD_S_US__208V_,Power_One__UNO_2_5_I_OUTD_S_US__208V_
Power_One__UNO_2_5_I_OUTD_S_US__240V_,Power_One__UNO_2_5_I_OUTD_S_US__240V_
Power_One__UNO_2_5_I_OUTD_S_US__277V_,Power_One__UNO_2_5_I_OUTD_S_US__277V_
Power_One__UNO_7_6_TL_OUTD_S_US_A__208V_,Power_One__UNO_7_6_TL_OUTD_S_US_A__208V_
Power_One__UNO_7_6_TL_OUTD_S_US_A__240V_,Power_One__UNO_7_6_TL_OUTD_S_US_A__240V_
Power_One__UNO_7_6_TL_OUTD_S_US_A__277V_,Power_One__UNO_7_6_TL_OUTD_S_US_A__277V_
Power_One__UNO_7_6_TL_OUTD_S_US_Z_A__208V_,Power_One__UNO_7_6_TL_OUTD_S_US_Z_A__208V_
Power_One__UNO_7_6_TL_OUTD_S_US_Z_A__240V_,Power_One__UNO_7_6_TL_OUTD_S_US_Z_A__240V_
Power_One__UNO_7_6_TL_OUTD_S_US_Z_A__277V_,Power_One__UNO_7_6_TL_OUTD_S_US_Z_A__277V_
Power_One__UNO_8_6_TL_OUTD_S_US_A__240V_,Power_One__UNO_8_6_TL_OUTD_S_US_A__240V_
Power_One__UNO_8_6_TL_OUTD_S_US_A__277V_,Power_One__UNO_8_6_TL_OUTD_S_US_A__277V_
Power_One__UNO_8_6_TL_OUTD_S_US_Z_A__240V_,Power_One__UNO_8_6_TL_OUTD_S_US_Z_A__240V_
Power_One__UNO_8_6_TL_OUTD_S_US_Z_A__277V_,Power_One__UNO_8_6_TL_OUTD_S_US_Z_A__277V_
Powercom__SLK_1500__208V_,Powercom__SLK_1500__208V_
Powercom__SLK_1500__240V_,Powercom__SLK_1500__240V_
Powercom__SLK_2000__208V_,Powercom__SLK_2000__208V_
Powercom__SLK_2000__240V_,Powercom__SLK_2000__240V_
Powercom__SLK_3000__208V_,Powercom__SLK_3000__208V_
Powercom__SLK_3000__240V_,Powercom__SLK_3000__240V_
Powercom__SLK_4000__208V_,Powercom__SLK_4000__208V_
Powercom__SLK_4000__240V_,Powercom__SLK_4000__240V_
Powercom__SLK_4000__277V_,Powercom__SLK_4000__277V_
Princeton_Power_Systems__BIGI_250_X48GNMNR__480V_,Princeton_Power_Systems__BIGI_250_X48GNMNR__480V_
Princeton_Power_Systems__BIGI_250_X48GNNR__480V_,Princeton_Power_Systems__BIGI_250_X48GNNR__480V_
Princeton_Power_Systems__GTIB_208_30WYYYYYY__208V_,Princeton_Power_Systems__GTIB_208_30WYYYYYY__208V_
Princeton_Power_Systems__GTIB_480_100_xxxx__480V___480Vdc_,Princeton_Power_Systems__GTIB_480_100_xxxx__480V___480Vdc_
Princeton_Power_Systems__GTIB_480_100_xxxx__480V___600Vdc_,Princeton_Power_Systems__GTIB_480_100_xxxx__480V___600Vdc_
Princeton_Power_Systems__GTIB_480_100X_YYYYYYYY_Z_G1_2__480V_,Princeton_Power_Systems__GTIB_480_100X_YYYYYYYY_Z_G1_2__480V_
Princeton_Power_Systems__GTIB_480_125_XXXXXX_W_G1_3__480V_,Princeton_Power_Systems__GTIB_480_125_XXXXXX_W_G1_3__480V_
Princeton_Power_Systems__GTIB_480_125_XXXXXX_Y_G1_3__480V_,Princeton_Power_Systems__GTIB_480_125_XXXXXX_Y_G1_3__480V_
Princeton_Power_Systems__GTIB_480_30_WZZZZZZ__480V_,Princeton_Power_Systems__GTIB_480_30_WZZZZZZ__480V_
Princeton_Power_Systems__GTIB_480_30_ZZZZZZZ__480V_,Princeton_Power_Systems__GTIB_480_30_ZZZZZZZ__480V_
Princeton_Power_Systems__GTIB30_480BGNSC__480V_,Princeton_Power_Systems__GTIB30_480BGNSC__480V_
REFU_Elektronik__REFUsol_24K_UL__480V_,REFU_Elektronik__REFUsol_24K_UL__480V_
REFU_Elektronik__REFUsol_24K_UL_AFCI__480V_,REFU_Elektronik__REFUsol_24K_UL_AFCI__480V_
REFU_Elektronik__REFUsol_48K_UL__480V_,REFU_Elektronik__REFUsol_48K_UL__480V_
REFU_Elektronik__REFUsol_48K_UL_AFCI__480V_,REFU_Elektronik__REFUsol_48K_UL_AFCI__480V_
Refusol__804R012__480V_,Refusol__804R012__480V_
Refusol__804R016__480V_,Refusol__804R016__480V_
Refusol__804R020__480V_,Refusol__804R020__480V_
Refusol__804R024__480V_,Refusol__804R024__480V_
Renergy__RS_1500__208V_,Renergy__RS_1500__208V_
Renergy__RS_1500__240V_,Renergy__RS_1500__240V_
Renergy__RS_2000__208V_,Renergy__RS_2000__208V_
Renergy__RS_2000__240V_,Renergy__RS_2000__240V_
Renergy__RS_3000__208V_,Renergy__RS_3000__208V_
Renergy__RS_3000__240V_,Renergy__RS_3000__240V_
Renergy__RS_4000__208V_,Renergy__RS_4000__208V_
Renergy__RS_4000__240V_,Renergy__RS_4000__240V_
Renergy__RS_5000__240V_,Renergy__RS_5000__240V_
Renesola_Zhejiang__MU300SAP3__240V_,Renesola_Zhejiang__MU300SAP3__240V_
Renesola_Zhejiang__Replus_10000TL3B_US__277V_,Renesola_Zhejiang__Replus_10000TL3B_US__277V_
Renesola_Zhejiang__Replus_10000TLB_US__208V_,Renesola_Zhejiang__Replus_10000TLB_US__208V_
Renesola_Zhejiang__Replus_10000TLB_US__240V_,Renesola_Zhejiang__Replus_10000TLB_US__240V_
Renesola_Zhejiang__Replus_11000TLB_US__240V_,Renesola_Zhejiang__Replus_11000TLB_US__240V_
Renesola_Zhejiang__Replus_12000TL3B_US__277V_,Renesola_Zhejiang__Replus_12000TL3B_US__277V_
Renesola_Zhejiang__Replus_18000TL3B_US__277V_,Renesola_Zhejiang__Replus_18000TL3B_US__277V_
Renesola_Zhejiang__Replus_20000TL3B_US__277V_,Renesola_Zhejiang__Replus_20000TL3B_US__277V_
Renesola_Zhejiang__Replus_3600MTLB_US__208V_,Renesola_Zhejiang__Replus_3600MTLB_US__208V_
Renesola_Zhejiang__Replus_3600MTLB_US__240V_,Renesola_Zhejiang__Replus_3600MTLB_US__240V_
Renesola_Zhejiang__Replus_3600MTLB_US__277V_,Renesola_Zhejiang__Replus_3600MTLB_US__277V_
Renesola_Zhejiang__Replus_4200MTLB_US__208V_,Renesola_Zhejiang__Replus_4200MTLB_US__208V_
Renesola_Zhejiang__Replus_4200MTLB_US__240V_,Renesola_Zhejiang__Replus_4200MTLB_US__240V_
Renesola_Zhejiang__Replus_4200MTLB_US__277V_,Renesola_Zhejiang__Replus_4200MTLB_US__277V_
Renesola_Zhejiang__Replus_5000MTLB_US__208V_,Renesola_Zhejiang__Replus_5000MTLB_US__208V_
Renesola_Zhejiang__Replus_5000MTLB_US__240V_,Renesola_Zhejiang__Replus_5000MTLB_US__240V_
Renesola_Zhejiang__Replus_5000MTLB_US__277V_,Renesola_Zhejiang__Replus_5000MTLB_US__277V_
Renesola_Zhejiang__Replus_8000TLB_US__208V_,Renesola_Zhejiang__Replus_8000TLB_US__208V_
Renesola_Zhejiang__Replus_8000TLB_US__240V_,Renesola_Zhejiang__Replus_8000TLB_US__240V_
Renesola_Zhejiang__Replus_9000TLB_US__208V_,Renesola_Zhejiang__Replus_9000TLB_US__208V_
Renesola_Zhejiang__Replus_9000TLB_US__240V_,Renesola_Zhejiang__Replus_9000TLB_US__240V_
Renesola_Zhejiang__Replus_250A__240V_,Renesola_Zhejiang__Replus_250A__240V_
Renesola_Zhejiang__Replus_250B__208V_,Renesola_Zhejiang__Replus_250B__208V_
Renesola_Zhejiang__Replus_300_208A,Renesola_Zhejiang__Replus_300_208A
Renesola_Zhejiang__Replus_300_240A,Renesola_Zhejiang__Replus_300_240A
Renovo_Power_Systems__RN3000US,Renovo_Power_Systems__RN3000US
Renovo_Power_Systems__RN5000US,Renovo_Power_Systems__RN5000US
Resonix__EVSK1750WG__208V_,Resonix__EVSK1750WG__208V_
Resonix__EVSK1750WG__240V_,Resonix__EVSK1750WG__240V_
Resonix__EVSK2340WG__208V_,Resonix__EVSK2340WG__208V_
Resonix__EVSK2340WG__240V_,Resonix__EVSK2340WG__240V_
Resonix__EVSK3510WG__208V_,Resonix__EVSK3510WG__208V_
Resonix__EVSK3510WG__240V_,Resonix__EVSK3510WG__240V_
Resonix__EVSK4700WG__208V_,Resonix__EVSK4700WG__208V_
Resonix__EVSK4700WG__240V_,Resonix__EVSK4700WG__240V_
Rhombus_Energy_Solutions__BESI_50kW_480__480V_,Rhombus_Energy_Solutions__BESI_50kW_480__480V_
Rhombus_Energy_Solutions__BESS_50kW_480__480V_,Rhombus_Energy_Solutions__BESS_50kW_480__480V_
Ritek__RTMU300SAP2__240V_,Ritek__RTMU300SAP2__240V_
SMA_America__SB_240_US_10__240V_,SMA_America__SB_240_US_10__240V_
SMA_America__SB10000TL_US__208V_,SMA_America__SB10000TL_US__208V_
SMA_America__SB10000TL_US__240V_,SMA_America__SB10000TL_US__240V_
SMA_America__SB10000TL_US_12__208V_,SMA_America__SB10000TL_US_12__208V_
SMA_America__SB10000TL_US_12__240V_,SMA_America__SB10000TL_US_12__240V_
SMA_America__SB11000TL_US__240V_,SMA_America__SB11000TL_US__240V_
SMA_America__SB11000TL_US_12__240V_,SMA_America__SB11000TL_US_12__240V_
SMA_America__SB1100U__240V_,SMA_America__SB1100U__240V_
SMA_America__SB1100U_SBD__240V_,SMA_America__SB1100U_SBD__240V_
SMA_America__SB2000HFUS_30__208V_,SMA_America__SB2000HFUS_30__208V_
SMA_America__SB2000HFUS_30__240V_,SMA_America__SB2000HFUS_30__240V_
SMA_America__SB2500HFUS_30__208V_,SMA_America__SB2500HFUS_30__208V_
SMA_America__SB2500HFUS_30__240V_,SMA_America__SB2500HFUS_30__240V_
SMA_America__SB3_0_1SP_US_40__208V_,SMA_America__SB3_0_1SP_US_40__208V_
SMA_America__SB3_0_1SP_US_40__240V_,SMA_America__SB3_0_1SP_US_40__240V_
SMA_America__SB3_0_1TP_US_40__208V_,SMA_America__SB3_0_1TP_US_40__208V_
SMA_America__SB3_0_1TP_US_40__240V_,SMA_America__SB3_0_1TP_US_40__240V_
SMA_America__SB3_8_1SP_US_40__208V_,SMA_America__SB3_8_1SP_US_40__208V_
SMA_America__SB3_8_1SP_US_40__240V_,SMA_America__SB3_8_1SP_US_40__240V_
SMA_America__SB3_8_1TP_US_40__208V_,SMA_America__SB3_8_1TP_US_40__208V_
SMA_America__SB3_8_1TP_US_40__240V_,SMA_America__SB3_8_1TP_US_40__240V_
SMA_America__SB3000HFUS_30__208V_,SMA_America__SB3000HFUS_30__208V_
SMA_America__SB3000HFUS_30__240V_,SMA_America__SB3000HFUS_30__240V_
SMA_America__SB3000TL_US_22__208V_,SMA_America__SB3000TL_US_22__208V_
SMA_America__SB3000TL_US_22__240V_,SMA_America__SB3000TL_US_22__240V_
SMA_America__SB3000US__208V_,SMA_America__SB3000US__208V_
SMA_America__SB3000US__240V_,SMA_America__SB3000US__240V_
SMA_America__SB3000US_12__208V_,SMA_America__SB3000US_12__208V_
SMA_America__SB3000US_12__240V_,SMA_America__SB3000US_12__240V_
SMA_America__SB3300U__240V_,SMA_America__SB3300U__240V_
SMA_America__SB3800TL_US_22__208V_,SMA_America__SB3800TL_US_22__208V_
SMA_America__SB3800TL_US_22__240V_,SMA_America__SB3800TL_US_22__240V_
SMA_America__SB3800U__208V_,SMA_America__SB3800U__208V_
SMA_America__SB3800U__240V_,SMA_America__SB3800U__240V_
SMA_America__SB3800US__240V_,SMA_America__SB3800US__240V_
SMA_America__SB3800US_12__240V_,SMA_America__SB3800US_12__240V_
SMA_America__SB4000TL_US_22__208V_,SMA_America__SB4000TL_US_22__208V_
SMA_America__SB4000TL_US_22__240V_,SMA_America__SB4000TL_US_22__240V_
SMA_America__SB4000US__208V_,SMA_America__SB4000US__208V_
SMA_America__SB4000US__240V_,SMA_America__SB4000US__240V_
SMA_America__SB4000US_CL___208V_,SMA_America__SB4000US_CL___208V_
SMA_America__SB4000US_CL___240V_,SMA_America__SB4000US_CL___240V_
SMA_America__SB4000US_12__208V_,SMA_America__SB4000US_12__208V_
SMA_America__SB4000US_12__240V_,SMA_America__SB4000US_12__240V_
SMA_America__SB5_0_1SP_US_40__208V_,SMA_America__SB5_0_1SP_US_40__208V_
SMA_America__SB5_0_1SP_US_40__240V_,SMA_America__SB5_0_1SP_US_40__240V_
SMA_America__SB5_0_1TP_US_40__208V_,SMA_America__SB5_0_1TP_US_40__208V_
SMA_America__SB5_0_1TP_US_40__240V_,SMA_America__SB5_0_1TP_US_40__240V_
SMA_America__SB5000TL_US_22__208V_,SMA_America__SB5000TL_US_22__208V_
SMA_America__SB5000TL_US_22__240V_,SMA_America__SB5000TL_US_22__240V_
SMA_America__SB5000US__208V_,SMA_America__SB5000US__208V_
SMA_America__SB5000US__240V_,SMA_America__SB5000US__240V_
SMA_America__SB5000US__277V_,SMA_America__SB5000US__277V_
SMA_America__SB5000US_11__208V_,SMA_America__SB5000US_11__208V_
SMA_America__SB5000US_11__240V_,SMA_America__SB5000US_11__240V_
SMA_America__SB5000US_11__277V_,SMA_America__SB5000US_11__277V_
SMA_America__SB5000US_12__208V_,SMA_America__SB5000US_12__208V_
SMA_America__SB5000US_12__240V_,SMA_America__SB5000US_12__240V_
SMA_America__SB5000US_12__277V_,SMA_America__SB5000US_12__277V_
SMA_America__SB6_0_1SP_US_40__208V_,SMA_America__SB6_0_1SP_US_40__208V_
SMA_America__SB6_0_1SP_US_40__240V_,SMA_America__SB6_0_1SP_US_40__240V_
SMA_America__SB6_0_1TP_US_40__208V_,SMA_America__SB6_0_1TP_US_40__208V_
SMA_America__SB6_0_1TP_US_40__240V_,SMA_America__SB6_0_1TP_US_40__240V_
SMA_America__SB6000TL_US__208V_,SMA_America__SB6000TL_US__208V_
SMA_America__SB6000TL_US__240V_,SMA_America__SB6000TL_US__240V_
SMA_America__SB6000TL_US_12__208V_,SMA_America__SB6000TL_US_12__208V_
SMA_America__SB6000TL_US_12__240V_,SMA_America__SB6000TL_US_12__240V_
SMA_America__SB6000TL_US_22__208V_,SMA_America__SB6000TL_US_22__208V_
SMA_America__SB6000TL_US_22__240V_,SMA_America__SB6000TL_US_22__240V_
SMA_America__SB6000U__208V_,SMA_America__SB6000U__208V_
SMA_America__SB6000U__240V_,SMA_America__SB6000U__240V_
SMA_America__SB6000U__277V_,SMA_America__SB6000U__277V_
SMA_America__SB6000US__208V_,SMA_America__SB6000US__208V_
SMA_America__SB6000US__240V_,SMA_America__SB6000US__240V_
SMA_America__SB6000US__277V_,SMA_America__SB6000US__277V_
SMA_America__SB6000US_11__208V_,SMA_America__SB6000US_11__208V_
SMA_America__SB6000US_11__240V_,SMA_America__SB6000US_11__240V_
SMA_America__SB6000US_11__277V_,SMA_America__SB6000US_11__277V_
SMA_America__SB6000US_12__208V_,SMA_America__SB6000US_12__208V_
SMA_America__SB6000US_12__240V_,SMA_America__SB6000US_12__240V_
SMA_America__SB6000US_12__277V_,SMA_America__SB6000US_12__277V_
SMA_America__SB7_0_1SP_US_40__208V_,SMA_America__SB7_0_1SP_US_40__208V_
SMA_America__SB7_0_1SP_US_40__240V_,SMA_America__SB7_0_1SP_US_40__240V_
SMA_America__SB7_0_1TP_US_40__208V_,SMA_America__SB7_0_1TP_US_40__208V_
SMA_America__SB7_0_1TP_US_40__240V_,SMA_America__SB7_0_1TP_US_40__240V_
SMA_America__SB7_7_1SP_US_40__208V_,SMA_America__SB7_7_1SP_US_40__208V_
SMA_America__SB7_7_1SP_US_40__240V_,SMA_America__SB7_7_1SP_US_40__240V_
SMA_America__SB7_7_1TP_US_40__208V_,SMA_America__SB7_7_1TP_US_40__208V_
SMA_America__SB7_7_1TP_US_40__240V_,SMA_America__SB7_7_1TP_US_40__240V_
SMA_America__SB7000TL_US__208V_,SMA_America__SB7000TL_US__208V_
SMA_America__SB7000TL_US__240V_,SMA_America__SB7000TL_US__240V_
SMA_America__SB7000TL_US_12__208V_,SMA_America__SB7000TL_US_12__208V_
SMA_America__SB7000TL_US_12__240V_,SMA_America__SB7000TL_US_12__240V_
SMA_America__SB7000TL_US_22__208V_,SMA_America__SB7000TL_US_22__208V_
SMA_America__SB7000TL_US_22__240V_,SMA_America__SB7000TL_US_22__240V_
SMA_America__SB7000US__208V_,SMA_America__SB7000US__208V_
SMA_America__SB7000US__240V_,SMA_America__SB7000US__240V_
SMA_America__SB7000US__277V_,SMA_America__SB7000US__277V_
SMA_America__SB7000US_11__208V_,SMA_America__SB7000US_11__208V_
SMA_America__SB7000US_11__240V_,SMA_America__SB7000US_11__240V_
SMA_America__SB7000US_11__277V_,SMA_America__SB7000US_11__277V_
SMA_America__SB7000US_12__208V_,SMA_America__SB7000US_12__208V_
SMA_America__SB7000US_12__240V_,SMA_America__SB7000US_12__240V_
SMA_America__SB7000US_12__277V_,SMA_America__SB7000US_12__277V_
SMA_America__SB700U__120V_,SMA_America__SB700U__120V_
SMA_America__SB700U_SBD__120V_,SMA_America__SB700U_SBD__120V_
SMA_America__SB7700TL_US_22__208V_,SMA_America__SB7700TL_US_22__208V_
SMA_America__SB7700TL_US_22__240V_,SMA_America__SB7700TL_US_22__240V_
SMA_America__SB8000TL_US__240V_,SMA_America__SB8000TL_US__240V_
SMA_America__SB8000TL_US_12__208V_,SMA_America__SB8000TL_US_12__208V_
SMA_America__SB8000TL_US_12__240V_,SMA_America__SB8000TL_US_12__240V_
SMA_America__SB8000US__240V_,SMA_America__SB8000US__240V_
SMA_America__SB8000US__277V_,SMA_America__SB8000US__277V_
SMA_America__SB8000US_11__240V_,SMA_America__SB8000US_11__240V_
SMA_America__SB8000US_11__277V_,SMA_America__SB8000US_11__277V_
SMA_America__SB8000US_12__240V_,SMA_America__SB8000US_12__240V_
SMA_America__SB8000US_12__277V_,SMA_America__SB8000US_12__277V_
SMA_America__SB9000TL_US__208V_,SMA_America__SB9000TL_US__208V_
SMA_America__SB9000TL_US__240V_,SMA_America__SB9000TL_US__240V_
SMA_America__SB9000TL_US_12__208V_,SMA_America__SB9000TL_US_12__208V_
SMA_America__SB9000TL_US_12__240V_,SMA_America__SB9000TL_US_12__240V_
SMA_America__SBS3_8_US_10__240V_,SMA_America__SBS3_8_US_10__240V_
SMA_America__SBS5_0_US_10__240V_,SMA_America__SBS5_0_US_10__240V_
SMA_America__SBS6_0_US_10__240V_,SMA_America__SBS6_0_US_10__240V_
SMA_America__SC_2500_EV_US__550V_,SMA_America__SC_2500_EV_US__550V_
SMA_America__SC_2750_EV_US__600V_,SMA_America__SC_2750_EV_US__600V_
SMA_America__SC_1850_US__385V_,SMA_America__SC_1850_US__385V_
SMA_America__SC_2200_US__385V_,SMA_America__SC_2200_US__385V_
SMA_America__SC125U__208V_,SMA_America__SC125U__208V_
SMA_America__SC125U__480V_,SMA_America__SC125U__480V_
SMA_America__SC250U__480V_,SMA_America__SC250U__480V_
SMA_America__SC500CP_US__with_ABB_EcoDry_Ultra_transformer_,SMA_America__SC500CP_US__with_ABB_EcoDry_Ultra_transformer_
SMA_America__SC500CP_US_600V__with_ABB_transformer_,SMA_America__SC500CP_US_600V__with_ABB_transformer_
SMA_America__SC500HE_US_MV__with_Cooper_transformer_,SMA_America__SC500HE_US_MV__with_Cooper_transformer_
SMA_America__SC500HE_US_MV__with_NEMA_TP_1_transformer_,SMA_America__SC500HE_US_MV__with_NEMA_TP_1_transformer_
SMA_America__SC630CP_US__with_ABB_EcoDry_Ultra_transformer_,SMA_America__SC630CP_US__with_ABB_EcoDry_Ultra_transformer_
SMA_America__SC720CP_US__with_ABB_EcoDry_Ultra_transformer_,SMA_America__SC720CP_US__with_ABB_EcoDry_Ultra_transformer_
SMA_America__SC750CP_US__with_ABB_EcoDry_Ultra_transformer_,SMA_America__SC750CP_US__with_ABB_EcoDry_Ultra_transformer_
SMA_America__SC800CP_US__with_ABB_EcoDry_Ultra_transformer_,SMA_America__SC800CP_US__with_ABB_EcoDry_Ultra_transformer_
SMA_America__SC850CP_US__with_ABB_EcoDry_Ultra_transformer_,SMA_America__SC850CP_US__with_ABB_EcoDry_Ultra_transformer_
SMA_America__SC900CP_US__with_ABB_EcoDry_Ultra_transformer_,SMA_America__SC900CP_US__with_ABB_EcoDry_Ultra_transformer_
SMA_America__ST36__208V_,SMA_America__ST36__208V_
SMA_America__ST36__240V_,SMA_America__ST36__240V_
SMA_America__ST36__277V_,SMA_America__ST36__277V_
SMA_America__ST42__208V_,SMA_America__ST42__208V_
SMA_America__ST42__240V_,SMA_America__ST42__240V_
SMA_America__ST42__277V_,SMA_America__ST42__277V_
SMA_America__ST48__240V_,SMA_America__ST48__240V_
SMA_America__ST48__277V_,SMA_America__ST48__277V_
SMA_America__STP_33_US_41__480V_,SMA_America__STP_33_US_41__480V_
SMA_America__STP_50_US_41__480V_,SMA_America__STP_50_US_41__480V_
SMA_America__STP_60_US_10__400V_,SMA_America__STP_60_US_10__400V_
SMA_America__STP_60_US_10__480V_,SMA_America__STP_60_US_10__480V_
SMA_America__STP_62_US_41__480V_,SMA_America__STP_62_US_41__480V_
SMA_America__STP12000TL_US_10__480V_,SMA_America__STP12000TL_US_10__480V_
SMA_America__STP15000TL_US_10__480V_,SMA_America__STP15000TL_US_10__480V_
SMA_America__STP20000TL_US_10__480V_,SMA_America__STP20000TL_US_10__480V_
SMA_America__STP24000TL_US_10__480V_,SMA_America__STP24000TL_US_10__480V_
SMA_America__STP30000TL_US_10__480V_,SMA_America__STP30000TL_US_10__480V_
SMA_America__STP50_US_40__480V_,SMA_America__STP50_US_40__480V_
SMA_America__SWR1800U__120V_,SMA_America__SWR1800U__120V_
SMA_America__SWR1800U_SBD__120V_,SMA_America__SWR1800U_SBD__120V_
SMA_America__SWR2100U__240V_,SMA_America__SWR2100U__240V_
SMA_America__SWR2100U_SBD__240V_,SMA_America__SWR2100U_SBD__240V_
SMA_America__SWR2500U__208V_,SMA_America__SWR2500U__208V_
SMA_America__SWR2500U__240V_,SMA_America__SWR2500U__240V_
SMA_America__SWR2500U_SBD__208V_,SMA_America__SWR2500U_SBD__208V_
SMA_America__SWR2500U_SBD__240V_,SMA_America__SWR2500U_SBD__240V_
SMA_America__Sunny_Island_SI6048,SMA_America__Sunny_Island_SI6048
Sainty_Solar__SSI_2K2U__240V_,Sainty_Solar__SSI_2K2U__240V_
Sainty_Solar__SSI_3K3U__240V_,Sainty_Solar__SSI_3K3U__240V_
Sainty_Solar__SSI_4K4U__240V_,Sainty_Solar__SSI_4K4U__240V_
Sainty_Solar__SSI_5K5U__240V_,Sainty_Solar__SSI_5K5U__240V_
Samil_Power__SolarPond_240HF_US__208V_,Samil_Power__SolarPond_240HF_US__208V_
Samil_Power__SolarPond_240HF_US__240V_,Samil_Power__SolarPond_240HF_US__240V_
Samil_Power__SolarRiver10000TL_US__208V_,Samil_Power__SolarRiver10000TL_US__208V_
Samil_Power__SolarRiver10000TL_US__240V_,Samil_Power__SolarRiver10000TL_US__240V_
Samil_Power__SolarRiver10000TL_US__277V_,Samil_Power__SolarRiver10000TL_US__277V_
Samil_Power__SolarRiver3000TL_US__208V_,Samil_Power__SolarRiver3000TL_US__208V_
Samil_Power__SolarRiver3000TL_US__240V_,Samil_Power__SolarRiver3000TL_US__240V_
Samil_Power__SolarRiver4000TL_US__208V_,Samil_Power__SolarRiver4000TL_US__208V_
Samil_Power__SolarRiver4000TL_US__240V_,Samil_Power__SolarRiver4000TL_US__240V_
Samil_Power__SolarRiver5000TL_US__208V_,Samil_Power__SolarRiver5000TL_US__208V_
Samil_Power__SolarRiver5000TL_US__240V_,Samil_Power__SolarRiver5000TL_US__240V_
Samil_Power__SolarRiver6000TL_US__208V_,Samil_Power__SolarRiver6000TL_US__208V_
Samil_Power__SolarRiver6000TL_US__240V_,Samil_Power__SolarRiver6000TL_US__240V_
Samil_Power__SolarRiver6000TL_US__277V_,Samil_Power__SolarRiver6000TL_US__277V_
Samil_Power__SolarRiver7000TL_US__208V_,Samil_Power__SolarRiver7000TL_US__208V_
Samil_Power__SolarRiver7000TL_US__240V_,Samil_Power__SolarRiver7000TL_US__240V_
Samil_Power__SolarRiver7000TL_US__277V_,Samil_Power__SolarRiver7000TL_US__277V_
Samil_Power__SolarRiver8000TL_US__208V_,Samil_Power__SolarRiver8000TL_US__208V_
Samil_Power__SolarRiver8000TL_US__240V_,Samil_Power__SolarRiver8000TL_US__240V_
Samil_Power__SolarRiver8000TL_US__277V_,Samil_Power__SolarRiver8000TL_US__277V_
Samil_Power__SolarRiver9000TL_US__208V_,Samil_Power__SolarRiver9000TL_US__208V_
Samil_Power__SolarRiver9000TL_US__240V_,Samil_Power__SolarRiver9000TL_US__240V_
Samil_Power__SolarRiver9000TL_US__277V_,Samil_Power__SolarRiver9000TL_US__277V_
SanRex__PV_100K_48T_13,SanRex__PV_100K_48T_13
SanRex__PV_250K_48T_13,SanRex__PV_250K_48T_13
SanRex__PV_500K_48T_13,SanRex__PV_500K_48T_13
Satcon_Technology__AE_100_60_PV_A__480V_,Satcon_Technology__AE_100_60_PV_A__480V_
Satcon_Technology__AE_100_60_PV_A_HE__480V_,Satcon_Technology__AE_100_60_PV_A_HE__480V_
Satcon_Technology__AE_100_60_PV_D__208V_,Satcon_Technology__AE_100_60_PV_D__208V_
Satcon_Technology__AE_100_60_PV_F__240V_,Satcon_Technology__AE_100_60_PV_F__240V_
Satcon_Technology__AE_135_60_PV_A__480V_,Satcon_Technology__AE_135_60_PV_A__480V_
Satcon_Technology__AE_135_60_PV_D__208V_,Satcon_Technology__AE_135_60_PV_D__208V_
Satcon_Technology__AE_225_60_PV_A__480V_,Satcon_Technology__AE_225_60_PV_A__480V_
Satcon_Technology__AE_225_60_PV_D__208V_,Satcon_Technology__AE_225_60_PV_D__208V_
Satcon_Technology__AE_30_60_PV_A__480V_,Satcon_Technology__AE_30_60_PV_A__480V_
Satcon_Technology__AE_30_60_PV_D__208V_,Satcon_Technology__AE_30_60_PV_D__208V_
Satcon_Technology__AE_30_60_PV_E__240V_,Satcon_Technology__AE_30_60_PV_E__240V_
Satcon_Technology__AE_30_60_PV_F__240V_,Satcon_Technology__AE_30_60_PV_F__240V_
Satcon_Technology__AE_50_60_PV_A__480V_,Satcon_Technology__AE_50_60_PV_A__480V_
Satcon_Technology__AE_50_60_PV_D__208V_,Satcon_Technology__AE_50_60_PV_D__208V_
Satcon_Technology__AE_50_60_PV_F__240V_,Satcon_Technology__AE_50_60_PV_F__240V_
Satcon_Technology__AE_500_60_PV_A__480V_,Satcon_Technology__AE_500_60_PV_A__480V_
Satcon_Technology__AE_75_60_PV_A__480V_,Satcon_Technology__AE_75_60_PV_A__480V_
Satcon_Technology__AE_75_60_PV_D__208V_,Satcon_Technology__AE_75_60_PV_D__208V_
Satcon_Technology__EPP_1000_0600_32060_200X_U_N,Satcon_Technology__EPP_1000_0600_32060_200X_U_N
Satcon_Technology__EPP_1000_0600_32060_200X_U_P,Satcon_Technology__EPP_1000_0600_32060_200X_U_P
Satcon_Technology__EPP_1250_1000_52085_320X_U_N,Satcon_Technology__EPP_1250_1000_52085_320X_U_N
Satcon_Technology__EPP_1250_1000_52085_320X_U_P,Satcon_Technology__EPP_1250_1000_52085_320X_U_P
Satcon_Technology__EQX0500US200X_N,Satcon_Technology__EQX0500US200X_N
Satcon_Technology__EQX0500US200X_P,Satcon_Technology__EQX0500US200X_P
Satcon_Technology__EQX0500US480T_N,Satcon_Technology__EQX0500US480T_N
Satcon_Technology__EQX0500US480T_P,Satcon_Technology__EQX0500US480T_P
Satcon_Technology__PVS_100__208V_,Satcon_Technology__PVS_100__208V_
Satcon_Technology__PVS_100__240V_,Satcon_Technology__PVS_100__240V_
Satcon_Technology__PVS_100__480V_,Satcon_Technology__PVS_100__480V_
Satcon_Technology__PVS_1000,Satcon_Technology__PVS_1000
Satcon_Technology__PVS_110_S_MT__208V_,Satcon_Technology__PVS_110_S_MT__208V_
Satcon_Technology__PVS_110_S_MT__240V_,Satcon_Technology__PVS_110_S_MT__240V_
Satcon_Technology__PVS_110_S_MT__480V_,Satcon_Technology__PVS_110_S_MT__480V_
Satcon_Technology__PVS_135__208V_,Satcon_Technology__PVS_135__208V_
Satcon_Technology__PVS_135__240V_,Satcon_Technology__PVS_135__240V_
Satcon_Technology__PVS_135__480V_,Satcon_Technology__PVS_135__480V_
Satcon_Technology__PVS_210_S__208V_,Satcon_Technology__PVS_210_S__208V_
Satcon_Technology__PVS_210_S__240V_,Satcon_Technology__PVS_210_S__240V_
Satcon_Technology__PVS_210_S__480V_,Satcon_Technology__PVS_210_S__480V_
Satcon_Technology__PVS_250,Satcon_Technology__PVS_250
Satcon_Technology__PVS_250__208V_,Satcon_Technology__PVS_250__208V_
Satcon_Technology__PVS_250__240V_,Satcon_Technology__PVS_250__240V_
Satcon_Technology__PVS_250__480V_,Satcon_Technology__PVS_250__480V_
Satcon_Technology__PVS_30__208V_,Satcon_Technology__PVS_30__208V_
Satcon_Technology__PVS_30__240V_,Satcon_Technology__PVS_30__240V_
Satcon_Technology__PVS_30__480V_,Satcon_Technology__PVS_30__480V_
Satcon_Technology__PVS_375__480V_,Satcon_Technology__PVS_375__480V_
Satcon_Technology__PVS_50__208V_,Satcon_Technology__PVS_50__208V_
Satcon_Technology__PVS_50__240V_,Satcon_Technology__PVS_50__240V_
Satcon_Technology__PVS_50__480V_,Satcon_Technology__PVS_50__480V_
Satcon_Technology__PVS_50_S_MT__208V_,Satcon_Technology__PVS_50_S_MT__208V_
Satcon_Technology__PVS_50_S_MT__240V_,Satcon_Technology__PVS_50_S_MT__240V_
Satcon_Technology__PVS_50_S_MT__480V_,Satcon_Technology__PVS_50_S_MT__480V_
Satcon_Technology__PVS_500,Satcon_Technology__PVS_500
Satcon_Technology__PVS_500__480V_,Satcon_Technology__PVS_500__480V_
Satcon_Technology__PVS_75__208V_,Satcon_Technology__PVS_75__208V_
Satcon_Technology__PVS_75__240V_,Satcon_Technology__PVS_75__240V_
Satcon_Technology__PVS_75__480V_,Satcon_Technology__PVS_75__480V_
Satcon_Technology__SDMS0100208LNIU__208V_,Satcon_Technology__SDMS0100208LNIU__208V_
Satcon_Technology__SDMS0100240LNIU__240V_,Satcon_Technology__SDMS0100240LNIU__240V_
Satcon_Technology__SDMS0100480LNIU__480V_,Satcon_Technology__SDMS0100480LNIU__480V_
Satcon_Technology__SDMS0500UL320XN__320V_,Satcon_Technology__SDMS0500UL320XN__320V_
Satcon_Technology__SDMS0500UL320XP__320V_,Satcon_Technology__SDMS0500UL320XP__320V_
Satcon_Technology__SDMS0500UL480TN__480V_,Satcon_Technology__SDMS0500UL480TN__480V_
Satcon_Technology__SDMS0500UL480TP__480V_,Satcon_Technology__SDMS0500UL480TP__480V_
Schneider_Electric_Solar_Inverters_USA___Inc___CS1666_1_NA__575V_,Schneider_Electric_Solar_Inverters_USA___Inc___CS1666_1_NA__575V_
Schneider_Electric_Solar_Inverters_USA___Inc___CS1666_2_NA__575V_,Schneider_Electric_Solar_Inverters_USA___Inc___CS1666_2_NA__575V_
Schneider_Electric_Solar_Inverters_USA___Inc___CS1666_3_NA__575V_,Schneider_Electric_Solar_Inverters_USA___Inc___CS1666_3_NA__575V_
Schneider_Electric_Solar_Inverters_USA___Inc___CS1800_NA__575V_,Schneider_Electric_Solar_Inverters_USA___Inc___CS1800_NA__575V_
Schneider_Electric_Solar_Inverters_USA___Inc___CS2000_NA__575V_,Schneider_Electric_Solar_Inverters_USA___Inc___CS2000_NA__575V_
Schneider_Electric_Solar_Inverters_USA___Inc___CS2200_NA__600V_,Schneider_Electric_Solar_Inverters_USA___Inc___CS2200_NA__600V_
Schneider_Electric_Solar_Inverters_USA___Inc___CS2400_NA__600V_,Schneider_Electric_Solar_Inverters_USA___Inc___CS2400_NA__600V_
Schneider_Electric_Solar_Inverters_USA___Inc___Conext_CL_18000NA,Schneider_Electric_Solar_Inverters_USA___Inc___Conext_CL_18000NA
Schneider_Electric_Solar_Inverters_USA___Inc___Conext_CL_25000NA,Schneider_Electric_Solar_Inverters_USA___Inc___Conext_CL_25000NA
Schneider_Electric_Solar_Inverters_USA___Inc___Conext_CL_60A,Schneider_Electric_Solar_Inverters_USA___Inc___Conext_CL_60A
Schneider_Electric_Solar_Inverters_USA___Inc___Conext_CL125__600V_,Schneider_Electric_Solar_Inverters_USA___Inc___Conext_CL125__600V_
Schneider_Electric_Solar_Inverters_USA___Inc___Conext_Core_XC540_NA,Schneider_Electric_Solar_Inverters_USA___Inc___Conext_Core_XC540_NA
Schneider_Electric_Solar_Inverters_USA___Inc___Conext_Core_XC630_NA,Schneider_Electric_Solar_Inverters_USA___Inc___Conext_Core_XC630_NA
Schneider_Electric_Solar_Inverters_USA___Inc___Conext_Core_XC680_NA,Schneider_Electric_Solar_Inverters_USA___Inc___Conext_Core_XC680_NA
Schneider_Electric_Solar_Inverters_USA___Inc___Conext_Core_XC733_NA,Schneider_Electric_Solar_Inverters_USA___Inc___Conext_Core_XC733_NA
Schneider_Electric_Solar_Inverters_USA___Inc___Conext_TX_2800_NA__208V_,Schneider_Electric_Solar_Inverters_USA___Inc___Conext_TX_2800_NA__208V_
Schneider_Electric_Solar_Inverters_USA___Inc___Conext_TX_2800_NA__240V_,Schneider_Electric_Solar_Inverters_USA___Inc___Conext_TX_2800_NA__240V_
Schneider_Electric_Solar_Inverters_USA___Inc___Conext_TX_3300_NA__208V_,Schneider_Electric_Solar_Inverters_USA___Inc___Conext_TX_3300_NA__208V_
Schneider_Electric_Solar_Inverters_USA___Inc___Conext_TX_3300_NA__240V_,Schneider_Electric_Solar_Inverters_USA___Inc___Conext_TX_3300_NA__240V_
Schneider_Electric_Solar_Inverters_USA___Inc___Conext_TX_3800_NA__208V_,Schneider_Electric_Solar_Inverters_USA___Inc___Conext_TX_3800_NA__208V_
Schneider_Electric_Solar_Inverters_USA___Inc___Conext_TX_3800_NA__240V_,Schneider_Electric_Solar_Inverters_USA___Inc___Conext_TX_3800_NA__240V_
Schneider_Electric_Solar_Inverters_USA___Inc___Conext_TX_5000_NA__208V_,Schneider_Electric_Solar_Inverters_USA___Inc___Conext_TX_5000_NA__208V_
Schneider_Electric_Solar_Inverters_USA___Inc___Conext_TX_5000_NA__240V_,Schneider_Electric_Solar_Inverters_USA___Inc___Conext_TX_5000_NA__240V_
Schneider_Electric_Solar_Inverters_USA___Inc___GT100_208__208V_,Schneider_Electric_Solar_Inverters_USA___Inc___GT100_208__208V_
Schneider_Electric_Solar_Inverters_USA___Inc___GT100_208_PG__208V_,Schneider_Electric_Solar_Inverters_USA___Inc___GT100_208_PG__208V_
Schneider_Electric_Solar_Inverters_USA___Inc___GT100_480__480V_,Schneider_Electric_Solar_Inverters_USA___Inc___GT100_480__480V_
Schneider_Electric_Solar_Inverters_USA___Inc___GT100_480_PG__480V_,Schneider_Electric_Solar_Inverters_USA___Inc___GT100_480_PG__480V_
Schneider_Electric_Solar_Inverters_USA___Inc___GT250_480__480V_,Schneider_Electric_Solar_Inverters_USA___Inc___GT250_480__480V_
Schneider_Electric_Solar_Inverters_USA___Inc___GT250_480_PG__480V_,Schneider_Electric_Solar_Inverters_USA___Inc___GT250_480_PG__480V_
Schneider_Electric_Solar_Inverters_USA___Inc___GT30_208__208V_,Schneider_Electric_Solar_Inverters_USA___Inc___GT30_208__208V_
Schneider_Electric_Solar_Inverters_USA___Inc___GT500_480__480V_,Schneider_Electric_Solar_Inverters_USA___Inc___GT500_480__480V_
Schneider_Electric_Solar_Inverters_USA___Inc___GT500_480_PG__480V_,Schneider_Electric_Solar_Inverters_USA___Inc___GT500_480_PG__480V_
Schneider_Electric_Solar_Inverters_USA___Inc___GT500_MVX,Schneider_Electric_Solar_Inverters_USA___Inc___GT500_MVX
Schneider_Electric_Solar_Inverters_USA___Inc___GT500_MVX_PG,Schneider_Electric_Solar_Inverters_USA___Inc___GT500_MVX_PG
Schuco_USA__SB3000US__208V_,Schuco_USA__SB3000US__208V_
Schuco_USA__SB3000US__240V_,Schuco_USA__SB3000US__240V_
Schuco_USA__SB3300U__240V_,Schuco_USA__SB3300U__240V_
Schuco_USA__SB3800U__208V_,Schuco_USA__SB3800U__208V_
Schuco_USA__SB3800U__240V_,Schuco_USA__SB3800U__240V_
Schuco_USA__SB4000US__208V_,Schuco_USA__SB4000US__208V_
Schuco_USA__SB4000US__240V_,Schuco_USA__SB4000US__240V_
Schuco_USA__SB5000US__208V_,Schuco_USA__SB5000US__208V_
Schuco_USA__SB5000US__240V_,Schuco_USA__SB5000US__240V_
Schuco_USA__SB5000US__277V_,Schuco_USA__SB5000US__277V_
Schuco_USA__SB6000U__208V_,Schuco_USA__SB6000U__208V_
Schuco_USA__SB6000U__240V_,Schuco_USA__SB6000U__240V_
Schuco_USA__SB6000U__277V_,Schuco_USA__SB6000U__277V_
Schuco_USA__SB6000US__208V_,Schuco_USA__SB6000US__208V_
Schuco_USA__SB6000US__240V_,Schuco_USA__SB6000US__240V_
Schuco_USA__SB6000US__277V_,Schuco_USA__SB6000US__277V_
Schuco_USA__SB7000US__208V_,Schuco_USA__SB7000US__208V_
Schuco_USA__SB7000US__240V_,Schuco_USA__SB7000US__240V_
Schuco_USA__SB7000US__277V_,Schuco_USA__SB7000US__277V_
Schuco_USA__SB700U__120V_,Schuco_USA__SB700U__120V_
Schuco_USA__SB700U_SBD__120V_,Schuco_USA__SB700U_SBD__120V_
Schuco_USA__SB8000US__240V_,Schuco_USA__SB8000US__240V_
Schuco_USA__SB8000US__277V_,Schuco_USA__SB8000US__277V_
Schuco_USA__ST42__208V_,Schuco_USA__ST42__208V_
Schuco_USA__ST42__277V_,Schuco_USA__ST42__277V_
Schuco_USA__SWR1800U__120V_,Schuco_USA__SWR1800U__120V_
Schuco_USA__SWR1800U_SBD__120V_,Schuco_USA__SWR1800U_SBD__120V_
Schuco_USA__SWR2100U__240V_,Schuco_USA__SWR2100U__240V_
Schuco_USA__SWR2500U__208V_,Schuco_USA__SWR2500U__208V_
Schuco_USA__SWR2500U__240V_,Schuco_USA__SWR2500U__240V_
Schuco_USA__SWR2500U_SBD__208V_,Schuco_USA__SWR2500U_SBD__208V_
Schuco_USA__SWR2500U_SBD__240V_,Schuco_USA__SWR2500U_SBD__240V_
Sharp__JH_3500U__240V_,Sharp__JH_3500U__240V_
Shenzhen_BYD__BSG250K_U,Shenzhen_BYD__BSG250K_U
Shenzhen_BYD__BSG250K_U_N,Shenzhen_BYD__BSG250K_U_N
Shenzhen_BYD__BSG5000_U__208V_,Shenzhen_BYD__BSG5000_U__208V_
Shenzhen_BYD__BSG5000_U__240V_,Shenzhen_BYD__BSG5000_U__240V_
Shenzhen_Growatt_New_Energy_Technology_Co___Ltd__GROWATT_10000MTLP_US__208V_,Shenzhen_Growatt_New_Energy_Technology_Co___Ltd__GROWATT_10000MTLP_US__208V_
Shenzhen_Growatt_New_Energy_Technology_Co___Ltd__GROWATT_10000MTLP_US__240V_,Shenzhen_Growatt_New_Energy_Technology_Co___Ltd__GROWATT_10000MTLP_US__240V_
Shenzhen_Growatt_New_Energy_Technology_Co___Ltd__GROWATT_10000MTLP_US__277V_,Shenzhen_Growatt_New_Energy_Technology_Co___Ltd__GROWATT_10000MTLP_US__277V_
Shenzhen_Growatt_New_Energy_Technology_Co___Ltd__GROWATT_33000TL3_US__480V_,Shenzhen_Growatt_New_Energy_Technology_Co___Ltd__GROWATT_33000TL3_US__480V_
Shenzhen_Growatt_New_Energy_Technology_Co___Ltd__GROWATT_36000TL3_US__480V_,Shenzhen_Growatt_New_Energy_Technology_Co___Ltd__GROWATT_36000TL3_US__480V_
Shenzhen_Growatt_New_Energy_Technology_Co___Ltd__GROWATT_40000TL3_US__480V_,Shenzhen_Growatt_New_Energy_Technology_Co___Ltd__GROWATT_40000TL3_US__480V_
Shenzhen_Growatt_New_Energy_Technology_Co___Ltd__GROWATT_4000MTLP_US__208V_,Shenzhen_Growatt_New_Energy_Technology_Co___Ltd__GROWATT_4000MTLP_US__208V_
Shenzhen_Growatt_New_Energy_Technology_Co___Ltd__GROWATT_4000MTLP_US__240V_,Shenzhen_Growatt_New_Energy_Technology_Co___Ltd__GROWATT_4000MTLP_US__240V_
Shenzhen_Growatt_New_Energy_Technology_Co___Ltd__GROWATT_4000MTLP_US__277V_,Shenzhen_Growatt_New_Energy_Technology_Co___Ltd__GROWATT_4000MTLP_US__277V_
Shenzhen_Growatt_New_Energy_Technology_Co___Ltd__GROWATT_5000MTLP_US__208V_,Shenzhen_Growatt_New_Energy_Technology_Co___Ltd__GROWATT_5000MTLP_US__208V_
Shenzhen_Growatt_New_Energy_Technology_Co___Ltd__GROWATT_5000MTLP_US__240V_,Shenzhen_Growatt_New_Energy_Technology_Co___Ltd__GROWATT_5000MTLP_US__240V_
Shenzhen_Growatt_New_Energy_Technology_Co___Ltd__GROWATT_5000MTLP_US__277V_,Shenzhen_Growatt_New_Energy_Technology_Co___Ltd__GROWATT_5000MTLP_US__277V_
Shenzhen_Growatt_New_Energy_Technology_Co___Ltd__GROWATT_6000MTLP_US__208V_,Shenzhen_Growatt_New_Energy_Technology_Co___Ltd__GROWATT_6000MTLP_US__208V_
Shenzhen_Growatt_New_Energy_Technology_Co___Ltd__GROWATT_6000MTLP_US__240V_,Shenzhen_Growatt_New_Energy_Technology_Co___Ltd__GROWATT_6000MTLP_US__240V_
Shenzhen_Growatt_New_Energy_Technology_Co___Ltd__GROWATT_6000MTLP_US__277V_,Shenzhen_Growatt_New_Energy_Technology_Co___Ltd__GROWATT_6000MTLP_US__277V_
Shenzhen_Growatt_New_Energy_Technology_Co___Ltd__GROWATT_7000MTLP_US__208V_,Shenzhen_Growatt_New_Energy_Technology_Co___Ltd__GROWATT_7000MTLP_US__208V_
Shenzhen_Growatt_New_Energy_Technology_Co___Ltd__GROWATT_7000MTLP_US__277V_,Shenzhen_Growatt_New_Energy_Technology_Co___Ltd__GROWATT_7000MTLP_US__277V_
Shenzhen_Growatt_New_Energy_Technology_Co___Ltd__GROWATT_7600MTLP_US__208V_,Shenzhen_Growatt_New_Energy_Technology_Co___Ltd__GROWATT_7600MTLP_US__208V_
Shenzhen_Growatt_New_Energy_Technology_Co___Ltd__GROWATT_8000MTLP_US__208V_,Shenzhen_Growatt_New_Energy_Technology_Co___Ltd__GROWATT_8000MTLP_US__208V_
Shenzhen_Growatt_New_Energy_Technology_Co___Ltd__GROWATT_8000MTLP_US__240V_,Shenzhen_Growatt_New_Energy_Technology_Co___Ltd__GROWATT_8000MTLP_US__240V_
Shenzhen_Growatt_New_Energy_Technology_Co___Ltd__GROWATT_8000MTLP_US__277V_,Shenzhen_Growatt_New_Energy_Technology_Co___Ltd__GROWATT_8000MTLP_US__277V_
Shenzhen_Growatt_New_Energy_Technology_Co___Ltd__GROWATT_9000MTLP_US__208V_,Shenzhen_Growatt_New_Energy_Technology_Co___Ltd__GROWATT_9000MTLP_US__208V_
Shenzhen_Growatt_New_Energy_Technology_Co___Ltd__GROWATT_9000MTLP_US__240V_,Shenzhen_Growatt_New_Energy_Technology_Co___Ltd__GROWATT_9000MTLP_US__240V_
Shenzhen_Growatt_New_Energy_Technology_Co___Ltd__GROWATT_9000MTLP_US__277V_,Shenzhen_Growatt_New_Energy_Technology_Co___Ltd__GROWATT_9000MTLP_US__277V_
Shenzhen_Growatt_New_Energy_Technology_Co___Ltd__Growatt_10000_TL3_US__240V_,Shenzhen_Growatt_New_Energy_Technology_Co___Ltd__Growatt_10000_TL3_US__240V_
Shenzhen_Growatt_New_Energy_Technology_Co___Ltd__Growatt_10000MTLP_US__208V_,Shenzhen_Growatt_New_Energy_Technology_Co___Ltd__Growatt_10000MTLP_US__208V_
Shenzhen_Growatt_New_Energy_Technology_Co___Ltd__Growatt_10000MTLP_US__240V_,Shenzhen_Growatt_New_Energy_Technology_Co___Ltd__Growatt_10000MTLP_US__240V_
Shenzhen_Growatt_New_Energy_Technology_Co___Ltd__Growatt_10000MTLP_US__277V_,Shenzhen_Growatt_New_Energy_Technology_Co___Ltd__Growatt_10000MTLP_US__277V_
Shenzhen_Growatt_New_Energy_Technology_Co___Ltd__Growatt_10000TL_US__208V_,Shenzhen_Growatt_New_Energy_Technology_Co___Ltd__Growatt_10000TL_US__208V_
Shenzhen_Growatt_New_Energy_Technology_Co___Ltd__Growatt_11000TL_US__240V_,Shenzhen_Growatt_New_Energy_Technology_Co___Ltd__Growatt_11000TL_US__240V_
Shenzhen_Growatt_New_Energy_Technology_Co___Ltd__Growatt_12000_TL3_US__277V_,Shenzhen_Growatt_New_Energy_Technology_Co___Ltd__Growatt_12000_TL3_US__277V_
Shenzhen_Growatt_New_Energy_Technology_Co___Ltd__Growatt_1500_US__208V_,Shenzhen_Growatt_New_Energy_Technology_Co___Ltd__Growatt_1500_US__208V_
Shenzhen_Growatt_New_Energy_Technology_Co___Ltd__Growatt_1500_US__240V_,Shenzhen_Growatt_New_Energy_Technology_Co___Ltd__Growatt_1500_US__240V_
Shenzhen_Growatt_New_Energy_Technology_Co___Ltd__Growatt_1500_US__277V_,Shenzhen_Growatt_New_Energy_Technology_Co___Ltd__Growatt_1500_US__277V_
Shenzhen_Growatt_New_Energy_Technology_Co___Ltd__Growatt_18000_TL3_US__277V_,Shenzhen_Growatt_New_Energy_Technology_Co___Ltd__Growatt_18000_TL3_US__277V_
Shenzhen_Growatt_New_Energy_Technology_Co___Ltd__Growatt_2000_US__208V_,Shenzhen_Growatt_New_Energy_Technology_Co___Ltd__Growatt_2000_US__208V_
Shenzhen_Growatt_New_Energy_Technology_Co___Ltd__Growatt_2000_US__240V_,Shenzhen_Growatt_New_Energy_Technology_Co___Ltd__Growatt_2000_US__240V_
Shenzhen_Growatt_New_Energy_Technology_Co___Ltd__Growatt_2000_US__277V_,Shenzhen_Growatt_New_Energy_Technology_Co___Ltd__Growatt_2000_US__277V_
Shenzhen_Growatt_New_Energy_Technology_Co___Ltd__Growatt_20000_TL3_US__277V_,Shenzhen_Growatt_New_Energy_Technology_Co___Ltd__Growatt_20000_TL3_US__277V_
Shenzhen_Growatt_New_Energy_Technology_Co___Ltd__Growatt_2000HF_US__208V_,Shenzhen_Growatt_New_Energy_Technology_Co___Ltd__Growatt_2000HF_US__208V_
Shenzhen_Growatt_New_Energy_Technology_Co___Ltd__Growatt_2000HF_US__240V_,Shenzhen_Growatt_New_Energy_Technology_Co___Ltd__Growatt_2000HF_US__240V_
Shenzhen_Growatt_New_Energy_Technology_Co___Ltd__Growatt_2500HF_US__208V_,Shenzhen_Growatt_New_Energy_Technology_Co___Ltd__Growatt_2500HF_US__208V_
Shenzhen_Growatt_New_Energy_Technology_Co___Ltd__Growatt_2500HF_US__240V_,Shenzhen_Growatt_New_Energy_Technology_Co___Ltd__Growatt_2500HF_US__240V_
Shenzhen_Growatt_New_Energy_Technology_Co___Ltd__Growatt_3000_US__208V_,Shenzhen_Growatt_New_Energy_Technology_Co___Ltd__Growatt_3000_US__208V_
Shenzhen_Growatt_New_Energy_Technology_Co___Ltd__Growatt_3000_US__240V_,Shenzhen_Growatt_New_Energy_Technology_Co___Ltd__Growatt_3000_US__240V_
Shenzhen_Growatt_New_Energy_Technology_Co___Ltd__Growatt_3000_US__277V_,Shenzhen_Growatt_New_Energy_Technology_Co___Ltd__Growatt_3000_US__277V_
Shenzhen_Growatt_New_Energy_Technology_Co___Ltd__Growatt_3000HF_US__208V_,Shenzhen_Growatt_New_Energy_Technology_Co___Ltd__Growatt_3000HF_US__208V_
Shenzhen_Growatt_New_Energy_Technology_Co___Ltd__Growatt_3000HF_US__240V_,Shenzhen_Growatt_New_Energy_Technology_Co___Ltd__Growatt_3000HF_US__240V_
Shenzhen_Growatt_New_Energy_Technology_Co___Ltd__Growatt_3600_MTL_US__208V_,Shenzhen_Growatt_New_Energy_Technology_Co___Ltd__Growatt_3600_MTL_US__208V_
Shenzhen_Growatt_New_Energy_Technology_Co___Ltd__Growatt_3600_MTL_US__240V_,Shenzhen_Growatt_New_Energy_Technology_Co___Ltd__Growatt_3600_MTL_US__240V_
Shenzhen_Growatt_New_Energy_Technology_Co___Ltd__Growatt_3600_MTL_US__277V_,Shenzhen_Growatt_New_Energy_Technology_Co___Ltd__Growatt_3600_MTL_US__277V_
Shenzhen_Growatt_New_Energy_Technology_Co___Ltd__Growatt_4000MTLP_US__208V_,Shenzhen_Growatt_New_Energy_Technology_Co___Ltd__Growatt_4000MTLP_US__208V_
Shenzhen_Growatt_New_Energy_Technology_Co___Ltd__Growatt_4000MTLP_US__240V_,Shenzhen_Growatt_New_Energy_Technology_Co___Ltd__Growatt_4000MTLP_US__240V_
Shenzhen_Growatt_New_Energy_Technology_Co___Ltd__Growatt_4000MTLP_US__277V_,Shenzhen_Growatt_New_Energy_Technology_Co___Ltd__Growatt_4000MTLP_US__277V_
Shenzhen_Growatt_New_Energy_Technology_Co___Ltd__Growatt_4200_MTL_US__208V_,Shenzhen_Growatt_New_Energy_Technology_Co___Ltd__Growatt_4200_MTL_US__208V_
Shenzhen_Growatt_New_Energy_Technology_Co___Ltd__Growatt_4200_MTL_US__240V_,Shenzhen_Growatt_New_Energy_Technology_Co___Ltd__Growatt_4200_MTL_US__240V_
Shenzhen_Growatt_New_Energy_Technology_Co___Ltd__Growatt_4200_MTL_US__277V_,Shenzhen_Growatt_New_Energy_Technology_Co___Ltd__Growatt_4200_MTL_US__277V_
Shenzhen_Growatt_New_Energy_Technology_Co___Ltd__Growatt_5000_MTL_US__208V_,Shenzhen_Growatt_New_Energy_Technology_Co___Ltd__Growatt_5000_MTL_US__208V_
Shenzhen_Growatt_New_Energy_Technology_Co___Ltd__Growatt_5000_MTL_US__240V_,Shenzhen_Growatt_New_Energy_Technology_Co___Ltd__Growatt_5000_MTL_US__240V_
Shenzhen_Growatt_New_Energy_Technology_Co___Ltd__Growatt_5000_MTL_US__277V_,Shenzhen_Growatt_New_Energy_Technology_Co___Ltd__Growatt_5000_MTL_US__277V_
Shenzhen_Growatt_New_Energy_Technology_Co___Ltd__Growatt_5000MTLP_US__208V_,Shenzhen_Growatt_New_Energy_Technology_Co___Ltd__Growatt_5000MTLP_US__208V_
Shenzhen_Growatt_New_Energy_Technology_Co___Ltd__Growatt_5000MTLP_US__240V_,Shenzhen_Growatt_New_Energy_Technology_Co___Ltd__Growatt_5000MTLP_US__240V_
Shenzhen_Growatt_New_Energy_Technology_Co___Ltd__Growatt_5000MTLP_US__277V_,Shenzhen_Growatt_New_Energy_Technology_Co___Ltd__Growatt_5000MTLP_US__277V_
Shenzhen_Growatt_New_Energy_Technology_Co___Ltd__Growatt_6000MTLP_US__208V_,Shenzhen_Growatt_New_Energy_Technology_Co___Ltd__Growatt_6000MTLP_US__208V_
Shenzhen_Growatt_New_Energy_Technology_Co___Ltd__Growatt_6000MTLP_US__240V_,Shenzhen_Growatt_New_Energy_Technology_Co___Ltd__Growatt_6000MTLP_US__240V_
Shenzhen_Growatt_New_Energy_Technology_Co___Ltd__Growatt_6000MTLP_US__277V_,Shenzhen_Growatt_New_Energy_Technology_Co___Ltd__Growatt_6000MTLP_US__277V_
Shenzhen_Growatt_New_Energy_Technology_Co___Ltd__Growatt_7000MTLP_US__208V_,Shenzhen_Growatt_New_Energy_Technology_Co___Ltd__Growatt_7000MTLP_US__208V_
Shenzhen_Growatt_New_Energy_Technology_Co___Ltd__Growatt_7000MTLP_US__277V_,Shenzhen_Growatt_New_Energy_Technology_Co___Ltd__Growatt_7000MTLP_US__277V_
Shenzhen_Growatt_New_Energy_Technology_Co___Ltd__Growatt_7600MTLP_US__208V_,Shenzhen_Growatt_New_Energy_Technology_Co___Ltd__Growatt_7600MTLP_US__208V_
Shenzhen_Growatt_New_Energy_Technology_Co___Ltd__Growatt_8000MTLP_US__208V_,Shenzhen_Growatt_New_Energy_Technology_Co___Ltd__Growatt_8000MTLP_US__208V_
Shenzhen_Growatt_New_Energy_Technology_Co___Ltd__Growatt_8000MTLP_US__240V_,Shenzhen_Growatt_New_Energy_Technology_Co___Ltd__Growatt_8000MTLP_US__240V_
Shenzhen_Growatt_New_Energy_Technology_Co___Ltd__Growatt_8000MTLP_US__277V_,Shenzhen_Growatt_New_Energy_Technology_Co___Ltd__Growatt_8000MTLP_US__277V_
Shenzhen_Growatt_New_Energy_Technology_Co___Ltd__Growatt_8000TL_US__208V_,Shenzhen_Growatt_New_Energy_Technology_Co___Ltd__Growatt_8000TL_US__208V_
Shenzhen_Growatt_New_Energy_Technology_Co___Ltd__Growatt_8000TL_US__240V_,Shenzhen_Growatt_New_Energy_Technology_Co___Ltd__Growatt_8000TL_US__240V_
Shenzhen_Growatt_New_Energy_Technology_Co___Ltd__Growatt_9000MTLP_US__208V_,Shenzhen_Growatt_New_Energy_Technology_Co___Ltd__Growatt_9000MTLP_US__208V_
Shenzhen_Growatt_New_Energy_Technology_Co___Ltd__Growatt_9000MTLP_US__240V_,Shenzhen_Growatt_New_Energy_Technology_Co___Ltd__Growatt_9000MTLP_US__240V_
Shenzhen_Growatt_New_Energy_Technology_Co___Ltd__Growatt_9000MTLP_US__277V_,Shenzhen_Growatt_New_Energy_Technology_Co___Ltd__Growatt_9000MTLP_US__277V_
Shenzhen_Growatt_New_Energy_Technology_Co___Ltd__Growatt_9000TL_US__208V_,Shenzhen_Growatt_New_Energy_Technology_Co___Ltd__Growatt_9000TL_US__208V_
Shenzhen_Growatt_New_Energy_Technology_Co___Ltd__Growatt_9000TL_US__240V_,Shenzhen_Growatt_New_Energy_Technology_Co___Ltd__Growatt_9000TL_US__240V_
Shenzhen_Sinexcel_Electric_Co___Ltd__PWS1_100K_NA__480V_,Shenzhen_Sinexcel_Electric_Co___Ltd__PWS1_100K_NA__480V_
Shenzhen_Sinexcel_Electric_Co___Ltd__PWS1_150K_NA__480V_,Shenzhen_Sinexcel_Electric_Co___Ltd__PWS1_150K_NA__480V_
Shenzhen_Sinexcel_Electric_Co___Ltd__PWS1_250K_NA__480V_,Shenzhen_Sinexcel_Electric_Co___Ltd__PWS1_250K_NA__480V_
Shenzhen_Sinexcel_Electric_Co___Ltd__PWS1_500KTL_NA__400V_,Shenzhen_Sinexcel_Electric_Co___Ltd__PWS1_500KTL_NA__400V_
Shenzhen_Sinexcel_Electric_Co___Ltd__PWS1_50K_NA__480V_,Shenzhen_Sinexcel_Electric_Co___Ltd__PWS1_50K_NA__480V_
Shenzhen_Sinexcel_Electric_Co___Ltd__PWS2_30K_NA__480V_,Shenzhen_Sinexcel_Electric_Co___Ltd__PWS2_30K_NA__480V_
Shenzhen_Sinexcel_Electric_Co___Ltd__Rainbow_PVI_10_0_I_US,Shenzhen_Sinexcel_Electric_Co___Ltd__Rainbow_PVI_10_0_I_US
Shenzhen_Sinexcel_Electric_Co___Ltd__Rainbow_PVI_12_5_I_US,Shenzhen_Sinexcel_Electric_Co___Ltd__Rainbow_PVI_12_5_I_US
Siemens_Industry__SINVERT_PVM12_UL__480V_,Siemens_Industry__SINVERT_PVM12_UL__480V_
Siemens_Industry__SINVERT_PVM16_UL__480V_,Siemens_Industry__SINVERT_PVM16_UL__480V_
Siemens_Industry__SINVERT_PVM20_UL__480V_,Siemens_Industry__SINVERT_PVM20_UL__480V_
Siemens_Industry__SINVERT_PVM24_UL__480V_,Siemens_Industry__SINVERT_PVM24_UL__480V_
Siemens_Industry__SINVERT_PVS1051_UL__480V_,Siemens_Industry__SINVERT_PVS1051_UL__480V_
Siemens_Industry__SINVERT_PVS1401_UL__480V_,Siemens_Industry__SINVERT_PVS1401_UL__480V_
Siemens_Industry__SINVERT_PVS351_UL__480V_,Siemens_Industry__SINVERT_PVS351_UL__480V_
Siemens_Industry__SINVERT_PVS701_UL__480V_,Siemens_Industry__SINVERT_PVS701_UL__480V_
Siemens_Industry__SMIINT215R60XX__208V_,Siemens_Industry__SMIINT215R60XX__208V_
Siemens_Industry__SMIINT215R60XX__240V_,Siemens_Industry__SMIINT215R60XX__240V_
Siemens_Industry__SMIINT250R60XX__208V_,Siemens_Industry__SMIINT250R60XX__208V_
Siemens_Industry__SMIINT250R60XX__240V_,Siemens_Industry__SMIINT250R60XX__240V_
Siemens_Industry__SMIINV215R60XX__208V_,Siemens_Industry__SMIINV215R60XX__208V_
Siemens_Industry__SMIINV215R60XX__240V_,Siemens_Industry__SMIINV215R60XX__240V_
Silicon_Energy__SiE_3840__208V_,Silicon_Energy__SiE_3840__208V_
Silicon_Energy__SiE_3840__240V_,Silicon_Energy__SiE_3840__240V_
Silicon_Energy__SiE_5300__208V_,Silicon_Energy__SiE_5300__208V_
Silicon_Energy__SiE_5300__240V_,Silicon_Energy__SiE_5300__240V_
Sol_Ark__Sol_Ark_8k_48_ST__208V_,Sol_Ark__Sol_Ark_8k_48_ST__208V_
Sol_Ark__Sol_Ark_8k_48_ST__240V_,Sol_Ark__Sol_Ark_8k_48_ST__240V_
Solar_Liberty__SLX_3000__208V_,Solar_Liberty__SLX_3000__208V_
Solar_Liberty__SLX_3000__240V_,Solar_Liberty__SLX_3000__240V_
Solar_Liberty__SLX_4000__208V_,Solar_Liberty__SLX_4000__208V_
Solar_Liberty__SLX_4000__240V_,Solar_Liberty__SLX_4000__240V_
Solar_Liberty__SLX_5000__208V_,Solar_Liberty__SLX_5000__208V_
Solar_Liberty__SLX_5000__240V_,Solar_Liberty__SLX_5000__240V_
Solar_Liberty__SLX_5300__208V_,Solar_Liberty__SLX_5300__208V_
Solar_Liberty__SLX_5300__240V_,Solar_Liberty__SLX_5300__240V_
Solar_Liberty__SLX_6500__208V_,Solar_Liberty__SLX_6500__208V_
Solar_Liberty__SLX_6500__240V_,Solar_Liberty__SLX_6500__240V_
Solar_Liberty__SLX_6500__277V_,Solar_Liberty__SLX_6500__277V_
Solar_Liberty__SLX_7500__208V_,Solar_Liberty__SLX_7500__208V_
Solar_Liberty__SLX_7500__240V_,Solar_Liberty__SLX_7500__240V_
Solar_Liberty__SLX_7500__277V_,Solar_Liberty__SLX_7500__277V_
Solar_Power__YS_10000TL__208V_,Solar_Power__YS_10000TL__208V_
Solar_Power__YS_10000TL__240V_,Solar_Power__YS_10000TL__240V_
Solar_Power__YS_11000TL__240V_,Solar_Power__YS_11000TL__240V_
Solar_Power__YS_1500TL__208V_,Solar_Power__YS_1500TL__208V_
Solar_Power__YS_1500TL__240V_,Solar_Power__YS_1500TL__240V_
Solar_Power__YS_1500TL__277V_,Solar_Power__YS_1500TL__277V_
Solar_Power__YS_2000TL__208V_,Solar_Power__YS_2000TL__208V_
Solar_Power__YS_2000TL__240V_,Solar_Power__YS_2000TL__240V_
Solar_Power__YS_2000TL__277V_,Solar_Power__YS_2000TL__277V_
Solar_Power__YS_3000TL__208V_,Solar_Power__YS_3000TL__208V_
Solar_Power__YS_3000TL__240V_,Solar_Power__YS_3000TL__240V_
Solar_Power__YS_3000TL__277V_,Solar_Power__YS_3000TL__277V_
Solar_Power__YS_3600MTL__208V_,Solar_Power__YS_3600MTL__208V_
Solar_Power__YS_3600MTL__240V_,Solar_Power__YS_3600MTL__240V_
Solar_Power__YS_3600MTL__277V_,Solar_Power__YS_3600MTL__277V_
Solar_Power__YS_4200MTL__208V_,Solar_Power__YS_4200MTL__208V_
Solar_Power__YS_4200MTL__240V_,Solar_Power__YS_4200MTL__240V_
Solar_Power__YS_4200MTL__277V_,Solar_Power__YS_4200MTL__277V_
Solar_Power__YS_5000MTL__208V_,Solar_Power__YS_5000MTL__208V_
Solar_Power__YS_5000MTL__240V_,Solar_Power__YS_5000MTL__240V_
Solar_Power__YS_5000MTL__277V_,Solar_Power__YS_5000MTL__277V_
Solar_Power__YS_8000TL__208V_,Solar_Power__YS_8000TL__208V_
Solar_Power__YS_8000TL__240V_,Solar_Power__YS_8000TL__240V_
Solar_Power__YS_9000TL__208V_,Solar_Power__YS_9000TL__208V_
Solar_Power__YS_9000TL__240V_,Solar_Power__YS_9000TL__240V_
SolarBridge_Technologies__P235HV_240__240V_,SolarBridge_Technologies__P235HV_240__240V_
SolarBridge_Technologies__P235LV_240__240V_,SolarBridge_Technologies__P235LV_240__240V_
SolarBridge_Technologies__P250HV_208_240_xxx,SolarBridge_Technologies__P250HV_208_240_xxx
SolarBridge_Technologies__P250HV_240_xxx__240V_,SolarBridge_Technologies__P250HV_240_xxx__240V_
SolarBridge_Technologies__P250LV_208_240_xxx,SolarBridge_Technologies__P250LV_208_240_xxx
SolarBridge_Technologies__P250LV_240_xxx__240V_,SolarBridge_Technologies__P250LV_240_xxx__240V_
SolarBridge_Technologies__SBT250_NA208_240_A121,SolarBridge_Technologies__SBT250_NA208_240_A121
SolarBridge_Technologies__SBT250_NA208_240_A321,SolarBridge_Technologies__SBT250_NA208_240_A321
SolarBridge_Technologies__SBT250_NA240_A111__240V_,SolarBridge_Technologies__SBT250_NA240_A111__240V_
SolarBridge_Technologies__SBT250_NA240_A311__240V_,SolarBridge_Technologies__SBT250_NA240_A311__240V_
SolarCity__H6,SolarCity__H6
SolarCity__H6L,SolarCity__H6L
SolarEdge_Technologies_Ltd___SE10000A_US__208V_,SolarEdge_Technologies_Ltd___SE10000A_US__208V_
SolarEdge_Technologies_Ltd___SE10000A_US__240V_,SolarEdge_Technologies_Ltd___SE10000A_US__240V_
SolarEdge_Technologies_Ltd___SE10000A_US__277V_,SolarEdge_Technologies_Ltd___SE10000A_US__277V_
SolarEdge_Technologies_Ltd___SE10000H_US__208V_,SolarEdge_Technologies_Ltd___SE10000H_US__208V_
SolarEdge_Technologies_Ltd___SE10000H_US__240V_,SolarEdge_Technologies_Ltd___SE10000H_US__240V_
SolarEdge_Technologies_Ltd___SE100KUS__480V_,SolarEdge_Technologies_Ltd___SE100KUS__480V_
SolarEdge_Technologies_Ltd___SE10K__480V_,SolarEdge_Technologies_Ltd___SE10K__480V_
SolarEdge_Technologies_Ltd___SE10KUS__480V_,SolarEdge_Technologies_Ltd___SE10KUS__480V_
SolarEdge_Technologies_Ltd___SE11400A_US__240V_,SolarEdge_Technologies_Ltd___SE11400A_US__240V_
SolarEdge_Technologies_Ltd___SE11400A_US__277V_,SolarEdge_Technologies_Ltd___SE11400A_US__277V_
SolarEdge_Technologies_Ltd___SE11400H_US__240V_,SolarEdge_Technologies_Ltd___SE11400H_US__240V_
SolarEdge_Technologies_Ltd___SE14_4KUS__208V_,SolarEdge_Technologies_Ltd___SE14_4KUS__208V_
SolarEdge_Technologies_Ltd___SE20K__480V_,SolarEdge_Technologies_Ltd___SE20K__480V_
SolarEdge_Technologies_Ltd___SE20KUS__480V_,SolarEdge_Technologies_Ltd___SE20KUS__480V_
SolarEdge_Technologies_Ltd___SE3000__208V_,SolarEdge_Technologies_Ltd___SE3000__208V_
SolarEdge_Technologies_Ltd___SE3000__240V_,SolarEdge_Technologies_Ltd___SE3000__240V_
SolarEdge_Technologies_Ltd___SE3000H_US__240V_,SolarEdge_Technologies_Ltd___SE3000H_US__240V_
SolarEdge_Technologies_Ltd___SE3000x__208V_,SolarEdge_Technologies_Ltd___SE3000x__208V_
SolarEdge_Technologies_Ltd___SE3000x__240V_,SolarEdge_Technologies_Ltd___SE3000x__240V_
SolarEdge_Technologies_Ltd___SE30KUS__480V_,SolarEdge_Technologies_Ltd___SE30KUS__480V_
SolarEdge_Technologies_Ltd___SE33_3KUS__480V_,SolarEdge_Technologies_Ltd___SE33_3KUS__480V_
SolarEdge_Technologies_Ltd___SE3300__208V_,SolarEdge_Technologies_Ltd___SE3300__208V_
SolarEdge_Technologies_Ltd___SE3300__240V_,SolarEdge_Technologies_Ltd___SE3300__240V_
SolarEdge_Technologies_Ltd___SE3300x__208V_,SolarEdge_Technologies_Ltd___SE3300x__208V_
SolarEdge_Technologies_Ltd___SE3300x__240V_,SolarEdge_Technologies_Ltd___SE3300x__240V_
SolarEdge_Technologies_Ltd___SE3800__208V_,SolarEdge_Technologies_Ltd___SE3800__208V_
SolarEdge_Technologies_Ltd___SE3800__240V_,SolarEdge_Technologies_Ltd___SE3800__240V_
SolarEdge_Technologies_Ltd___SE3800H_US__208V_,SolarEdge_Technologies_Ltd___SE3800H_US__208V_
SolarEdge_Technologies_Ltd___SE3800H_US__240V_,SolarEdge_Technologies_Ltd___SE3800H_US__240V_
SolarEdge_Technologies_Ltd___SE3800x__208V_,SolarEdge_Technologies_Ltd___SE3800x__208V_
SolarEdge_Technologies_Ltd___SE3800x__240V_,SolarEdge_Technologies_Ltd___SE3800x__240V_
SolarEdge_Technologies_Ltd___SE4000__208V_,SolarEdge_Technologies_Ltd___SE4000__208V_
SolarEdge_Technologies_Ltd___SE4000__240V_,SolarEdge_Technologies_Ltd___SE4000__240V_
SolarEdge_Technologies_Ltd___SE43_2KUS__208V_,SolarEdge_Technologies_Ltd___SE43_2KUS__208V_
SolarEdge_Technologies_Ltd___SE5000__208V_,SolarEdge_Technologies_Ltd___SE5000__208V_
SolarEdge_Technologies_Ltd___SE5000__240V_,SolarEdge_Technologies_Ltd___SE5000__240V_
SolarEdge_Technologies_Ltd___SE5000__277V_,SolarEdge_Technologies_Ltd___SE5000__277V_
SolarEdge_Technologies_Ltd___SE5000H_US__208V_,SolarEdge_Technologies_Ltd___SE5000H_US__208V_
SolarEdge_Technologies_Ltd___SE5000H_US__240V_,SolarEdge_Technologies_Ltd___SE5000H_US__240V_
SolarEdge_Technologies_Ltd___SE5000x__208V_,SolarEdge_Technologies_Ltd___SE5000x__208V_
SolarEdge_Technologies_Ltd___SE5000x__240V_,SolarEdge_Technologies_Ltd___SE5000x__240V_
SolarEdge_Technologies_Ltd___SE6000__208V_,SolarEdge_Technologies_Ltd___SE6000__208V_
SolarEdge_Technologies_Ltd___SE6000__240V_,SolarEdge_Technologies_Ltd___SE6000__240V_
SolarEdge_Technologies_Ltd___SE6000__277V_,SolarEdge_Technologies_Ltd___SE6000__277V_
SolarEdge_Technologies_Ltd___SE6000H_US__208V_,SolarEdge_Technologies_Ltd___SE6000H_US__208V_
SolarEdge_Technologies_Ltd___SE6000H_US__240V_,SolarEdge_Technologies_Ltd___SE6000H_US__240V_
SolarEdge_Technologies_Ltd___SE6000x__208V_,SolarEdge_Technologies_Ltd___SE6000x__208V_
SolarEdge_Technologies_Ltd___SE6000x__240V_,SolarEdge_Technologies_Ltd___SE6000x__240V_
SolarEdge_Technologies_Ltd___SE66_6KUS__480V_,SolarEdge_Technologies_Ltd___SE66_6KUS__480V_
SolarEdge_Technologies_Ltd___SE7000__277V_,SolarEdge_Technologies_Ltd___SE7000__277V_
SolarEdge_Technologies_Ltd___SE7600__240V_,SolarEdge_Technologies_Ltd___SE7600__240V_
SolarEdge_Technologies_Ltd___SE7600A_US__208V_,SolarEdge_Technologies_Ltd___SE7600A_US__208V_
SolarEdge_Technologies_Ltd___SE7600A_US__240V_,SolarEdge_Technologies_Ltd___SE7600A_US__240V_
SolarEdge_Technologies_Ltd___SE7600A_US__277V_,SolarEdge_Technologies_Ltd___SE7600A_US__277V_
SolarEdge_Technologies_Ltd___SE7600H_US__240V_,SolarEdge_Technologies_Ltd___SE7600H_US__240V_
SolarEdge_Technologies_Ltd___SE9K__208V_,SolarEdge_Technologies_Ltd___SE9K__208V_
SolarEdge_Technologies_Ltd___SE9KUS__208V_,SolarEdge_Technologies_Ltd___SE9KUS__208V_
Solarbine__S6T_AC__120V_,Solarbine__S6T_AC__120V_
Solargate__SG_4000__240V_,Solargate__SG_4000__240V_
Solaria_Corporation__Solaria_PowerXT_345R_AC__240V_,Solaria_Corporation__Solaria_PowerXT_345R_AC__240V_
Solaria_Corporation__Solaria_PowerXT_350R_AC__240V_,Solaria_Corporation__Solaria_PowerXT_350R_AC__240V_
Solaria_Corporation__Solaria_PowerXT_355R_AC__240V_,Solaria_Corporation__Solaria_PowerXT_355R_AC__240V_
Solaria_Corporation__Solaria_PowerXT_360R_AC__240V_,Solaria_Corporation__Solaria_PowerXT_360R_AC__240V_
Solarmax__75TS_A,Solarmax__75TS_A
Solarmax__SM_12MT2A,Solarmax__SM_12MT2A
Solarmax__SM_15MT3A,Solarmax__SM_15MT3A
Solarmax__SM_18MT3A,Solarmax__SM_18MT3A
Sonnetek__Sonnetek_2000__120V_,Sonnetek__Sonnetek_2000__120V_
Sonnetek__Sonnetek_4000__240V_,Sonnetek__Sonnetek_4000__240V_
Sparq_Systems__Q1000_4101__240V_,Sparq_Systems__Q1000_4101__240V_
Sparq_Systems__Q1200_4101__240V_,Sparq_Systems__Q1200_4101__240V_
Sparq_Systems__Q1200_4102__240V_,Sparq_Systems__Q1200_4102__240V_
Sparq_Systems__S215NA2240__240V_,Sparq_Systems__S215NA2240__240V_
Sputnik_Engineering__75TS,Sputnik_Engineering__75TS
Sputnik_Engineering__SM_12MT2A,Sputnik_Engineering__SM_12MT2A
Sputnik_Engineering__SM_15MT3A,Sputnik_Engineering__SM_15MT3A
Sputnik_Engineering__SM_18MT3A,Sputnik_Engineering__SM_18MT3A
SunPower__MI_C_320_US208_xx__208V_,SunPower__MI_C_320_US208_xx__208V_
SunPower__MI_C_320_US208_240_1X__208V_,SunPower__MI_C_320_US208_240_1X__208V_
SunPower__MI_C_320_US208_240_1X__240V_,SunPower__MI_C_320_US208_240_1X__240V_
SunPower__MI_C_320_US240_xx__240V_,SunPower__MI_C_320_US240_xx__240V_
SunPower__SPR_11401f__208V_,SunPower__SPR_11401f__208V_
SunPower__SPR_11401f__240V_,SunPower__SPR_11401f__240V_
SunPower__SPR_11401f__277V_,SunPower__SPR_11401f__277V_
SunPower__SPR_10000f__208V_,SunPower__SPR_10000f__208V_
SunPower__SPR_10000f__240V_,SunPower__SPR_10000f__240V_
SunPower__SPR_10000f__277V_,SunPower__SPR_10000f__277V_
SunPower__SPR_10001f__208V_,SunPower__SPR_10001f__208V_
SunPower__SPR_10001f__240V_,SunPower__SPR_10001f__240V_
SunPower__SPR_10001f__277V_,SunPower__SPR_10001f__277V_
SunPower__SPR_11400f_3__208V_,SunPower__SPR_11400f_3__208V_
SunPower__SPR_11400f_3__240V_,SunPower__SPR_11400f_3__240V_
SunPower__SPR_11401f_3_Delta__208V_,SunPower__SPR_11401f_3_Delta__208V_
SunPower__SPR_11401f_3_Delta__240V_,SunPower__SPR_11401f_3_Delta__240V_
SunPower__SPR_12000f__208V_,SunPower__SPR_12000f__208V_
SunPower__SPR_12000f__240V_,SunPower__SPR_12000f__240V_
SunPower__SPR_12000f_3__277V_,SunPower__SPR_12000f_3__277V_
SunPower__SPR_12000m_3__480V_,SunPower__SPR_12000m_3__480V_
SunPower__SPR_12000m_3_H__480V_,SunPower__SPR_12000m_3_H__480V_
SunPower__SPR_12001f_3_WYE__277V_,SunPower__SPR_12001f_3_WYE__277V_
SunPower__SPR_15000m_3__480V_,SunPower__SPR_15000m_3__480V_
SunPower__SPR_15000m_3_H__480V_,SunPower__SPR_15000m_3_H__480V_
SunPower__SPR_20000m_3__480V_,SunPower__SPR_20000m_3__480V_
SunPower__SPR_20000m_3_H__480V_,SunPower__SPR_20000m_3_H__480V_
SunPower__SPR_225E_BLK_U_ACPV__240V_,SunPower__SPR_225E_BLK_U_ACPV__240V_
SunPower__SPR_230NE_BLK_U_ACPV__240V_,SunPower__SPR_230NE_BLK_U_ACPV__240V_
SunPower__SPR_24000m_3__480V_,SunPower__SPR_24000m_3__480V_
SunPower__SPR_24000m_3_H__480V_,SunPower__SPR_24000m_3_H__480V_
SunPower__SPR_240E_WHT_U_ACPV__240V_,SunPower__SPR_240E_WHT_U_ACPV__240V_
SunPower__SPR_245NE_WHT_U_240_ACPV__240V_,SunPower__SPR_245NE_WHT_U_240_ACPV__240V_
SunPower__SPR_245NE_WHT_U_ACPV__240V_,SunPower__SPR_245NE_WHT_U_ACPV__240V_
SunPower__SPR_2500__240V_,SunPower__SPR_2500__240V_
SunPower__SPR_2500x__240V_,SunPower__SPR_2500x__240V_
SunPower__SPR_2800x__208V_,SunPower__SPR_2800x__208V_
SunPower__SPR_2800x__240V_,SunPower__SPR_2800x__240V_
SunPower__SPR_30000m_3__480V_,SunPower__SPR_30000m_3__480V_
SunPower__SPR_3000m__208V_,SunPower__SPR_3000m__208V_
SunPower__SPR_3000m__240V_,SunPower__SPR_3000m__240V_
SunPower__SPR_3300f__208V_,SunPower__SPR_3300f__208V_
SunPower__SPR_3300f__240V_,SunPower__SPR_3300f__240V_
SunPower__SPR_3300f__277V_,SunPower__SPR_3300f__277V_
SunPower__SPR_3300x__208V_,SunPower__SPR_3300x__208V_
SunPower__SPR_3300x__240V_,SunPower__SPR_3300x__240V_
SunPower__SPR_3301f__208V_,SunPower__SPR_3301f__208V_
SunPower__SPR_3301f__240V_,SunPower__SPR_3301f__240V_
SunPower__SPR_3301f__277V_,SunPower__SPR_3301f__277V_
SunPower__SPR_3500__240V_,SunPower__SPR_3500__240V_
SunPower__SPR_3801f__208V_,SunPower__SPR_3801f__208V_
SunPower__SPR_3801f__240V_,SunPower__SPR_3801f__240V_
SunPower__SPR_3801f__277V_,SunPower__SPR_3801f__277V_
SunPower__SPR_4000f__208V_,SunPower__SPR_4000f__208V_
SunPower__SPR_4000f__240V_,SunPower__SPR_4000f__240V_
SunPower__SPR_4000f__277V_,SunPower__SPR_4000f__277V_
SunPower__SPR_4000m__208V_,SunPower__SPR_4000m__208V_
SunPower__SPR_4000m__240V_,SunPower__SPR_4000m__240V_
SunPower__SPR_4000x__208V_,SunPower__SPR_4000x__208V_
SunPower__SPR_4000x__240V_,SunPower__SPR_4000x__240V_
SunPower__SPR_4600__208V_,SunPower__SPR_4600__208V_
SunPower__SPR_5000m__208V_,SunPower__SPR_5000m__208V_
SunPower__SPR_5000m__240V_,SunPower__SPR_5000m__240V_
SunPower__SPR_5000m__277V_,SunPower__SPR_5000m__277V_
SunPower__SPR_5000x__208V_,SunPower__SPR_5000x__208V_
SunPower__SPR_5000x__240V_,SunPower__SPR_5000x__240V_
SunPower__SPR_5200__240V_,SunPower__SPR_5200__240V_
SunPower__SPR_6000m__208V_,SunPower__SPR_6000m__208V_
SunPower__SPR_6000m__240V_,SunPower__SPR_6000m__240V_
SunPower__SPR_6000m__277V_,SunPower__SPR_6000m__277V_
SunPower__SPR_6500f__208V_,SunPower__SPR_6500f__208V_
SunPower__SPR_6500f__240V_,SunPower__SPR_6500f__240V_
SunPower__SPR_6500f__277V_,SunPower__SPR_6500f__277V_
SunPower__SPR_6501f__208V_,SunPower__SPR_6501f__208V_
SunPower__SPR_6501f__240V_,SunPower__SPR_6501f__240V_
SunPower__SPR_6501f__277V_,SunPower__SPR_6501f__277V_
SunPower__SPR_7000m__208V_,SunPower__SPR_7000m__208V_
SunPower__SPR_7000m__240V_,SunPower__SPR_7000m__240V_
SunPower__SPR_7000m__277V_,SunPower__SPR_7000m__277V_
SunPower__SPR_7501f__208V_,SunPower__SPR_7501f__208V_
SunPower__SPR_7501f__240V_,SunPower__SPR_7501f__240V_
SunPower__SPR_7501f__277V_,SunPower__SPR_7501f__277V_
SunPower__SPR_8000f__208V_,SunPower__SPR_8000f__208V_
SunPower__SPR_8000f__240V_,SunPower__SPR_8000f__240V_
SunPower__SPR_8000f__277V_,SunPower__SPR_8000f__277V_
SunPower__SPR_8000m__240V_,SunPower__SPR_8000m__240V_
SunPower__SPR_8000m__277V_,SunPower__SPR_8000m__277V_
SunPower__SPR_E19_320_C_AC__208V_,SunPower__SPR_E19_320_C_AC__208V_
SunPower__SPR_E19_320_C_AC__240V_,SunPower__SPR_E19_320_C_AC__240V_
SunPower__SPR_E19_320_D_AC__208V_,SunPower__SPR_E19_320_D_AC__208V_
SunPower__SPR_E19_320_D_AC__240V_,SunPower__SPR_E19_320_D_AC__240V_
SunPower__SPR_E19_320_E_AC__208V_,SunPower__SPR_E19_320_E_AC__208V_
SunPower__SPR_E19_320_E_AC__240V_,SunPower__SPR_E19_320_E_AC__240V_
SunPower__SPR_E20_245_A_AC__240V_,SunPower__SPR_E20_245_A_AC__240V_
SunPower__SPR_E20_245_B_AC__208V_,SunPower__SPR_E20_245_B_AC__208V_
SunPower__SPR_E20_245_B_AC__240V_,SunPower__SPR_E20_245_B_AC__240V_
SunPower__SPR_E20_327_C_AC__208V_,SunPower__SPR_E20_327_C_AC__208V_
SunPower__SPR_E20_327_C_AC__240V_,SunPower__SPR_E20_327_C_AC__240V_
SunPower__SPR_E20_327_D_AC__208V_,SunPower__SPR_E20_327_D_AC__208V_
SunPower__SPR_E20_327_D_AC__240V_,SunPower__SPR_E20_327_D_AC__240V_
SunPower__SPR_E20_327_E_AC__208V_,SunPower__SPR_E20_327_E_AC__208V_
SunPower__SPR_E20_327_E_AC__240V_,SunPower__SPR_E20_327_E_AC__240V_
SunPower__SPR_X19_240_BLK_B_AC__208V_,SunPower__SPR_X19_240_BLK_B_AC__208V_
SunPower__SPR_X19_240_BLK_B_AC__240V_,SunPower__SPR_X19_240_BLK_B_AC__240V_
SunPower__SPR_X20_250_BLK_A_AC__240V_,SunPower__SPR_X20_250_BLK_A_AC__240V_
SunPower__SPR_X20_250_BLK_B_AC__208V_,SunPower__SPR_X20_250_BLK_B_AC__208V_
SunPower__SPR_X20_250_BLK_B_AC__240V_,SunPower__SPR_X20_250_BLK_B_AC__240V_
SunPower__SPR_X20_327_BLK_C_AC__208V_,SunPower__SPR_X20_327_BLK_C_AC__208V_
SunPower__SPR_X20_327_BLK_C_AC__240V_,SunPower__SPR_X20_327_BLK_C_AC__240V_
SunPower__SPR_X20_327_BLK_D_AC__208V_,SunPower__SPR_X20_327_BLK_D_AC__208V_
SunPower__SPR_X20_327_BLK_D_AC__240V_,SunPower__SPR_X20_327_BLK_D_AC__240V_
SunPower__SPR_X20_327_BLK_E_AC__208V_,SunPower__SPR_X20_327_BLK_E_AC__208V_
SunPower__SPR_X20_327_BLK_E_AC__240V_,SunPower__SPR_X20_327_BLK_E_AC__240V_
SunPower__SPR_X20_327_C_AC__208V_,SunPower__SPR_X20_327_C_AC__208V_
SunPower__SPR_X20_327_C_AC__240V_,SunPower__SPR_X20_327_C_AC__240V_
SunPower__SPR_X20_327_D_AC__208V_,SunPower__SPR_X20_327_D_AC__208V_
SunPower__SPR_X20_327_D_AC__240V_,SunPower__SPR_X20_327_D_AC__240V_
SunPower__SPR_X20_327_E_AC__208V_,SunPower__SPR_X20_327_E_AC__208V_
SunPower__SPR_X20_327_E_AC__240V_,SunPower__SPR_X20_327_E_AC__240V_
SunPower__SPR_X21_335_BLK_C_AC__208V_,SunPower__SPR_X21_335_BLK_C_AC__208V_
SunPower__SPR_X21_335_BLK_C_AC__240V_,SunPower__SPR_X21_335_BLK_C_AC__240V_
SunPower__SPR_X21_335_BLK_D_AC__208V_,SunPower__SPR_X21_335_BLK_D_AC__208V_
SunPower__SPR_X21_335_BLK_D_AC__240V_,SunPower__SPR_X21_335_BLK_D_AC__240V_
SunPower__SPR_X21_335_BLK_E_AC__208V_,SunPower__SPR_X21_335_BLK_E_AC__208V_
SunPower__SPR_X21_335_BLK_E_AC__240V_,SunPower__SPR_X21_335_BLK_E_AC__240V_
SunPower__SPR_X21_335_C_AC__208V_,SunPower__SPR_X21_335_C_AC__208V_
SunPower__SPR_X21_335_C_AC__240V_,SunPower__SPR_X21_335_C_AC__240V_
SunPower__SPR_X21_335_D_AC__208V_,SunPower__SPR_X21_335_D_AC__208V_
SunPower__SPR_X21_335_D_AC__240V_,SunPower__SPR_X21_335_D_AC__240V_
SunPower__SPR_X21_335_E_AC__208V_,SunPower__SPR_X21_335_E_AC__208V_
SunPower__SPR_X21_335_E_AC__240V_,SunPower__SPR_X21_335_E_AC__240V_
SunPower__SPR_X21_345_C_AC__208V_,SunPower__SPR_X21_345_C_AC__208V_
SunPower__SPR_X21_345_C_AC__240V_,SunPower__SPR_X21_345_C_AC__240V_
SunPower__SPR_X21_345_D_AC__208V_,SunPower__SPR_X21_345_D_AC__208V_
SunPower__SPR_X21_345_D_AC__240V_,SunPower__SPR_X21_345_D_AC__240V_
SunPower__SPR_X21_345_E_AC__208V_,SunPower__SPR_X21_345_E_AC__208V_
SunPower__SPR_X21_345_E_AC__240V_,SunPower__SPR_X21_345_E_AC__240V_
SunPower__SPR_X21_350_BLK_D_AC__208V_,SunPower__SPR_X21_350_BLK_D_AC__208V_
SunPower__SPR_X21_350_BLK_D_AC__240V_,SunPower__SPR_X21_350_BLK_D_AC__240V_
SunPower__SPR_X21_350_BLK_E_AC__208V_,SunPower__SPR_X21_350_BLK_E_AC__208V_
SunPower__SPR_X21_350_BLK_E_AC__240V_,SunPower__SPR_X21_350_BLK_E_AC__240V_
SunPower__SPR_X22_360_C_AC__208V_,SunPower__SPR_X22_360_C_AC__208V_
SunPower__SPR_X22_360_C_AC__240V_,SunPower__SPR_X22_360_C_AC__240V_
SunPower__SPR_X22_360_D_AC__208V_,SunPower__SPR_X22_360_D_AC__208V_
SunPower__SPR_X22_360_D_AC__240V_,SunPower__SPR_X22_360_D_AC__240V_
SunPower__SPR_X22_360_E_AC__208V_,SunPower__SPR_X22_360_E_AC__208V_
SunPower__SPR_X22_360_E_AC__240V_,SunPower__SPR_X22_360_E_AC__240V_
SunPower__SPR_X22_370_D_AC__208V_,SunPower__SPR_X22_370_D_AC__208V_
SunPower__SPR_X22_370_D_AC__240V_,SunPower__SPR_X22_370_D_AC__240V_
SunPower__SPR_X22_370_E_AC__208V_,SunPower__SPR_X22_370_E_AC__208V_
SunPower__SPR_X22_370_E_AC__240V_,SunPower__SPR_X22_370_E_AC__240V_
Sungrow_Power_Supply_Co___Ltd___SC1000KU__540V_,Sungrow_Power_Supply_Co___Ltd___SC1000KU__540V_
Sungrow_Power_Supply_Co___Ltd___SC250KU__480V_,Sungrow_Power_Supply_Co___Ltd___SC250KU__480V_
Sungrow_Power_Supply_Co___Ltd___SG_60KU_M__480V_,Sungrow_Power_Supply_Co___Ltd___SG_60KU_M__480V_
Sungrow_Power_Supply_Co___Ltd___SG1000MX,Sungrow_Power_Supply_Co___Ltd___SG1000MX
Sungrow_Power_Supply_Co___Ltd___SG100KU__480V_,Sungrow_Power_Supply_Co___Ltd___SG100KU__480V_
Sungrow_Power_Supply_Co___Ltd___SG100KU_outdoor__480V_,Sungrow_Power_Supply_Co___Ltd___SG100KU_outdoor__480V_
Sungrow_Power_Supply_Co___Ltd___SG125HV__600V_,Sungrow_Power_Supply_Co___Ltd___SG125HV__600V_
Sungrow_Power_Supply_Co___Ltd___SG2500U__550V_,Sungrow_Power_Supply_Co___Ltd___SG2500U__550V_
Sungrow_Power_Supply_Co___Ltd___SG250KC__600V_,Sungrow_Power_Supply_Co___Ltd___SG250KC__600V_
Sungrow_Power_Supply_Co___Ltd___SG250KU__480V_,Sungrow_Power_Supply_Co___Ltd___SG250KU__480V_
Sungrow_Power_Supply_Co___Ltd___SG30KU,Sungrow_Power_Supply_Co___Ltd___SG30KU
Sungrow_Power_Supply_Co___Ltd___SG36KU,Sungrow_Power_Supply_Co___Ltd___SG36KU
Sungrow_Power_Supply_Co___Ltd___SG500LV,Sungrow_Power_Supply_Co___Ltd___SG500LV
Sungrow_Power_Supply_Co___Ltd___SG60KU,Sungrow_Power_Supply_Co___Ltd___SG60KU
Sungrow_Power_Supply_Co___Ltd___SG60KU_M,Sungrow_Power_Supply_Co___Ltd___SG60KU_M
Sungrow_Power_Supply_Co___Ltd___SG750MX,Sungrow_Power_Supply_Co___Ltd___SG750MX
Sungrow_Power_Supply_Co___Ltd___SG800MX,Sungrow_Power_Supply_Co___Ltd___SG800MX
Sunna_Tech__SUNNA_2000TL_US_240__240V_,Sunna_Tech__SUNNA_2000TL_US_240__240V_
Sunna_Tech__SUNNA_3000TL_US_240__240V_,Sunna_Tech__SUNNA_3000TL_US_240__240V_
Sunna_Tech__SUNNA_4200TL_US_240__240V_,Sunna_Tech__SUNNA_4200TL_US_240__240V_
Sunna_Tech__SUNNA_5000TL_US_240__240V_,Sunna_Tech__SUNNA_5000TL_US_240__240V_
Sunset__SUNstring_4000__240V_,Sunset__SUNstring_4000__240V_
Sunset__SUNstring_5000__240V_,Sunset__SUNstring_5000__240V_
Sustainable_Energy_Technologies__SUNERGY_ELV_208__208V_,Sustainable_Energy_Technologies__SUNERGY_ELV_208__208V_
Sustainable_Energy_Technologies__SUNERGY_LV_208__208V_,Sustainable_Energy_Technologies__SUNERGY_LV_208__208V_
Sustainable_Energy_Technologies__SUNERGY_TENK_240D__240V_,Sustainable_Energy_Technologies__SUNERGY_TENK_240D__240V_
Sustainable_Energy_Technologies__Sunergy_5000_70_240__240V_,Sustainable_Energy_Technologies__Sunergy_5000_70_240__240V_
Sysgration__SG_4000__240V_,Sysgration__SG_4000__240V_
Sysgration__Soleil_2000_120__120V_,Sysgration__Soleil_2000_120__120V_
TMEIC__PVH_L1350GR,TMEIC__PVH_L1350GR
TMEIC__PVH_L1350GR_EG,TMEIC__PVH_L1350GR_EG
TMEIC__PVH_L2500GR,TMEIC__PVH_L2500GR
TMEIC__PVH_L2500GR_EG,TMEIC__PVH_L2500GR_EG
TMEIC__PVH_L2700GR,TMEIC__PVH_L2700GR
TMEIC__PVH_L2700GR_EG,TMEIC__PVH_L2700GR_EG
TMEIC__PVH_L3200GR__600V_,TMEIC__PVH_L3200GR__600V_
TMEIC__PVH_L3200GR_E7__600V_,TMEIC__PVH_L3200GR_E7__600V_
TMEIC__PVH_L3200GR_EG__600V_,TMEIC__PVH_L3200GR_EG__600V_
TMEIC__PVL_L0500U,TMEIC__PVL_L0500U
TMEIC__PVL_L0630U_S,TMEIC__PVL_L0630U_S
TMEIC__PVL_L0833GR,TMEIC__PVL_L0833GR
TMEIC__PVL_L1833GRM,TMEIC__PVL_L1833GRM
TMEIC__PVL_L1833GRQ,TMEIC__PVL_L1833GRQ
Tabuchi_Electric_Co___Ltd___EHW_S55P3B_PNUS__240V_,Tabuchi_Electric_Co___Ltd___EHW_S55P3B_PNUS__240V_
Tabuchi_Electric_Co___Ltd___EPW_T250P6_US__480V_,Tabuchi_Electric_Co___Ltd___EPW_T250P6_US__480V_
Tabuchi_Electric_Co___Ltd___THD_S55P3B_US__240V_,Tabuchi_Electric_Co___Ltd___THD_S55P3B_US__240V_
Tabuchi_Electric_Co___Ltd___THD_S55P3BB_US__240V_,Tabuchi_Electric_Co___Ltd___THD_S55P3BB_US__240V_
Tabuchi_Electric_Co___Ltd___THE_S55P3BB_USW__240V_,Tabuchi_Electric_Co___Ltd___THE_S55P3BB_USW__240V_
Tabuchi_Electric_Co___Ltd___TPD_T250P6_US__480V_,Tabuchi_Electric_Co___Ltd___TPD_T250P6_US__480V_
Talesun_Solar__TP660AM225__240V_,Talesun_Solar__TP660AM225__240V_
Talesun_Solar__TP660AM240__240V_,Talesun_Solar__TP660AM240__240V_
Talesun_Solar__TP660AM255__240V_,Talesun_Solar__TP660AM255__240V_
Talesun_Solar__TP660AM270__240V_,Talesun_Solar__TP660AM270__240V_
Topper_Sun_Energy_Technology__TS_S1500__208V_,Topper_Sun_Energy_Technology__TS_S1500__208V_
Topper_Sun_Energy_Technology__TS_S1500__240V_,Topper_Sun_Energy_Technology__TS_S1500__240V_
Topper_Sun_Energy_Technology__TS_S2000__208V_,Topper_Sun_Energy_Technology__TS_S2000__208V_
Topper_Sun_Energy_Technology__TS_S2000__240V_,Topper_Sun_Energy_Technology__TS_S2000__240V_
Topper_Sun_Energy_Technology__TS_S3000__208V_,Topper_Sun_Energy_Technology__TS_S3000__208V_
Topper_Sun_Energy_Technology__TS_S3000__240V_,Topper_Sun_Energy_Technology__TS_S3000__240V_
Topper_Sun_Energy_Technology__TS_S4000__208V_,Topper_Sun_Energy_Technology__TS_S4000__208V_
Topper_Sun_Energy_Technology__TS_S4000__240V_,Topper_Sun_Energy_Technology__TS_S4000__240V_
Toshiba_International__PVL_L0630U_S,Toshiba_International__PVL_L0630U_S
Toshiba_International__PVT_AAA50K6U,Toshiba_International__PVT_AAA50K6U
Trina_Energy_Storage_Solutions__Jiangsu__Co___Ltd__TB6000SHU__208V_,Trina_Energy_Storage_Solutions__Jiangsu__Co___Ltd__TB6000SHU__208V_
Trina_Energy_Storage_Solutions__Jiangsu__Co___Ltd__TB6000SHU__240V_,Trina_Energy_Storage_Solutions__Jiangsu__Co___Ltd__TB6000SHU__240V_
Trina_Energy_Storage_Solutions__Jiangsu__Co___Ltd__TB8000SHU__208V_,Trina_Energy_Storage_Solutions__Jiangsu__Co___Ltd__TB8000SHU__208V_
Trina_Energy_Storage_Solutions__Jiangsu__Co___Ltd__TB8000SHU__240V_,Trina_Energy_Storage_Solutions__Jiangsu__Co___Ltd__TB8000SHU__240V_
Ubiquiti_Networks_International__SM_MI_250__240V_,Ubiquiti_Networks_International__SM_MI_250__240V_
Westinghouse_Solar__WLW_230_1_AC0_D_B__208V_,Westinghouse_Solar__WLW_230_1_AC0_D_B__208V_
Westinghouse_Solar__WLW_230_1_AC0_D_B__240V_,Westinghouse_Solar__WLW_230_1_AC0_D_B__240V_
Westinghouse_Solar__WLW_230_1_AC1_A_B__240V_,Westinghouse_Solar__WLW_230_1_AC1_A_B__240V_
Westinghouse_Solar__WLW_230_1_AC2_D_B__208V_,Westinghouse_Solar__WLW_230_1_AC2_D_B__208V_
Westinghouse_Solar__WLW_230_1_AC2_D_B__240V_,Westinghouse_Solar__WLW_230_1_AC2_D_B__240V_
Westinghouse_Solar__WLW_235_1_AC0_D_B__208V_,Westinghouse_Solar__WLW_235_1_AC0_D_B__208V_
Westinghouse_Solar__WLW_235_1_AC0_D_B__240V_,Westinghouse_Solar__WLW_235_1_AC0_D_B__240V_
Westinghouse_Solar__WLW_235_1_AC1_A_B__240V_,Westinghouse_Solar__WLW_235_1_AC1_A_B__240V_
Westinghouse_Solar__WLW_235_1_AC2_D_B__208V_,Westinghouse_Solar__WLW_235_1_AC2_D_B__208V_
Westinghouse_Solar__WLW_235_1_AC2_D_B__240V_,Westinghouse_Solar__WLW_235_1_AC2_D_B__240V_
Westinghouse_Solar__WLW_235_1_AC3_B_B__240V_,Westinghouse_Solar__WLW_235_1_AC3_B_B__240V_
Westinghouse_Solar__WLW_240_1_AC0_D_B__208V_,Westinghouse_Solar__WLW_240_1_AC0_D_B__208V_
Westinghouse_Solar__WLW_240_1_AC0_D_B__240V_,Westinghouse_Solar__WLW_240_1_AC0_D_B__240V_
Westinghouse_Solar__WLW_240_1_AC1_A_B__240V_,Westinghouse_Solar__WLW_240_1_AC1_A_B__240V_
Westinghouse_Solar__WLW_240_1_AC2_D_B__208V_,Westinghouse_Solar__WLW_240_1_AC2_D_B__208V_
Westinghouse_Solar__WLW_240_1_AC2_D_B__240V_,Westinghouse_Solar__WLW_240_1_AC2_D_B__240V_
Westinghouse_Solar__WLW_240_1_AC3_B_B__240V_,Westinghouse_Solar__WLW_240_1_AC3_B_B__240V_
Westinghouse_Solar__WS_175_1AC1_A_A__240V_,Westinghouse_Solar__WS_175_1AC1_A_A__240V_
Westinghouse_Solar__WS_175_1AC3_B_A__240V_,Westinghouse_Solar__WS_175_1AC3_B_A__240V_
Westinghouse_Solar__WS_185_1AC1_A_A__240V_,Westinghouse_Solar__WS_185_1AC1_A_A__240V_
Westinghouse_Solar__WS_185_1AC1_A_B__240V_,Westinghouse_Solar__WS_185_1AC1_A_B__240V_
Westinghouse_Solar__WS_185_1AC3_B_A__208V_,Westinghouse_Solar__WS_185_1AC3_B_A__208V_
Westinghouse_Solar__WS_185_1AC3_B_B__208V_,Westinghouse_Solar__WS_185_1AC3_B_B__208V_
Westinghouse_Solar__WS_190_1AC1_A_B__240V_,Westinghouse_Solar__WS_190_1AC1_A_B__240V_
Westinghouse_Solar__WS_190_1AC3_B_B__240V_,Westinghouse_Solar__WS_190_1AC3_B_B__240V_
Westinghouse_Solar__WS_195_1AC1_A_B__240V_,Westinghouse_Solar__WS_195_1AC1_A_B__240V_
Westinghouse_Solar__WS_195_1AC3_B_B__208V_,Westinghouse_Solar__WS_195_1AC3_B_B__208V_
Westinghouse_Solar__WTW_240_1_AC2_D_B__208V_,Westinghouse_Solar__WTW_240_1_AC2_D_B__208V_
Westinghouse_Solar__WTW_240_1_AC2_D_B__240V_,Westinghouse_Solar__WTW_240_1_AC2_D_B__240V_
Westinghouse_Solar__WTW_245_1_AC2_D_B__208V_,Westinghouse_Solar__WTW_245_1_AC2_D_B__208V_
Westinghouse_Solar__WTW_245_1_AC2_D_B__240V_,Westinghouse_Solar__WTW_245_1_AC2_D_B__240V_
Westinghouse_Solar__WTW_250_1_AC2_D_B__208V_,Westinghouse_Solar__WTW_250_1_AC2_D_B__208V_
Westinghouse_Solar__WTW_250_1_AC2_D_B__240V_,Westinghouse_Solar__WTW_250_1_AC2_D_B__240V_
Xantrex_Technology__GT2_5_NA_DS_240__240V_,Xantrex_Technology__GT2_5_NA_DS_240__240V_
Xantrex_Technology__GT2_5_NA_DS_240_POS__240V_,Xantrex_Technology__GT2_5_NA_DS_240_POS__240V_
Xantrex_Technology__GT2_8_NA_240_208__208V_,Xantrex_Technology__GT2_8_NA_240_208__208V_
Xantrex_Technology__GT2_8_NA_240_208__240V_,Xantrex_Technology__GT2_8_NA_240_208__240V_
Xantrex_Technology__GT3_0_NA_DS_240__240V_,Xantrex_Technology__GT3_0_NA_DS_240__240V_
Xantrex_Technology__GT3_0_NA_DS_240_POS__240V_,Xantrex_Technology__GT3_0_NA_DS_240_POS__240V_
Xantrex_Technology__GT3_3_NA_DS_208__208V_,Xantrex_Technology__GT3_3_NA_DS_208__208V_
Xantrex_Technology__GT3_3_NA_DS_208_POS__208V_,Xantrex_Technology__GT3_3_NA_DS_208_POS__208V_
Xantrex_Technology__GT3_3_NA_DS_240__240V_,Xantrex_Technology__GT3_3_NA_DS_240__240V_
Xantrex_Technology__GT3_3_NA_DS_240_POS__240V_,Xantrex_Technology__GT3_3_NA_DS_240_POS__240V_
Xantrex_Technology__GT3_3N_NA_240_208__208V_,Xantrex_Technology__GT3_3N_NA_240_208__208V_
Xantrex_Technology__GT3_3N_NA_240_208__240V_,Xantrex_Technology__GT3_3N_NA_240_208__240V_
Xantrex_Technology__GT3_8_NA_240_208_UL_05__208V_,Xantrex_Technology__GT3_8_NA_240_208_UL_05__208V_
Xantrex_Technology__GT3_8_NA_240_208_UL_05__240V_,Xantrex_Technology__GT3_8_NA_240_208_UL_05__240V_
Xantrex_Technology__GT3_8_NA_DS_240__240V_,Xantrex_Technology__GT3_8_NA_DS_240__240V_
Xantrex_Technology__GT3_8_NA_DS_240_POS__240V_,Xantrex_Technology__GT3_8_NA_DS_240_POS__240V_
Xantrex_Technology__GT4_0N_NA_240_208__208V_,Xantrex_Technology__GT4_0N_NA_240_208__208V_
Xantrex_Technology__GT4_0N_NA_240_208__240V_,Xantrex_Technology__GT4_0N_NA_240_208__240V_
Xantrex_Technology__GT5_0_NA_240_208__208V_,Xantrex_Technology__GT5_0_NA_240_208__208V_
Xantrex_Technology__GT5_0_NA_240_208__240V_,Xantrex_Technology__GT5_0_NA_240_208__240V_
Xantrex_Technology__GT5_0_NA_DS_240__240V_,Xantrex_Technology__GT5_0_NA_DS_240__240V_
Xantrex_Technology__PV10_208__208V_,Xantrex_Technology__PV10_208__208V_
Xantrex_Technology__PV10_480__208V_,Xantrex_Technology__PV10_480__208V_
Xantrex_Technology__PV100S_208__208V_,Xantrex_Technology__PV100S_208__208V_
Xantrex_Technology__PV100S_208_HE__208V_,Xantrex_Technology__PV100S_208_HE__208V_
Xantrex_Technology__PV100S_480__480V_,Xantrex_Technology__PV100S_480__480V_
Xantrex_Technology__PV100S_480_HE__480V_,Xantrex_Technology__PV100S_480_HE__480V_
Xantrex_Technology__PV15_208__208V_,Xantrex_Technology__PV15_208__208V_
Xantrex_Technology__PV15_480__208V_,Xantrex_Technology__PV15_480__208V_
Xantrex_Technology__PV20_208__208V_,Xantrex_Technology__PV20_208__208V_
Xantrex_Technology__PV20_480__208V_,Xantrex_Technology__PV20_480__208V_
Xantrex_Technology__PV225S_480__480V_,Xantrex_Technology__PV225S_480__480V_
Xantrex_Technology__PV225S_480_P__480V_,Xantrex_Technology__PV225S_480_P__480V_
Xantrex_Technology__PV30_208__208V_,Xantrex_Technology__PV30_208__208V_
Xantrex_Technology__PV30_480__208V_,Xantrex_Technology__PV30_480__208V_
Xantrex_Technology__PV45_208__208V_,Xantrex_Technology__PV45_208__208V_
Xantrex_Technology__PV45_480__208V_,Xantrex_Technology__PV45_480__208V_
Xiamen_Kehua_Hengsheng_Co___Ltd___SPI50K_BHV__480V_,Xiamen_Kehua_Hengsheng_Co___Ltd___SPI50K_BHV__480V_
Xiamen_Kehua_Hengsheng_Co___Ltd___SPI60K_BHV__480V_,Xiamen_Kehua_Hengsheng_Co___Ltd___SPI60K_BHV__480V_
Xslent_Energy_Technologies__XPX_A1000__120V_,Xslent_Energy_Technologies__XPX_A1000__120V_
Yaskawa_Solectria_Solar__PVI_100_kW_208__208V_,Yaskawa_Solectria_Solar__PVI_100_kW_208__208V_
Yaskawa_Solectria_Solar__PVI_100_kW_240__240V_,Yaskawa_Solectria_Solar__PVI_100_kW_240__240V_
Yaskawa_Solectria_Solar__PVI_100_kW_480__480V_,Yaskawa_Solectria_Solar__PVI_100_kW_480__480V_
Yaskawa_Solectria_Solar__PVI_100_208_PE,Yaskawa_Solectria_Solar__PVI_100_208_PE
Yaskawa_Solectria_Solar__PVI_10kW_208__208V_,Yaskawa_Solectria_Solar__PVI_10kW_208__208V_
Yaskawa_Solectria_Solar__PVI_10kW_480__480V_,Yaskawa_Solectria_Solar__PVI_10kW_480__480V_
Yaskawa_Solectria_Solar__PVI_13_kW_208__208V_,Yaskawa_Solectria_Solar__PVI_13_kW_208__208V_
Yaskawa_Solectria_Solar__PVI_13_kW_480__480V_,Yaskawa_Solectria_Solar__PVI_13_kW_480__480V_
Yaskawa_Solectria_Solar__PVI_14TL_208,Yaskawa_Solectria_Solar__PVI_14TL_208
Yaskawa_Solectria_Solar__PVI_15kW_208__208V_,Yaskawa_Solectria_Solar__PVI_15kW_208__208V_
Yaskawa_Solectria_Solar__PVI_15kW_480__480V_,Yaskawa_Solectria_Solar__PVI_15kW_480__480V_
Yaskawa_Solectria_Solar__PVI_1800_208__208V_,Yaskawa_Solectria_Solar__PVI_1800_208__208V_
Yaskawa_Solectria_Solar__PVI_1800_240__240V_,Yaskawa_Solectria_Solar__PVI_1800_240__240V_
Yaskawa_Solectria_Solar__PVI_20TL_480,Yaskawa_Solectria_Solar__PVI_20TL_480
Yaskawa_Solectria_Solar__PVI_23TL_480,Yaskawa_Solectria_Solar__PVI_23TL_480
Yaskawa_Solectria_Solar__PVI_2500_208__208V_,Yaskawa_Solectria_Solar__PVI_2500_208__208V_
Yaskawa_Solectria_Solar__PVI_2500_240__240V_,Yaskawa_Solectria_Solar__PVI_2500_240__240V_
Yaskawa_Solectria_Solar__PVI_28TL_480,Yaskawa_Solectria_Solar__PVI_28TL_480
Yaskawa_Solectria_Solar__PVI_3000_208__208V_,Yaskawa_Solectria_Solar__PVI_3000_208__208V_
Yaskawa_Solectria_Solar__PVI_3000_240__240V_,Yaskawa_Solectria_Solar__PVI_3000_240__240V_
Yaskawa_Solectria_Solar__PVI_3000_POS_208__208V_,Yaskawa_Solectria_Solar__PVI_3000_POS_208__208V_
Yaskawa_Solectria_Solar__PVI_3000_POS_240__240V_,Yaskawa_Solectria_Solar__PVI_3000_POS_240__240V_
Yaskawa_Solectria_Solar__PVI_3000S__208V_,Yaskawa_Solectria_Solar__PVI_3000S__208V_
Yaskawa_Solectria_Solar__PVI_3000S__240V_,Yaskawa_Solectria_Solar__PVI_3000S__240V_
Yaskawa_Solectria_Solar__PVI_3000S_P__208V_,Yaskawa_Solectria_Solar__PVI_3000S_P__208V_
Yaskawa_Solectria_Solar__PVI_3000S_P__240V_,Yaskawa_Solectria_Solar__PVI_3000S_P__240V_
Yaskawa_Solectria_Solar__PVI_36TL_480,Yaskawa_Solectria_Solar__PVI_36TL_480
Yaskawa_Solectria_Solar__PVI_36TL_480__480V_,Yaskawa_Solectria_Solar__PVI_36TL_480__480V_
Yaskawa_Solectria_Solar__PVI_3800TL__208V_,Yaskawa_Solectria_Solar__PVI_3800TL__208V_
Yaskawa_Solectria_Solar__PVI_3800TL__240V_,Yaskawa_Solectria_Solar__PVI_3800TL__240V_
Yaskawa_Solectria_Solar__PVI_4000_208__208V_,Yaskawa_Solectria_Solar__PVI_4000_208__208V_
Yaskawa_Solectria_Solar__PVI_4000_240__240V_,Yaskawa_Solectria_Solar__PVI_4000_240__240V_
Yaskawa_Solectria_Solar__PVI_4000_POS_208__208V_,Yaskawa_Solectria_Solar__PVI_4000_POS_208__208V_
Yaskawa_Solectria_Solar__PVI_4000_POS_240__240V_,Yaskawa_Solectria_Solar__PVI_4000_POS_240__240V_
Yaskawa_Solectria_Solar__PVI_4000S__208V_,Yaskawa_Solectria_Solar__PVI_4000S__208V_
Yaskawa_Solectria_Solar__PVI_4000S__240V_,Yaskawa_Solectria_Solar__PVI_4000S__240V_
Yaskawa_Solectria_Solar__PVI_4000S_P__208V_,Yaskawa_Solectria_Solar__PVI_4000S_P__208V_
Yaskawa_Solectria_Solar__PVI_4000S_P__240V_,Yaskawa_Solectria_Solar__PVI_4000S_P__240V_
Yaskawa_Solectria_Solar__PVI_50_kW_240,Yaskawa_Solectria_Solar__PVI_50_kW_240
Yaskawa_Solectria_Solar__PVI_50_kW_480__480V_,Yaskawa_Solectria_Solar__PVI_50_kW_480__480V_
Yaskawa_Solectria_Solar__PVI_5000_208__208V_,Yaskawa_Solectria_Solar__PVI_5000_208__208V_
Yaskawa_Solectria_Solar__PVI_5000_240__240V_,Yaskawa_Solectria_Solar__PVI_5000_240__240V_
Yaskawa_Solectria_Solar__PVI_5000_POS_208__208V_,Yaskawa_Solectria_Solar__PVI_5000_POS_208__208V_
Yaskawa_Solectria_Solar__PVI_5000_POS_240__240V_,Yaskawa_Solectria_Solar__PVI_5000_POS_240__240V_
Yaskawa_Solectria_Solar__PVI_5000S__208V_,Yaskawa_Solectria_Solar__PVI_5000S__208V_
Yaskawa_Solectria_Solar__PVI_5000S__240V_,Yaskawa_Solectria_Solar__PVI_5000S__240V_
Yaskawa_Solectria_Solar__PVI_5000S_P__208V_,Yaskawa_Solectria_Solar__PVI_5000S_P__208V_
Yaskawa_Solectria_Solar__PVI_5000S_P__240V_,Yaskawa_Solectria_Solar__PVI_5000S_P__240V_
Yaskawa_Solectria_Solar__PVI_50TL_480__480V_,Yaskawa_Solectria_Solar__PVI_50TL_480__480V_
Yaskawa_Solectria_Solar__PVI_5200TL__208V_,Yaskawa_Solectria_Solar__PVI_5200TL__208V_
Yaskawa_Solectria_Solar__PVI_5200TL__240V_,Yaskawa_Solectria_Solar__PVI_5200TL__240V_
Yaskawa_Solectria_Solar__PVI_5300_208__208V_,Yaskawa_Solectria_Solar__PVI_5300_208__208V_
Yaskawa_Solectria_Solar__PVI_5300_240__240V_,Yaskawa_Solectria_Solar__PVI_5300_240__240V_
Yaskawa_Solectria_Solar__PVI_5300_POS_208__208V_,Yaskawa_Solectria_Solar__PVI_5300_POS_208__208V_
Yaskawa_Solectria_Solar__PVI_5300_POS_240__240V_,Yaskawa_Solectria_Solar__PVI_5300_POS_240__240V_
Yaskawa_Solectria_Solar__PVI_60TL_480__480V_,Yaskawa_Solectria_Solar__PVI_60TL_480__480V_
Yaskawa_Solectria_Solar__PVI_60kW_208__208V_,Yaskawa_Solectria_Solar__PVI_60kW_208__208V_
Yaskawa_Solectria_Solar__PVI_60kW_240,Yaskawa_Solectria_Solar__PVI_60kW_240
Yaskawa_Solectria_Solar__PVI_60kW_480__180V_,Yaskawa_Solectria_Solar__PVI_60kW_480__180V_
Yaskawa_Solectria_Solar__PVI_6500_208__208V_,Yaskawa_Solectria_Solar__PVI_6500_208__208V_
Yaskawa_Solectria_Solar__PVI_6500_240__240V_,Yaskawa_Solectria_Solar__PVI_6500_240__240V_
Yaskawa_Solectria_Solar__PVI_6500_277__277V_,Yaskawa_Solectria_Solar__PVI_6500_277__277V_
Yaskawa_Solectria_Solar__PVI_6600TL__208V_,Yaskawa_Solectria_Solar__PVI_6600TL__208V_
Yaskawa_Solectria_Solar__PVI_6600TL__240V_,Yaskawa_Solectria_Solar__PVI_6600TL__240V_
Yaskawa_Solectria_Solar__PVI_75_kW_208__208V_,Yaskawa_Solectria_Solar__PVI_75_kW_208__208V_
Yaskawa_Solectria_Solar__PVI_75_kW_240__240V_,Yaskawa_Solectria_Solar__PVI_75_kW_240__240V_
Yaskawa_Solectria_Solar__PVI_75_kW_480__480V_,Yaskawa_Solectria_Solar__PVI_75_kW_480__480V_
Yaskawa_Solectria_Solar__PVI_75_kW_480PE,Yaskawa_Solectria_Solar__PVI_75_kW_480PE
Yaskawa_Solectria_Solar__PVI_75_208_PE,Yaskawa_Solectria_Solar__PVI_75_208_PE
Yaskawa_Solectria_Solar__PVI_7500_208__208V_,Yaskawa_Solectria_Solar__PVI_7500_208__208V_
Yaskawa_Solectria_Solar__PVI_7500_240__240V_,Yaskawa_Solectria_Solar__PVI_7500_240__240V_
Yaskawa_Solectria_Solar__PVI_7500_277__277V_,Yaskawa_Solectria_Solar__PVI_7500_277__277V_
Yaskawa_Solectria_Solar__PVI_7600TL__208V_,Yaskawa_Solectria_Solar__PVI_7600TL__208V_
Yaskawa_Solectria_Solar__PVI_7600TL__240V_,Yaskawa_Solectria_Solar__PVI_7600TL__240V_
Yaskawa_Solectria_Solar__PVI_82_kW_208__208V_,Yaskawa_Solectria_Solar__PVI_82_kW_208__208V_
Yaskawa_Solectria_Solar__PVI_82_kW_480__480V_,Yaskawa_Solectria_Solar__PVI_82_kW_480__480V_
Yaskawa_Solectria_Solar__PVI_85_208_PE,Yaskawa_Solectria_Solar__PVI_85_208_PE
Yaskawa_Solectria_Solar__PVI_85kW_208__208V_,Yaskawa_Solectria_Solar__PVI_85kW_208__208V_
Yaskawa_Solectria_Solar__PVI_85kW_240__240V_,Yaskawa_Solectria_Solar__PVI_85kW_240__240V_
Yaskawa_Solectria_Solar__PVI_85kW_480__480V_,Yaskawa_Solectria_Solar__PVI_85kW_480__480V_
Yaskawa_Solectria_Solar__PVI_95kW_208__208V_,Yaskawa_Solectria_Solar__PVI_95kW_208__208V_
Yaskawa_Solectria_Solar__PVI_95kW_480__480V_,Yaskawa_Solectria_Solar__PVI_95kW_480__480V_
Yaskawa_Solectria_Solar__PVI_50_208__208V_,Yaskawa_Solectria_Solar__PVI_50_208__208V_
Yaskawa_Solectria_Solar__SGI_225_480__480V_,Yaskawa_Solectria_Solar__SGI_225_480__480V_
Yaskawa_Solectria_Solar__SGI_250_480__480V_,Yaskawa_Solectria_Solar__SGI_250_480__480V_
Yaskawa_Solectria_Solar__SGI_266_480__480V_,Yaskawa_Solectria_Solar__SGI_266_480__480V_
Yaskawa_Solectria_Solar__SGI_300_480__480V_,Yaskawa_Solectria_Solar__SGI_300_480__480V_
Yaskawa_Solectria_Solar__SGI_499PE__480V_,Yaskawa_Solectria_Solar__SGI_499PE__480V_
Yaskawa_Solectria_Solar__SGI_500_480__480V_,Yaskawa_Solectria_Solar__SGI_500_480__480V_
Yaskawa_Solectria_Solar__SGI_500PE__480V_,Yaskawa_Solectria_Solar__SGI_500PE__480V_
Yaskawa_Solectria_Solar__SGI_500XT,Yaskawa_Solectria_Solar__SGI_500XT
Yaskawa_Solectria_Solar__SGI_500XTM__380V_,Yaskawa_Solectria_Solar__SGI_500XTM__380V_
Yaskawa_Solectria_Solar__SGI_750XTM__380V_,Yaskawa_Solectria_Solar__SGI_750XTM__380V_
Yaskawa_Solectria_Solar__XGI_1000_60__480V_,Yaskawa_Solectria_Solar__XGI_1000_60__480V_
Yaskawa_Solectria_Solar__XGI_1000_65__480V_,Yaskawa_Solectria_Solar__XGI_1000_65__480V_
Yaskawa_Solectria_Solar__XGI_1500_125_125__600V_,Yaskawa_Solectria_Solar__XGI_1500_125_125__600V_
Yaskawa_Solectria_Solar__XGI_1500_125_150__600V_,Yaskawa_Solectria_Solar__XGI_1500_125_150__600V_
Yaskawa_Solectria_Solar__XGI_1500_150_166__600V_,Yaskawa_Solectria_Solar__XGI_1500_150_166__600V_
Yaskawa_Solectria_Solar__XGI_1500_166_166__600V_,Yaskawa_Solectria_Solar__XGI_1500_166_166__600V_
Yes!_Solar__ES3000__208V_,Yes!_Solar__ES3000__208V_
Yes!_Solar__ES3000__240V_,Yes!_Solar__ES3000__240V_
Yes!_Solar__ES3000P__208V_,Yes!_Solar__ES3000P__208V_
Yes!_Solar__ES3000P__240V_,Yes!_Solar__ES3000P__240V_
Yes!_Solar__ES4000__208V_,Yes!_Solar__ES4000__208V_
Yes!_Solar__ES4000__240V_,Yes!_Solar__ES4000__240V_
Yes!_Solar__ES4000P__208V_,Yes!_Solar__ES4000P__208V_
Yes!_Solar__ES4000P__240V_,Yes!_Solar__ES4000P__240V_
Yes!_Solar__ES5000__208V_,Yes!_Solar__ES5000__208V_
Yes!_Solar__ES5000__240V_,Yes!_Solar__ES5000__240V_
Yes!_Solar__ES5000P__208V_,Yes!_Solar__ES5000P__208V_
Yes!_Solar__ES5000P__240V_,Yes!_Solar__ES5000P__240V_
Yes!_Solar__ES5400__208V_,Yes!_Solar__ES5400__208V_
Yes!_Solar__ES5400__240V_,Yes!_Solar__ES5400__240V_
Yes!_Solar__ES5400P__208V_,Yes!_Solar__ES5400P__208V_
Yes!_Solar__ES5400P__240V_,Yes!_Solar__ES5400P__240V_
Zhongli_Talesun_Solar__TAC208_240__208V_,Zhongli_Talesun_Solar__TAC208_240__208V_
Zhongli_Talesun_Solar__TAC208_240__240V_,Zhongli_Talesun_Solar__TAC208_240__240V_
Zigor__SUNZET_4_TL_US__240V_,Zigor__SUNZET_4_TL_US__240V_
Zigor__SUNZET_5_TL_US__240V_,Zigor__SUNZET_5_TL_US__240V_
Zigor__SUNZET4_USA__240V_,Zigor__SUNZET4_USA__240V_
Zigor__Sunzet_2_TL_US__240V_,Zigor__Sunzet_2_TL_US__240V_
Zigor__Sunzet_3_TL_US__240V_,Zigor__Sunzet_3_TL_US__240V_
i_Energy__GT260__240V_,i_Energy__GT260__240V_
iPower__SHO_1_1__120V_,iPower__SHO_1_1__120V_
iPower__SHO_2_0__240V_,iPower__SHO_2_0__240V_
iPower__SHO_2_5__240V_,iPower__SHO_2_5__240V_
iPower__SHO_3_0__240V_,iPower__SHO_3_0__240V_
iPower__SHO_3_5__240V_,iPower__SHO_3_5__240V_
iPower__SHO_4_6__208V_,iPower__SHO_4_6__208V_
iPower__SHO_4_8__240V_,iPower__SHO_4_8__240V_
iPower__SHO_5_2__240V_,iPower__SHO_5_2__240V_
