,costs,emissions
0,12942.82,2403015.9699999997
1,4711.07,3208820.61
2,4390.5599999999995,3746023.7000000007
3,4116.28,4283226.78
4,4000.4,5089031.43
