,costs,emissions
0,36627.07,1589737.4300000002
1,4288.54,1812548.9400000002
2,4180.22,2035360.4600000002
3,4114.58,2258171.98
4,4092.12,2480983.4700000007
