,costs,emissions
0,36158.39,1615410.6800000002
1,3293.48,2234668.7199999997
2,3231.08,2853926.8000000003
