,costs,emissions
0,388912.59,1961193.12
1,4904.83,2899544.6100000003
2,4520.539999999999,3525112.28
3,4172.96,4150679.93
4,4000.4,5089031.43
